;START_OF_HEADER
;HEADER_VERSION:0.1
;FLAVOR:Griffin
;GENERATOR.NAME:Cura_SteamEngine
;GENERATOR.VERSION:5.7.0
;GENERATOR.BUILD_DATE:2024-04-02
;TARGET_MACHINE.NAME:Ultimaker S5
;EXTRUDER_TRAIN.0.INITIAL_TEMPERATURE:205
;EXTRUDER_TRAIN.0.MATERIAL.VOLUME_USED:6735
;EXTRUDER_TRAIN.0.MATERIAL.GUID:44a029e6-e31b-4c9e-a12f-9282e29a92ff
;EXTRUDER_TRAIN.0.NOZZLE.DIAMETER:0.4
;EXTRUDER_TRAIN.0.NOZZLE.NAME:AA 0.4
;BUILD_PLATE.INITIAL_TEMPERATURE:60
;BUILD_VOLUME.TEMPERATURE:28
;PRINT.TIME:1443
;PRINT.GROUPS:1
;PRINT.SIZE.MIN.X:107.801
;PRINT.SIZE.MIN.Y:90.105
;PRINT.SIZE.MIN.Z:0.2
;PRINT.SIZE.MAX.X:330
;PRINT.SIZE.MAX.Y:237
;PRINT.SIZE.MAX.Z:20.001
;SLICE_UUID:2d02d0c9-1ca2-44f0-9a3a-5934a8773741
;END_OF_HEADER
;Generated with Cura_SteamEngine 5.7.0
T0
M82 ;absolute extrusion mode

G92 E0
M190 S60
M109 S205
G280 S1
G0 Z20.001
G1 F2700 E-6.5
;LAYER_COUNT:50
G0 F9000 X330 Y237
;LAYER:0
M106 S255
M204 S1500
M205 X30 Y30
G1 F600 Z2.2
G0 F9000 X160.358 Y138.627 Z2.2
;TYPE:SKIRT
G1 F600 Z0.2
G1 F2700 E0
G1 F1800 X159.307 Y140.237 E0.02411
G1 X157.594 Y141.91 E0.05414
G1 X154.83 Y143.147 E0.09211
G1 X114.135 Y143.146 E0.60244
G1 X112.196 Y142.561 E0.62784
G1 X110.967 Y141.848 E0.64566
G1 X109.062 Y139.94 E0.67947
G1 X107.801 Y137.167 E0.71767
G1 X107.802 Y96.654 E1.22572
G1 X108.285 Y94.626 E1.25186
G1 X109.336 Y93.016 E1.27597
G1 X111.05 Y91.342 E1.30602
G1 X113.814 Y90.105 E1.34399
G1 X154.398 Y90.106 E1.85293
G1 X156.317 Y90.597 E1.87777
G1 X157.935 Y91.651 E1.90199
G1 X159.597 Y93.337 E1.93168
G1 X160.842 Y96.099 E1.96967
G1 X160.841 Y136.599 E2.47755
G1 X160.358 Y138.627 E2.5037
G0 F9000 X159.985 Y138.466
G1 F1800 X158.994 Y139.984 E2.52643
G1 X157.366 Y141.574 E2.55497
G1 X154.745 Y142.747 E2.59098
G1 X114.194 Y142.746 E3.0995
G1 X112.357 Y142.192 E3.12356
G1 X111.213 Y141.528 E3.14015
G1 X109.396 Y139.708 E3.1724
G1 X108.201 Y137.08 E3.20861
G1 X108.202 Y96.701 E3.71497
G1 X108.658 Y94.787 E3.73965
G1 X109.649 Y93.269 E3.76238
G1 X111.278 Y91.678 E3.79094
G1 X113.899 Y90.505 E3.82695
G1 X154.346 Y90.506 E4.33417
G1 X156.156 Y90.969 E4.3576
G1 X157.679 Y91.961 E4.38039
G1 X159.262 Y93.567 E4.40867
G1 X160.442 Y96.185 E4.44468
G1 X160.441 Y136.552 E4.9509
G1 X159.985 Y138.466 E4.97557
G0 F9000 X159.612 Y138.305
G1 F1800 X158.681 Y139.731 E4.99693
G1 X157.138 Y141.238 E5.02397
G1 X154.66 Y142.347 E5.05802
G1 X114.254 Y142.346 E5.56473
G1 X112.517 Y141.822 E5.58748
G1 X111.459 Y141.208 E5.60282
G1 X109.73 Y139.476 E5.63351
G1 X108.601 Y136.993 E5.66771
G1 X108.602 Y96.748 E6.1724
G1 X109.031 Y94.948 E6.1956
G1 X109.962 Y93.522 E6.21696
G1 X111.506 Y92.014 E6.24403
G1 X113.984 Y90.905 E6.27807
G1 X154.294 Y90.906 E6.78357
G1 X155.995 Y91.341 E6.80559
G1 X157.423 Y92.271 E6.82696
G1 X158.927 Y93.797 E6.85383
G1 X160.042 Y96.271 E6.88786
G1 X160.041 Y136.505 E7.39241
G1 X159.612 Y138.305 E7.41562
G0 F9000 X159.239 Y138.144
G1 F1800 X158.368 Y139.478 E7.43559
G1 X156.91 Y140.902 E7.46115
G1 X154.575 Y141.947 E7.49323
G1 X114.314 Y141.946 E7.99812
G1 X112.677 Y141.452 E8.01956
G1 X111.705 Y140.888 E8.03366
G1 X110.064 Y139.244 E8.06279
G1 X109.001 Y136.906 E8.09499
G1 X109.002 Y96.795 E8.598
G1 X109.404 Y95.109 E8.61974
G1 X110.275 Y93.775 E8.63971
G1 X111.734 Y92.35 E8.66529
G1 X114.069 Y91.305 E8.69737
G1 X154.242 Y91.306 E9.20115
G1 X155.834 Y91.713 E9.22176
G1 X157.167 Y92.581 E9.24171
G1 X158.592 Y94.027 E9.26717
G1 X159.642 Y96.357 E9.29922
G1 X159.641 Y136.458 E9.8021
G1 X159.239 Y138.144 E9.82383
G0 F9000 X158.866 Y137.983
G1 F1800 X158.055 Y139.225 E9.84244
G1 X156.682 Y140.566 E9.8665
G1 X154.49 Y141.547 E9.89662
G1 X114.374 Y141.546 E10.39969
G1 X112.837 Y141.082 E10.41982
G1 X111.951 Y140.568 E10.43267
G1 X110.398 Y139.012 E10.46024
G1 X109.401 Y136.819 E10.49045
G1 X109.402 Y96.842 E10.99177
G1 X109.777 Y95.27 E11.01204
G1 X110.588 Y94.028 E11.03064
G1 X111.962 Y92.686 E11.05473
G1 X114.154 Y91.705 E11.08484
G1 X154.19 Y91.706 E11.58691
G1 X155.673 Y92.085 E11.6061
G1 X156.911 Y92.891 E11.62463
G1 X158.257 Y94.257 E11.64868
G1 X159.242 Y96.443 E11.67874
G1 X159.241 Y136.411 E12.17996
G1 X158.866 Y137.983 E12.20022
G0 F9000 X158.493 Y137.822
G1 F1800 X157.744 Y138.969 E12.2174
G1 X156.452 Y140.231 E12.24005
G1 X154.405 Y141.147 E12.26818
G1 X114.434 Y141.146 E12.76943
G1 X112.997 Y140.712 E12.78825
G1 X112.197 Y140.248 E12.79985
G1 X110.732 Y138.78 E12.82586
G1 X109.801 Y136.732 E12.85407
G1 X109.802 Y96.889 E13.35371
G1 X110.15 Y95.431 E13.37251
G1 X110.899 Y94.284 E13.38969
G1 X112.192 Y93.021 E13.41236
G1 X114.239 Y92.105 E13.44048
G1 X154.138 Y92.106 E13.94083
G1 X155.512 Y92.457 E13.95861
G1 X156.655 Y93.201 E13.97572
G1 X157.922 Y94.487 E13.99835
G1 X158.842 Y96.529 E14.02644
G1 X158.841 Y136.364 E14.52599
G1 X158.493 Y137.822 E14.54478
G0 F9000 X158.12 Y137.661
G1 F1800 X157.433 Y138.713 E14.56054
G1 X156.222 Y139.896 E14.58177
G1 X154.32 Y140.747 E14.6079
G1 X114.494 Y140.746 E15.10733
G1 X113.157 Y140.342 E15.12485
G1 X112.443 Y139.928 E15.1352
G1 X111.066 Y138.548 E15.15965
G1 X110.201 Y136.645 E15.18586
G1 X110.202 Y96.936 E15.68383
G1 X110.523 Y95.592 E15.70115
G1 X111.21 Y94.54 E15.71691
G1 X112.422 Y93.356 E15.73816
G1 X114.324 Y92.505 E15.76429
G1 X154.086 Y92.506 E16.26292
G1 X155.351 Y92.829 E16.27929
G1 X156.399 Y93.511 E16.29497
G1 X157.587 Y94.717 E16.3162
G1 X158.442 Y96.615 E16.34231
G1 X158.441 Y136.317 E16.84018
G1 X158.12 Y137.661 E16.85751
G0 F9000 X157.747 Y137.5
G1 F1800 X157.122 Y138.457 E16.87185
G1 X155.992 Y139.561 E16.89166
G1 X154.235 Y140.347 E16.91579
G1 X114.554 Y140.346 E17.41341
G1 X113.317 Y139.972 E17.42962
G1 X112.689 Y139.608 E17.43872
G1 X111.4 Y138.316 E17.4616
G1 X110.601 Y136.558 E17.48582
G1 X110.602 Y96.983 E17.98211
G1 X110.896 Y95.753 E17.99796
G1 X111.521 Y94.796 E18.0123
G1 X112.652 Y93.691 E18.03213
G1 X114.409 Y92.905 E18.05627
G1 X154.034 Y92.906 E18.55318
G1 X155.19 Y93.201 E18.56814
G1 X156.143 Y93.821 E18.5824
G1 X157.252 Y94.947 E18.60222
G1 X158.042 Y96.701 E18.62634
G1 X158.041 Y136.27 E19.12255
G1 X157.747 Y137.5 E19.13841
G0 F9000 X157.374 Y137.339
G1 F1800 X156.811 Y138.201 E19.15132
G1 X155.762 Y139.226 E19.16971
G1 X154.15 Y139.947 E19.19186
G1 X114.614 Y139.946 E19.68765
G1 X113.433 Y139.589 E19.70312
G1 X112.972 Y139.326 E19.70978
G1 X111.735 Y138.086 E19.73174
G1 X111.001 Y136.471 E19.75399
G1 X111.002 Y97.03 E20.2486
G1 X111.269 Y95.914 E20.26299
G1 X111.832 Y95.052 E20.2759
G1 X112.882 Y94.026 E20.29431
G1 X114.494 Y93.305 E20.31645
G1 X153.982 Y93.306 E20.81165
G1 X155.029 Y93.573 E20.8252
G1 X155.887 Y94.131 E20.83803
G1 X156.917 Y95.177 E20.85644
G1 X157.642 Y96.787 E20.87858
G1 X157.641 Y136.223 E21.37313
G1 X157.374 Y137.339 E21.38752
G0 F9000 X157.001 Y137.178
G1 F1800 X156.5 Y137.945 E21.399
G1 X155.532 Y138.891 E21.41598
G1 X154.065 Y139.547 E21.43613
G1 X114.674 Y139.546 E21.93011
G1 X113.549 Y139.206 E21.94485
G1 X113.255 Y139.044 E21.94905
G1 X112.07 Y137.856 E21.9701
G1 X111.401 Y136.384 E21.99037
G1 X111.402 Y97.077 E22.4833
G1 X111.642 Y96.075 E22.49622
G1 X112.143 Y95.308 E22.50771
G1 X113.112 Y94.361 E22.5247
G1 X114.579 Y93.705 E22.54485
G1 X153.93 Y93.706 E23.03833
G1 X154.868 Y93.945 E23.05047
G1 X155.631 Y94.441 E23.06188
G1 X156.582 Y95.407 E23.07888
G1 X157.242 Y96.873 E23.09904
G1 X157.241 Y136.176 E23.59191
G1 X157.001 Y137.178 E23.60483
G0 F9000 X156.628 Y137.017
G1 F1800 X156.189 Y137.689 E23.6149
G1 X155.302 Y138.556 E23.63045
G1 X153.98 Y139.147 E23.64861
G1 X114.734 Y139.146 E24.14077
G1 X113.665 Y138.823 E24.15478
G1 X113.498 Y138.722 E24.15722
G1 X112.405 Y137.626 E24.17664
G1 X111.801 Y136.297 E24.19494
G1 X111.802 Y97.124 E24.68619
G1 X112.015 Y96.236 E24.69764
G1 X112.454 Y95.564 E24.7077
G1 X113.342 Y94.696 E24.72328
G1 X114.664 Y94.105 E24.74144
G1 X153.878 Y94.106 E25.23319
G1 X154.707 Y94.317 E25.24392
G1 X155.375 Y94.751 E25.25391
G1 X156.247 Y95.637 E25.2695
G1 X156.842 Y96.959 E25.28768
G1 X156.841 Y136.129 E25.77889
G1 X156.628 Y137.017 E25.79034
G0 F9000 X156.255 Y136.856
G1 F1800 X155.909 Y137.403 E25.79845
G1 X155.072 Y138.221 E25.81313
G1 X153.895 Y138.747 E25.8293
G1 X114.794 Y138.746 E26.31964
G1 X113.781 Y138.44 E26.33291
G1 X112.739 Y137.395 E26.35142
G1 X112.201 Y136.211 E26.36772
G1 X112.202 Y97.171 E26.8573
G1 X112.388 Y96.397 E26.86728
G1 X112.734 Y95.85 E26.8754
G1 X113.572 Y95.031 E26.89009
G1 X114.749 Y94.505 E26.90626
G1 X153.826 Y94.506 E27.3963
G1 X154.545 Y94.689 E27.4056
G1 X155.09 Y95.032 E27.41368
G1 X155.912 Y95.867 E27.42837
G1 X156.442 Y97.045 E27.44457
G1 X156.441 Y136.082 E27.93411
G1 X156.255 Y136.856 E27.94409
G0 F9000 X155.868 Y136.757
G1 F1800 X155.629 Y137.117 E27.94951
G1 X154.842 Y137.886 E27.96331
G1 X153.81 Y138.347 E27.97749
G1 X114.854 Y138.346 E28.46601
G1 X113.992 Y138.086 E28.4773
G1 X113.073 Y137.164 E28.49362
G1 X112.601 Y136.125 E28.50793
G1 X112.602 Y97.171 E28.99643
G1 X112.775 Y96.496 E29.00517
G1 X113.014 Y96.136 E29.01059
G1 X113.802 Y95.366 E29.02441
G1 X114.834 Y94.905 E29.03858
G1 X153.774 Y94.906 E29.5269
G1 X154.446 Y95.077 E29.5356
G1 X154.805 Y95.313 E29.54099
G1 X155.577 Y96.097 E29.55478
G1 X156.042 Y97.131 E29.569
G1 X156.041 Y136.082 E30.05746
G1 X155.868 Y136.757 E30.0662
G0 F9000 X155.529 Y136.544
G1 F1800 X155.349 Y136.831 E30.07045
G1 X154.612 Y137.551 E30.08337
G1 X153.725 Y137.947 E30.09555
G1 X114.913 Y137.946 E30.58227
G1 X114.203 Y137.732 E30.59157
G1 X113.407 Y136.933 E30.60571
G1 X113.001 Y136.039 E30.61802
G1 X113.002 Y97.171 E31.10544
G1 X113.114 Y96.709 E31.1114
G1 X113.294 Y96.422 E31.11565
G1 X114.032 Y95.701 E31.12859
G1 X114.919 Y95.305 E31.14077
G1 X153.774 Y95.306 E31.62803
G1 X154.235 Y95.417 E31.63397
G1 X154.52 Y95.594 E31.63818
G1 X155.242 Y96.327 E31.65108
G1 X155.642 Y97.217 E31.66332
G1 X155.641 Y136.082 E32.1507
G1 X155.529 Y136.544 E32.15666
G0 F9000 X155.181 Y136.348
G1 F1800 X155.07 Y136.545 E32.1595
G1 X154.384 Y137.215 E32.17152
G1 X153.64 Y137.547 E32.18174
G1 X114.913 Y137.546 E32.66739
G1 X114.414 Y137.378 E32.67399
G1 X113.741 Y136.702 E32.68596
G1 X113.401 Y135.953 E32.69627
G1 X113.402 Y97.212 E33.1821
G1 X113.462 Y96.905 E33.18602
G1 X113.573 Y96.708 E33.18886
G1 X114.26 Y96.037 E33.2009
G1 X115.004 Y95.705 E33.21112
G1 X153.733 Y95.706 E33.69679
G1 X154.04 Y95.766 E33.70071
G1 X154.235 Y95.875 E33.70352
G1 X154.907 Y96.557 E33.71552
G1 X155.242 Y97.303 E33.72578
G1 X155.241 Y136.041 E34.21157
G1 X155.181 Y136.348 E34.21549
G0 F9000 X154.791 Y136.259
G1 F1800 X154.105 Y136.929 E34.22751
G1 X153.64 Y137.147 E34.23395
G1 X114.913 Y137.146 E34.71961
G1 X114.697 Y137.096 E34.72239
G1 X114.024 Y136.42 E34.73435
G1 X113.801 Y135.953 E34.74084
G1 X113.802 Y97.212 E35.22666
G1 X113.852 Y96.994 E35.22947
G1 X114.539 Y96.323 E35.24151
G1 X115.004 Y96.105 E35.24795
G1 X153.733 Y96.106 E35.73363
G1 X153.95 Y96.156 E35.73642
G1 X154.622 Y96.838 E35.74843
G1 X154.842 Y97.303 E35.75488
G1 X154.841 Y136.041 E36.24067
G1 X154.791 Y136.259 E36.24347
G0 F9000 X154.041 Y135.907
G1 F1800 X153.556 Y136.347 E36.25168
G1 X115.046 Y136.346 E36.73461
G1 X114.601 Y135.866 E36.74282
G1 X114.602 Y97.346 E37.22588
G1 X115.088 Y96.905 E37.23411
G1 X153.599 Y96.906 E37.71705
G1 X154.042 Y97.389 E37.72527
G1 X154.041 Y135.907 E38.2083
G0 F9000 X154.441 Y136.041
G1 F1800 X153.825 Y136.643 E38.2191
G1 X153.64 Y136.747 E38.22176
G1 X114.913 Y136.746 E38.70741
G1 X114.308 Y136.138 E38.71817
G1 X114.201 Y135.953 E38.72085
G1 X114.202 Y97.212 E39.20667
G1 X114.819 Y96.609 E39.21749
G1 X115.004 Y96.505 E39.22016
G1 X153.733 Y96.506 E39.70583
G1 X154.337 Y97.119 E39.71662
G1 X154.442 Y97.303 E39.71928
G1 X154.441 Y136.041 E40.20507
;MESH:square.stl
G0 F9000 X153.277 Y135.583
G0 X153.389 Y135.796
;TYPE:WALL-OUTER
G1 F1800 X153.488 Y135.697 E40.207
G1 X153.491 Y97.554 E40.73316
G1 X153.391 Y97.457 E40.73508
G1 X115.253 Y97.453 E41.26117
G1 X115.153 Y97.554 E41.26313
G1 X115.148 Y135.698 E41.78931
G1 X115.249 Y135.796 E41.79125
G1 X153.389 Y135.796 E42.31737
G0 F9000 X153.488 Y135.697
G0 X153.488 Y135.037
G0 X153.088 Y135.395
;TYPE:WALL-INNER
G1 F1800 X153.09 Y97.857 E42.80929
G1 X115.553 Y97.854 E43.3012
G1 X115.549 Y135.395 E43.79316
G1 X153.088 Y135.395 E44.2851
G0 F9000 X152.768 Y135.072
;TYPE:SKIN
G1 F1800 X152.768 Y98.176 E44.74663
G1 X115.872 Y98.173 E45.20817
G1 X115.869 Y135.072 E45.66974
G1 X152.768 Y135.072 E46.13131
G1 F2700 E39.63131
G0 F9000 X153.068 Y135.073
G0 X153.069 Y98.829
G0 X152.568 Y98.828
G1 F2700 E46.13131
G1 F1800 X152.116 Y98.376 E46.1393
G0 F9000 X151.55 Y98.376
G1 F1800 X152.568 Y99.394 E46.15731
G0 F9000 X152.568 Y99.959
G1 F1800 X150.984 Y98.376 E46.18533
G0 F9000 X150.419 Y98.376
G1 F1800 X152.568 Y100.525 E46.22334
G0 F9000 X152.568 Y101.091
G1 F1800 X149.853 Y98.376 E46.27137
G0 F9000 X149.287 Y98.376
G1 F1800 X152.568 Y101.656 E46.32941
G0 F9000 X152.568 Y102.222
G1 F1800 X148.722 Y98.376 E46.39744
G0 F9000 X148.156 Y98.376
G1 F1800 X152.568 Y102.788 E46.47549
G0 F9000 X152.568 Y103.354
G1 F1800 X147.59 Y98.376 E46.56356
G0 F9000 X147.024 Y98.376
G1 F1800 X152.568 Y103.919 E46.66162
G0 F9000 X152.568 Y104.485
G1 F1800 X146.459 Y98.376 E46.76969
G0 F9000 X145.893 Y98.376
G1 F1800 X152.568 Y105.051 E46.88778
G0 F9000 X152.568 Y105.616
G1 F1800 X145.327 Y98.376 E47.01586
G0 F9000 X144.762 Y98.376
G1 F1800 X152.568 Y106.182 E47.15396
G0 F9000 X152.568 Y106.748
G1 F1800 X144.196 Y98.376 E47.30206
G0 F9000 X143.63 Y98.376
G1 F1800 X152.568 Y107.313 E47.46017
G0 F9000 X152.568 Y107.879
G1 F1800 X143.065 Y98.376 E47.62828
G0 F9000 X142.499 Y98.376
G1 F1800 X152.568 Y108.445 E47.80641
G0 F9000 X152.568 Y109.01
G1 F1800 X141.933 Y98.376 E47.99453
G0 F9000 X141.368 Y98.376
G1 F1800 X152.568 Y109.576 E48.19267
G0 F9000 X152.568 Y110.142
G1 F1800 X140.802 Y98.376 E48.40081
G0 F9000 X140.236 Y98.375
G1 F1800 X152.568 Y110.707 E48.61897
G0 F9000 X152.568 Y111.273
G1 F1800 X139.67 Y98.375 E48.84714
G0 F9000 X139.104 Y98.375
G1 F1800 X152.568 Y111.839 E49.08533
G0 F9000 X152.568 Y112.405
G1 F1800 X138.538 Y98.375 E49.33352
G0 F9000 X137.973 Y98.375
G1 F1800 X152.568 Y112.97 E49.59171
G0 F9000 X152.568 Y113.536
G1 F1800 X137.407 Y98.375 E49.85992
G0 F9000 X136.841 Y98.375
G1 F1800 X152.568 Y114.102 E50.13814
G0 F9000 X152.568 Y114.667
G1 F1800 X136.276 Y98.375 E50.42635
G0 F9000 X135.71 Y98.375
G1 F1800 X152.568 Y115.233 E50.72457
G0 F9000 X152.568 Y115.799
G1 F1800 X135.144 Y98.375 E51.03281
G0 F9000 X134.579 Y98.375
G1 F1800 X152.568 Y116.364 E51.35105
G0 F9000 X152.568 Y116.93
G1 F1800 X134.013 Y98.375 E51.67929
G0 F9000 X133.447 Y98.375
G1 F1800 X152.568 Y117.496 E52.01755
G0 F9000 X152.568 Y118.061
G1 F1800 X132.882 Y98.375 E52.3658
G0 F9000 X132.316 Y98.375
G1 F1800 X152.568 Y118.627 E52.72407
G0 F9000 X152.568 Y119.193
G1 F1800 X131.75 Y98.375 E53.09235
G0 F9000 X131.185 Y98.375
G1 F1800 X152.568 Y119.758 E53.47062
G0 F9000 X152.568 Y120.324
G1 F1800 X130.619 Y98.375 E53.85891
G0 F9000 X130.053 Y98.375
G1 F1800 X152.568 Y120.89 E54.25721
G0 F9000 X152.568 Y121.455
G1 F1800 X129.488 Y98.375 E54.66551
G0 F9000 X128.922 Y98.375
G1 F1800 X152.568 Y122.021 E55.08381
G0 F9000 X152.568 Y122.587
G1 F1800 X128.356 Y98.375 E55.51213
G0 F9000 X127.79 Y98.374
G1 F1800 X152.568 Y123.153 E55.95048
G0 F9000 X152.568 Y123.718
G1 F1800 X127.224 Y98.374 E56.39882
G0 F9000 X126.658 Y98.374
G1 F1800 X152.568 Y124.284 E56.85718
G0 F9000 X152.568 Y124.85
G1 F1800 X126.093 Y98.374 E57.32554
G0 F9000 X125.527 Y98.374
G1 F1800 X152.568 Y125.415 E57.80391
G0 F9000 X152.568 Y125.981
G1 F1800 X124.961 Y98.374 E58.29229
G0 F9000 X124.396 Y98.374
G1 F1800 X152.568 Y126.547 E58.79067
G0 F9000 X152.568 Y127.112
G1 F1800 X123.83 Y98.374 E59.29906
G0 F9000 X123.264 Y98.374
G1 F1800 X152.568 Y127.678 E59.81746
G0 F9000 X152.568 Y128.244
G1 F1800 X122.699 Y98.374 E60.34587
G0 F9000 X122.133 Y98.374
G1 F1800 X152.568 Y128.809 E60.88427
G0 F9000 X152.568 Y129.375
G1 F1800 X121.567 Y98.374 E61.43269
G0 F9000 X121.002 Y98.374
G1 F1800 X152.568 Y129.941 E61.99112
G0 F9000 X152.568 Y130.506
G1 F1800 X120.436 Y98.374 E62.55955
G0 F9000 X119.87 Y98.374
G1 F1800 X152.568 Y131.072 E63.13799
G0 F9000 X152.568 Y131.638
G1 F1800 X119.304 Y98.374 E63.72644
G0 F9000 X118.739 Y98.374
G1 F1800 X152.568 Y132.204 E64.3249
G0 F9000 X152.568 Y132.769
G1 F1800 X118.173 Y98.374 E64.93336
G0 F9000 X117.607 Y98.374
G1 F1800 X152.568 Y133.335 E65.55184
G0 F9000 X152.568 Y133.901
G1 F1800 X117.042 Y98.374 E66.18032
G0 F9000 X116.476 Y98.374
G1 F1800 X152.568 Y134.466 E66.8188
G0 F9000 X152.408 Y134.872
G1 F1800 X116.072 Y98.535 E67.46161
G0 F9000 X116.072 Y99.101
G1 F1800 X151.843 Y134.872 E68.09441
G0 F9000 X151.277 Y134.872
G1 F1800 X116.072 Y99.667 E68.71721
G0 F9000 X116.072 Y100.232
G1 F1800 X150.711 Y134.872 E69.32999
G0 F9000 X150.146 Y134.872
G1 F1800 X116.072 Y100.798 E69.93278
G0 F9000 X116.072 Y101.364
G1 F1800 X149.58 Y134.872 E70.52555
G0 F9000 X149.014 Y134.872
G1 F1800 X116.072 Y101.929 E71.10831
G0 F9000 X116.072 Y102.495
G1 F1800 X148.449 Y134.872 E71.68108
G0 F9000 X147.883 Y134.872
G1 F1800 X116.072 Y103.061 E72.24383
G0 F9000 X116.072 Y103.626
G1 F1800 X147.317 Y134.872 E72.79657
G0 F9000 X146.752 Y134.872
G1 F1800 X116.072 Y104.192 E73.33932
G0 F9000 X116.072 Y104.758
G1 F1800 X146.186 Y134.872 E73.87205
G0 F9000 X145.62 Y134.872
G1 F1800 X116.072 Y105.324 E74.39476
G0 F9000 X116.071 Y105.889
G1 F1800 X145.054 Y134.872 E74.90748
G0 F9000 X144.489 Y134.872
G1 F1800 X116.071 Y106.454 E75.41021
G0 F9000 X116.071 Y107.02
G1 F1800 X143.923 Y134.872 E75.90292
G0 F9000 X143.357 Y134.872
G1 F1800 X116.071 Y107.586 E76.38562
G0 F9000 X116.071 Y108.151
G1 F1800 X142.792 Y134.872 E76.85833
G0 F9000 X142.226 Y134.872
G1 F1800 X116.071 Y108.717 E77.32102
G0 F9000 X116.071 Y109.283
G1 F1800 X141.66 Y134.872 E77.7737
G0 F9000 X141.095 Y134.872
G1 F1800 X116.071 Y109.848 E78.21639
G0 F9000 X116.071 Y110.414
G1 F1800 X140.529 Y134.872 E78.64906
G0 F9000 X139.963 Y134.872
G1 F1800 X116.071 Y110.98 E79.07172
G0 F9000 X116.071 Y111.545
G1 F1800 X139.398 Y134.872 E79.48439
G0 F9000 X138.832 Y134.872
G1 F1800 X116.071 Y112.111 E79.88704
G0 F9000 X116.071 Y112.677
G1 F1800 X138.266 Y134.872 E80.27968
G0 F9000 X137.701 Y134.872
G1 F1800 X116.07 Y113.242 E80.66233
G0 F9000 X116.07 Y113.807
G1 F1800 X137.135 Y134.872 E81.03498
G0 F9000 X136.569 Y134.872
G1 F1800 X116.07 Y114.373 E81.39761
G0 F9000 X116.07 Y114.939
G1 F1800 X136.004 Y134.872 E81.75025
G0 F9000 X135.438 Y134.872
G1 F1800 X116.07 Y115.504 E82.09287
G0 F9000 X116.07 Y116.07
G1 F1800 X134.872 Y134.872 E82.42549
G0 F9000 X134.306 Y134.872
G1 F1800 X116.07 Y116.636 E82.74809
G0 F9000 X116.07 Y117.202
G1 F1800 X133.741 Y134.872 E83.06069
G0 F9000 X133.175 Y134.872
G1 F1800 X116.07 Y117.767 E83.36329
G0 F9000 X116.07 Y118.333
G1 F1800 X132.609 Y134.872 E83.65587
G0 F9000 X132.044 Y134.872
G1 F1800 X116.07 Y118.899 E83.93845
G0 F9000 X116.07 Y119.464
G1 F1800 X131.478 Y134.872 E84.21102
G0 F9000 X130.912 Y134.872
G1 F1800 X116.07 Y120.03 E84.47358
G0 F9000 X116.069 Y120.595
G1 F1800 X130.347 Y134.872 E84.72616
G0 F9000 X129.781 Y134.872
G1 F1800 X116.069 Y121.161 E84.96872
G0 F9000 X116.069 Y121.726
G1 F1800 X129.215 Y134.872 E85.20128
G0 F9000 X128.65 Y134.872
G1 F1800 X116.069 Y122.292 E85.42383
G0 F9000 X116.069 Y122.858
G1 F1800 X128.084 Y134.872 E85.63637
G0 F9000 X127.518 Y134.872
G1 F1800 X116.069 Y123.423 E85.83891
G0 F9000 X116.069 Y123.989
G1 F1800 X126.953 Y134.872 E86.03144
G0 F9000 X126.387 Y134.872
G1 F1800 X116.069 Y124.555 E86.21397
G0 F9000 X116.069 Y125.12
G1 F1800 X125.821 Y134.872 E86.38648
G0 F9000 X125.255 Y134.872
G1 F1800 X116.069 Y125.686 E86.54899
G0 F9000 X116.069 Y126.252
G1 F1800 X124.69 Y134.872 E86.70149
G0 F9000 X124.124 Y134.872
G1 F1800 X116.069 Y126.817 E86.84398
G0 F9000 X116.069 Y127.383
G1 F1800 X123.558 Y134.872 E86.97647
G0 F9000 X122.993 Y134.872
G1 F1800 X116.069 Y127.948 E87.09896
G0 F9000 X116.069 Y128.514
G1 F1800 X122.427 Y134.872 E87.21143
G0 F9000 X121.861 Y134.872
G1 F1800 X116.069 Y129.08 E87.31389
G0 F9000 X116.069 Y129.645
G1 F1800 X121.296 Y134.872 E87.40636
G0 F9000 X120.73 Y134.872
G1 F1800 X116.069 Y130.211 E87.48882
G0 F9000 X116.069 Y130.777
G1 F1800 X120.164 Y134.872 E87.56126
G0 F9000 X119.599 Y134.872
G1 F1800 X116.069 Y131.342 E87.62371
G0 F9000 X116.069 Y131.908
G1 F1800 X119.033 Y134.872 E87.67614
G0 F9000 X118.467 Y134.872
G1 F1800 X116.069 Y132.474 E87.71856
G0 F9000 X116.069 Y133.039
G1 F1800 X117.902 Y134.872 E87.75099
G0 F9000 X117.336 Y134.872
G1 F1800 X116.069 Y133.605 E87.7734
G0 F9000 X116.069 Y134.171
G1 F1800 X116.77 Y134.872 E87.7858
G0 F9000 X116.205 Y134.872
G1 F1800 X116.069 Y134.736 E87.78821
;MESH:NONMESH
G0 F600 X116.069 Y134.736 Z0.4
G0 F9000 X115.57 Y134.735
G0 X115.421 Y135.526
G0 X115.248 Y136.156
;TIME_ELAPSED:244.985255
;LAYER:1
M205 X50 Y50
;TYPE:WALL-OUTER
;MESH:square.stl
G1 F1800 X153.415 Y136.148 E88.26684
G1 X153.698 Y136 E88.27084
G1 X153.852 Y135.696 E88.27512
G1 X153.844 Y97.529 E88.75375
G1 X153.696 Y97.245 E88.75776
G1 X153.395 Y97.092 E88.762
G1 X115.225 Y97.1 E89.24066
G1 X114.942 Y97.248 E89.24467
G1 X114.788 Y97.552 E89.24894
G1 X114.796 Y135.719 E89.72757
G1 X114.944 Y136.002 E89.73157
G1 X115.248 Y136.156 E89.73585
M204 S3500
G0 F9000 X116.048 Y136.156
G0 X115.344 Y135.756
;TYPE:WALL-INNER
G1 F1909.1 X121.707 Y135.755 E89.82362
G1 F2181.8 X128.979 Y135.754 E89.92393
G1 F2454.5 X137.16 Y135.752 E90.03679
G1 F2727.3 X146.25 Y135.75 E90.16218
G1 F3000 X153.317 Y135.748 E90.25966
G1 X153.452 Y135.6 E90.26243
G1 X153.452 Y132.868 E90.30011
G1 F3272.7 X153.45 Y121.959 E90.45059
G1 F3545.5 X153.448 Y110.141 E90.61362
G1 F3818.2 X153.444 Y97.627 E90.78624
G1 X153.299 Y97.492 E90.78897
G1 X153.284 Y97.492 E90.78918
G1 F4090.9 X139.648 Y97.494 E90.97728
G1 F4363.6 X125.103 Y97.497 E91.17792
G1 F4636.4 X115.323 Y97.5 E91.31283
G1 X115.188 Y97.647 E91.31558
G1 X115.189 Y103.121 E91.39109
G1 F4909.1 X115.192 Y119.484 E91.61681
G1 F5181.8 X115.196 Y135.621 E91.83941
G1 X115.344 Y135.756 E91.84217
G0 F9000 X115.516 Y135.431
;TYPE:SKIN
G1 F5428.6 X116.495 Y135.431 E91.85507
G1 F5714.3 X135.542 Y135.43 E92.10586
G1 F6000 X153.127 Y135.428 E92.33741
G1 X153.124 Y97.813 E92.8327
G1 X115.509 Y97.816 E93.328
G1 X115.516 Y135.431 E93.82329
G1 F2700 E87.32329
G0 F9000 X115.71 Y98.12
G1 F2700 E93.82329
G1 F6000 X115.814 Y98.015 E93.82523
G0 F9000 X116.38 Y98.015
G1 F6000 X115.71 Y98.685 E93.83771
G0 F9000 X115.71 Y99.251
G1 F6000 X116.946 Y98.015 E93.86073
G0 F9000 X117.511 Y98.015
G1 F6000 X115.71 Y99.817 E93.89427
G0 F9000 X115.71 Y100.382
G1 F6000 X118.077 Y98.015 E93.93835
G0 F9000 X118.643 Y98.015
G1 F6000 X115.71 Y100.948 E93.99297
G0 F9000 X115.71 Y101.514
G1 F6000 X119.208 Y98.015 E94.05811
G0 F9000 X119.774 Y98.015
G1 F6000 X115.71 Y102.079 E94.13379
G0 F9000 X115.71 Y102.644
G1 F6000 X120.34 Y98.015 E94.22
G0 F9000 X120.905 Y98.015
G1 F6000 X115.71 Y103.21 E94.31674
G0 F9000 X115.71 Y103.776
G1 F6000 X121.471 Y98.015 E94.42402
G0 F9000 X122.037 Y98.015
G1 F6000 X115.71 Y104.341 E94.54183
G0 F9000 X115.71 Y104.907
G1 F6000 X122.602 Y98.015 E94.67017
G0 F9000 X123.168 Y98.015
G1 F6000 X115.711 Y105.472 E94.80903
G0 F9000 X115.711 Y106.038
G1 F6000 X123.734 Y98.015 E94.95843
G0 F9000 X124.299 Y98.015
G1 F6000 X115.711 Y106.603 E95.11835
G0 F9000 X115.711 Y107.169
G1 F6000 X124.865 Y98.015 E95.28881
G0 F9000 X125.432 Y98.014
G1 F6000 X115.711 Y107.735 E95.46983
G0 F9000 X115.711 Y108.3
G1 F6000 X125.997 Y98.014 E95.66137
G0 F9000 X126.563 Y98.014
G1 F6000 X115.711 Y108.866 E95.86345
G0 F9000 X115.712 Y109.431
G1 F6000 X127.129 Y98.014 E96.07605
G0 F9000 X127.694 Y98.014
G1 F6000 X115.712 Y109.997 E96.29918
G0 F9000 X115.712 Y110.563
G1 F6000 X128.26 Y98.014 E96.53286
G0 F9000 X128.826 Y98.014
G1 F6000 X115.712 Y111.128 E96.77706
G0 F9000 X115.712 Y111.694
G1 F6000 X129.391 Y98.014 E97.03179
G0 F9000 X129.957 Y98.014
G1 F6000 X115.712 Y112.26 E97.29706
G0 F9000 X115.712 Y112.825
G1 F6000 X130.523 Y98.014 E97.57287
G0 F9000 X131.088 Y98.014
G1 F6000 X115.712 Y113.39 E97.85919
G0 F9000 X115.712 Y113.956
G1 F6000 X131.654 Y98.014 E98.15605
G0 F9000 X132.22 Y98.014
G1 F6000 X115.712 Y114.522 E98.46346
G0 F9000 X115.712 Y115.087
G1 F6000 X132.785 Y98.014 E98.78138
G0 F9000 X133.351 Y98.014
G1 F6000 X115.712 Y115.653 E99.10985
G0 F9000 X115.712 Y116.219
G1 F6000 X133.917 Y98.014 E99.44885
G0 F9000 X134.483 Y98.013
G1 F6000 X115.713 Y116.784 E99.79839
G0 F9000 X115.713 Y117.349
G1 F6000 X135.049 Y98.013 E100.15845
G0 F9000 X135.615 Y98.013
G1 F6000 X115.713 Y117.915 E100.52906
G0 F9000 X115.713 Y118.481
G1 F6000 X136.18 Y98.013 E100.91019
G0 F9000 X136.746 Y98.013
G1 F6000 X115.713 Y119.046 E101.30186
G0 F9000 X115.713 Y119.612
G1 F6000 X137.312 Y98.013 E101.70407
G0 F9000 X137.877 Y98.013
G1 F6000 X115.713 Y120.178 E102.1168
G0 F9000 X115.714 Y120.743
G1 F6000 X138.443 Y98.013 E102.54006
G0 F9000 X139.009 Y98.013
G1 F6000 X115.714 Y121.308 E102.97385
G0 F9000 X115.714 Y121.874
G1 F6000 X139.574 Y98.013 E103.41816
G0 F9000 X140.14 Y98.013
G1 F6000 X115.714 Y122.44 E103.87302
G0 F9000 X115.714 Y123.005
G1 F6000 X140.706 Y98.013 E104.33841
G0 F9000 X141.271 Y98.013
G1 F6000 X115.714 Y123.571 E104.81433
G0 F9000 X115.714 Y124.136
G1 F6000 X141.837 Y98.013 E105.30078
G0 F9000 X142.403 Y98.013
G1 F6000 X115.714 Y124.702 E105.79777
G0 F9000 X115.714 Y125.268
G1 F6000 X142.969 Y98.013 E106.3053
G0 F9000 X143.534 Y98.013
G1 F6000 X115.714 Y125.833 E106.82335
G0 F9000 X115.714 Y126.399
G1 F6000 X144.101 Y98.013 E107.35195
G0 F9000 X144.666 Y98.013
G1 F6000 X115.714 Y126.965 E107.89108
G0 F9000 X115.714 Y127.53
G1 F6000 X145.232 Y98.013 E108.44074
G0 F9000 X145.798 Y98.013
G1 F6000 X115.715 Y128.095 E109.00092
G0 F9000 X115.715 Y128.661
G1 F6000 X146.363 Y98.013 E109.57163
G0 F9000 X146.929 Y98.013
G1 F6000 X115.715 Y129.227 E110.15288
G0 F9000 X115.715 Y129.792
G1 F6000 X147.495 Y98.013 E110.74466
G0 F9000 X148.06 Y98.013
G1 F6000 X115.715 Y130.358 E111.34698
G0 F9000 X115.715 Y130.924
G1 F6000 X148.626 Y98.013 E111.95983
G0 F9000 X149.192 Y98.013
G1 F6000 X115.715 Y131.489 E112.58321
G0 F9000 X115.716 Y132.054
G1 F6000 X149.757 Y98.013 E113.21711
G0 F9000 X150.323 Y98.013
G1 F6000 X115.716 Y132.62 E113.86154
G0 F9000 X115.716 Y133.186
G1 F6000 X150.889 Y98.013 E114.51651
G0 F9000 X151.454 Y98.013
G1 F6000 X115.716 Y133.751 E115.18201
G0 F9000 X115.716 Y134.317
G1 F6000 X152.02 Y98.013 E115.85804
G0 F9000 X152.586 Y98.013
G1 F6000 X115.716 Y134.883 E116.54462
G0 F9000 X115.934 Y135.231
G1 F6000 X152.924 Y98.24 E117.23344
G0 F9000 X152.924 Y98.806
G1 F6000 X116.499 Y135.231 E117.91173
G0 F9000 X117.065 Y135.231
G1 F6000 X152.924 Y99.372 E118.57947
G0 F9000 X152.924 Y99.938
G1 F6000 X117.631 Y135.231 E119.23668
G0 F9000 X118.196 Y135.231
G1 F6000 X152.924 Y100.503 E119.88337
G0 F9000 X152.924 Y101.069
G1 F6000 X118.762 Y135.231 E120.51952
G0 F9000 X119.328 Y135.231
G1 F6000 X152.924 Y101.635 E121.14513
G0 F9000 X152.924 Y102.2
G1 F6000 X119.893 Y135.231 E121.76021
G0 F9000 X120.459 Y135.231
G1 F6000 X152.924 Y102.766 E122.36476
G0 F9000 X152.924 Y103.332
G1 F6000 X121.025 Y135.231 E122.95877
G0 F9000 X121.591 Y135.231
G1 F6000 X152.924 Y103.897 E123.54224
G0 F9000 X152.924 Y104.463
G1 F6000 X122.156 Y135.231 E124.11519
G0 F9000 X122.722 Y135.231
G1 F6000 X152.924 Y105.029 E124.6776
G0 F9000 X152.924 Y105.594
G1 F6000 X123.288 Y135.231 E125.22947
G0 F9000 X123.853 Y135.231
G1 F6000 X152.924 Y106.16 E125.77082
G0 F9000 X152.924 Y106.726
G1 F6000 X124.419 Y135.231 E126.30162
G0 F9000 X124.985 Y135.231
G1 F6000 X152.924 Y107.291 E126.8219
G0 F9000 X152.925 Y107.856
G1 F6000 X125.551 Y135.23 E127.33164
G0 F9000 X126.117 Y135.23
G1 F6000 X152.925 Y108.422 E127.83085
G0 F9000 X152.925 Y108.988
G1 F6000 X126.682 Y135.23 E128.31952
G0 F9000 X127.248 Y135.23
G1 F6000 X152.925 Y109.553 E128.79767
G0 F9000 X152.925 Y110.119
G1 F6000 X127.814 Y135.23 E129.26527
G0 F9000 X128.379 Y135.23
G1 F6000 X152.925 Y110.685 E129.72235
G0 F9000 X152.925 Y111.251
G1 F6000 X128.945 Y135.23 E130.16888
G0 F9000 X129.511 Y135.23
G1 F6000 X152.925 Y111.816 E130.60489
G0 F9000 X152.925 Y112.382
G1 F6000 X130.077 Y135.23 E131.03035
G0 F9000 X130.642 Y135.23
G1 F6000 X152.925 Y112.948 E131.44528
G0 F9000 X152.925 Y113.513
G1 F6000 X131.208 Y135.23 E131.84969
G0 F9000 X131.774 Y135.23
G1 F6000 X152.925 Y114.079 E132.24355
G0 F9000 X152.925 Y114.645
G1 F6000 X132.339 Y135.23 E132.62688
G0 F9000 X132.905 Y135.23
G1 F6000 X152.925 Y115.21 E132.99969
G0 F9000 X152.925 Y115.776
G1 F6000 X133.471 Y135.23 E133.36195
G0 F9000 X134.036 Y135.23
G1 F6000 X152.925 Y116.342 E133.71368
G0 F9000 X152.925 Y116.907
G1 F6000 X134.603 Y135.229 E134.05486
G0 F9000 X135.168 Y135.229
G1 F6000 X152.925 Y117.472 E134.38553
G0 F9000 X152.925 Y118.038
G1 F6000 X135.734 Y135.229 E134.70565
G0 F9000 X136.3 Y135.229
G1 F6000 X152.925 Y118.604 E135.01523
G0 F9000 X152.925 Y119.169
G1 F6000 X136.865 Y135.229 E135.31429
G0 F9000 X137.431 Y135.229
G1 F6000 X152.925 Y119.735 E135.60281
G0 F9000 X152.925 Y120.301
G1 F6000 X137.997 Y135.229 E135.88079
G0 F9000 X138.563 Y135.229
G1 F6000 X152.925 Y120.866 E136.14825
G0 F9000 X152.925 Y121.432
G1 F6000 X139.128 Y135.229 E136.40517
G0 F9000 X139.694 Y135.229
G1 F6000 X139.957 Y134.966 E136.41006
G1 F5714.3 X152.925 Y121.998 E136.65155
G0 F9000 X152.925 Y122.564
G1 F5714.3 X152.425 Y123.064 E136.66086
G1 F5428.6 X140.26 Y135.229 E136.88739
G0 F9000 X140.825 Y135.229
G1 F5428.6 X141.455 Y134.599 E136.89912
G1 F5142.9 X152.925 Y123.129 E137.11271
G0 F9000 X152.925 Y123.695
G1 F5142.9 X152.274 Y124.346 E137.12483
G1 F4857.1 X141.391 Y135.229 E137.32749
G0 F9000 X141.957 Y135.229
G1 F4857.1 X142.522 Y134.664 E137.33801
G1 F4571.4 X152.925 Y124.261 E137.53173
G0 F9000 X152.925 Y124.826
G1 F4571.4 X142.522 Y135.229 E137.72545
G0 F9000 X143.088 Y135.229
G1 F4571.4 X143.39 Y134.927 E137.73107
G1 F4285.7 X152.925 Y125.392 E137.90863
G0 F9000 X152.926 Y125.957
G1 F4285.7 X152.36 Y126.523 E137.91917
G1 F4000 X143.654 Y135.229 E138.08129
G0 F9000 X144.22 Y135.229
G1 F4000 X152.926 Y126.523 E138.24341
G0 F9000 X152.926 Y127.088
G1 F4000 X152.36 Y127.654 E138.25395
G1 F3714.3 X144.786 Y135.229 E138.395
G0 F9000 X145.351 Y135.229
G1 F3714.3 X152.926 Y127.654 E138.53605
G0 F9000 X152.926 Y128.22
G1 F3714.3 X152.36 Y128.786 E138.54659
G1 F3428.6 X145.917 Y135.229 E138.66657
G0 F9000 X146.483 Y135.229
G1 F3428.6 X152.926 Y128.785 E138.78656
G0 F9000 X152.926 Y129.351
G1 F3428.6 X152.36 Y129.917 E138.7971
G1 F3142.9 X147.049 Y135.229 E138.89601
G0 F9000 X147.614 Y135.229
G1 F3142.9 X152.926 Y129.917 E138.99492
G0 F9000 X152.926 Y130.482
G1 F3142.9 X152.36 Y131.049 E139.00547
G1 F2857.1 X148.18 Y135.229 E139.08331
G0 F9000 X148.746 Y135.229
G1 F2857.1 X152.926 Y131.048 E139.16116
G0 F9000 X152.926 Y131.614
G1 F2857.1 X152.36 Y132.18 E139.1717
G1 F2571.4 X149.311 Y135.229 E139.22848
G0 F9000 X149.877 Y135.229
G1 F2571.4 X152.926 Y132.179 E139.28526
G0 F9000 X152.926 Y132.745
G1 F2571.4 X152.36 Y133.311 E139.2958
G1 F2285.7 X150.443 Y135.229 E139.33151
G0 F9000 X151.008 Y135.229
G1 F2285.7 X152.926 Y133.311 E139.36722
G0 F9000 X152.926 Y133.877
G1 F2285.7 X152.36 Y134.443 E139.37776
G1 F2000 X151.574 Y135.229 E139.3924
G0 F9000 X152.14 Y135.229
G1 F2000 X152.926 Y134.442 E139.40705
G0 F9000 X152.926 Y135.008
M205 X30 Y30
G1 F2000 X152.705 Y135.229 E139.41116
M204 S1500
G0 F9000 X152.706 Y135.151
G1 F2700 E132.91116
;MESH:NONMESH
G0 F600 X152.706 Y135.151 Z0.6
G0 F9000 X115.467 Y135.488
G0 X115.277 Y136.308
;TIME_ELAPSED:294.286660
;LAYER:2
M205 X50 Y50
;TYPE:WALL-OUTER
;MESH:square.stl
G1 F2700 E139.41116
G1 F1800 X153.395 Y136.304 E139.88918
G1 X153.626 Y136.245 E139.89216
G1 X153.885 Y136.027 E139.89641
G1 X154.004 Y135.775 E139.89991
G1 X154 Y97.549 E140.37927
G1 X153.941 Y97.319 E140.38225
G1 X153.72 Y97.059 E140.38653
G1 X153.467 Y96.94 E140.39004
G1 X115.246 Y96.944 E140.86934
G1 X115.009 Y97.005 E140.87241
G1 X114.705 Y97.305 E140.87777
G1 X114.636 Y97.581 E140.88133
G1 X114.64 Y135.702 E141.35939
G1 X114.701 Y135.938 E141.36244
G1 X114.998 Y136.239 E141.36775
G1 X115.277 Y136.308 E141.37135
M204 S3500
G0 F9000 X116.077 Y136.308
G1 F2700 E134.87135
G0 F9000 X116.077 Y135.608
G0 X153.297 Y135.613
G0 X153.411 Y135.904
;TYPE:WALL-INNER
G1 F2700 E141.37135
G1 F6000 X153.604 Y135.686 E141.37537
G1 X153.6 Y97.535 E141.90164
G1 X153.378 Y97.34 E141.90571
G1 X115.211 Y97.344 E142.4322
G1 X115.036 Y97.513 E142.43556
G1 X115.04 Y135.734 E142.9628
G1 X115.205 Y135.908 E142.9661
G1 X153.411 Y135.904 E143.49313
G1 F2700 E136.99313
G0 F9000 X153.297 Y135.613
G0 X115.36 Y135.587
;TYPE:SKIN
G1 F2700 E143.49313
G1 F6000 X153.283 Y135.584 E143.99248
G1 X153.273 Y97.66 E144.49184
G1 X115.357 Y97.665 E144.99109
G1 X115.36 Y135.587 E145.49043
G0 F9000 X116.153 Y135.386
G1 F6000 X115.559 Y134.792 E145.50149
G0 F9000 X115.559 Y134.227
G1 F6000 X116.719 Y135.386 E145.52308
G0 F9000 X117.284 Y135.386
G1 F6000 X115.559 Y133.661 E145.5552
G0 F9000 X115.559 Y133.095
G1 F6000 X117.85 Y135.386 E145.59786
G0 F9000 X118.416 Y135.386
G1 F6000 X115.559 Y132.529 E145.65107
G0 F9000 X115.559 Y131.964
G1 F6000 X118.981 Y135.386 E145.71479
G0 F9000 X119.547 Y135.386
G1 F6000 X115.559 Y131.398 E145.78905
G0 F9000 X115.559 Y130.832
G1 F6000 X120.113 Y135.386 E145.87385
G0 F9000 X120.678 Y135.386
G1 F6000 X115.559 Y130.267 E145.96918
G0 F9000 X115.559 Y129.701
G1 F6000 X121.244 Y135.386 E146.07504
G0 F9000 X121.81 Y135.386
G1 F6000 X115.559 Y129.135 E146.19144
G0 F9000 X115.559 Y128.57
G1 F6000 X122.375 Y135.386 E146.31837
G0 F9000 X122.941 Y135.386
G1 F6000 X115.559 Y128.004 E146.45583
G0 F9000 X115.559 Y127.438
G1 F6000 X123.507 Y135.386 E146.60384
G0 F9000 X124.072 Y135.386
G1 F6000 X115.559 Y126.873 E146.76236
G0 F9000 X115.559 Y126.307
G1 F6000 X124.638 Y135.386 E146.93143
G0 F9000 X125.203 Y135.385
G1 F6000 X115.558 Y125.741 E147.11102
G0 F9000 X115.558 Y125.175
G1 F6000 X125.769 Y135.385 E147.30116
G0 F9000 X126.335 Y135.385
G1 F6000 X115.558 Y124.609 E147.50183
G0 F9000 X115.558 Y124.043
G1 F6000 X126.9 Y135.385 E147.71303
G0 F9000 X127.466 Y135.385
G1 F6000 X115.558 Y123.478 E147.93477
G0 F9000 X115.558 Y122.912
G1 F6000 X128.032 Y135.385 E148.16705
G0 F9000 X128.597 Y135.385
G1 F6000 X115.558 Y122.346 E148.40985
G0 F9000 X115.558 Y121.781
G1 F6000 X129.163 Y135.385 E148.66319
G0 F9000 X129.729 Y135.385
G1 F6000 X115.558 Y121.215 E148.92706
G0 F9000 X115.558 Y120.649
G1 F6000 X130.294 Y135.385 E149.20147
G0 F9000 X130.86 Y135.385
G1 F6000 X115.558 Y120.084 E149.48641
G0 F9000 X115.558 Y119.518
G1 F6000 X131.426 Y135.385 E149.78188
G0 F9000 X131.991 Y135.385
G1 F6000 X115.558 Y118.952 E150.08789
G0 F9000 X115.558 Y118.387
G1 F6000 X132.557 Y135.385 E150.40443
G0 F9000 X133.123 Y135.385
G1 F6000 X115.558 Y117.821 E150.73151
G0 F9000 X115.558 Y117.255
G1 F6000 X133.688 Y135.385 E151.06911
G0 F9000 X134.254 Y135.385
G1 F6000 X115.558 Y116.69 E151.41725
G0 F9000 X115.558 Y116.123
G1 F6000 X134.819 Y135.385 E151.77593
G0 F9000 X135.385 Y135.385
G1 F6000 X115.558 Y115.558 E152.14514
G0 F9000 X115.558 Y114.992
G1 F6000 X135.95 Y135.385 E152.52488
G0 F9000 X136.516 Y135.385
G1 F6000 X115.558 Y114.426 E152.91516
G0 F9000 X115.558 Y113.86
G1 F6000 X137.082 Y135.385 E153.31597
G0 F9000 X137.648 Y135.385
G1 F6000 X115.558 Y113.295 E153.72732
G0 F9000 X115.558 Y112.729
G1 F6000 X138.213 Y135.385 E154.1492
G0 F9000 X138.779 Y135.385
G1 F6000 X115.558 Y112.163 E154.58162
G0 F9000 X115.558 Y111.598
G1 F6000 X139.345 Y135.385 E155.02457
G0 F9000 X139.91 Y135.385
G1 F6000 X115.558 Y111.032 E155.47805
G0 F9000 X115.558 Y110.466
G1 F6000 X140.476 Y135.385 E155.94207
G0 F9000 X141.042 Y135.385
G1 F6000 X115.558 Y109.901 E156.41662
G0 F9000 X115.558 Y109.335
G1 F6000 X141.607 Y135.385 E156.9017
G0 F9000 X142.173 Y135.385
G1 F6000 X115.558 Y108.769 E157.39732
G0 F9000 X115.558 Y108.204
G1 F6000 X142.739 Y135.385 E157.90347
G0 F9000 X143.304 Y135.385
G1 F6000 X115.558 Y107.638 E158.42016
G0 F9000 X115.557 Y107.072
G1 F6000 X143.869 Y135.384 E158.94737
G0 F9000 X144.435 Y135.384
G1 F6000 X115.557 Y106.506 E159.48512
G0 F9000 X115.557 Y105.94
G1 F6000 X145.001 Y135.384 E160.03341
G0 F9000 X145.566 Y135.384
G1 F6000 X115.557 Y105.374 E160.59223
G0 F9000 X115.557 Y104.809
G1 F6000 X146.132 Y135.384 E161.16159
G0 F9000 X146.698 Y135.384
G1 F6000 X115.557 Y104.243 E161.74148
G0 F9000 X115.557 Y103.677
G1 F6000 X147.263 Y135.384 E162.3319
G0 F9000 X147.829 Y135.384
G1 F6000 X115.557 Y103.112 E162.93285
G0 F9000 X115.557 Y102.546
G1 F6000 X148.395 Y135.384 E163.54435
G0 F9000 X148.961 Y135.384
G1 F6000 X115.557 Y101.98 E164.16638
G0 F9000 X115.557 Y101.415
G1 F6000 X149.526 Y135.384 E164.79893
G0 F9000 X150.092 Y135.384
G1 F6000 X115.557 Y100.849 E165.44203
G0 F9000 X115.557 Y100.283
G1 F6000 X150.658 Y135.384 E166.09566
G0 F9000 X151.223 Y135.384
G1 F6000 X115.557 Y99.718 E166.75981
G0 F9000 X115.557 Y99.152
G1 F6000 X151.789 Y135.384 E167.43451
G0 F9000 X152.355 Y135.384
G1 F6000 X115.557 Y98.586 E168.11974
G0 F9000 X115.557 Y98.021
G1 F6000 X152.92 Y135.384 E168.8155
G0 F9000 X153.081 Y134.979
G1 F6000 X115.967 Y97.865 E169.50662
G0 F9000 X116.533 Y97.865
G1 F6000 X153.081 Y134.413 E170.18719
G0 F9000 X153.081 Y133.848
G1 F6000 X117.098 Y97.865 E170.85725
G0 F9000 X117.664 Y97.865
G1 F6000 X153.081 Y133.282 E171.51677
G0 F9000 X153.081 Y132.716
G1 F6000 X118.23 Y97.865 E172.16575
G0 F9000 X118.795 Y97.865
G1 F6000 X153.08 Y132.15 E172.80419
G0 F9000 X153.08 Y131.584
G1 F6000 X119.361 Y97.865 E173.43208
G0 F9000 X119.927 Y97.865
G1 F6000 X153.08 Y131.018 E174.04944
G0 F9000 X153.08 Y130.453
G1 F6000 X120.492 Y97.865 E174.65628
G0 F9000 X121.057 Y97.864
G1 F6000 X153.08 Y129.887 E175.2526
G0 F9000 X153.079 Y129.321
G1 F6000 X121.623 Y97.864 E175.83836
G0 F9000 X122.189 Y97.864
G1 F6000 X153.079 Y128.755 E176.41359
G0 F9000 X153.079 Y128.189
G1 F6000 X122.754 Y97.864 E176.97829
G0 F9000 X123.32 Y97.864
G1 F6000 X153.079 Y127.624 E177.53245
G0 F9000 X153.079 Y127.058
G1 F6000 X123.886 Y97.864 E178.07608
G0 F9000 X124.452 Y97.864
G1 F6000 X153.079 Y126.492 E178.60917
G0 F9000 X153.079 Y125.926
G1 F6000 X125.017 Y97.864 E179.13172
G0 F9000 X125.583 Y97.864
G1 F6000 X153.079 Y125.36 E179.64374
G0 F9000 X153.079 Y124.794
G1 F6000 X126.149 Y97.864 E180.14522
G0 F9000 X126.714 Y97.864
G1 F6000 X153.079 Y124.229 E180.63617
G0 F9000 X153.078 Y123.662
G1 F6000 X127.279 Y97.864 E181.11658
G0 F9000 X127.845 Y97.864
G1 F6000 X153.078 Y123.097 E181.58646
G0 F9000 X153.078 Y122.531
G1 F6000 X128.411 Y97.864 E182.04579
G0 F9000 X128.976 Y97.864
G1 F6000 X153.078 Y121.965 E182.4946
G0 F9000 X153.078 Y121.4
G1 F6000 X129.542 Y97.864 E182.93288
G0 F9000 X130.108 Y97.864
G1 F6000 X153.077 Y120.833 E183.36059
G0 F9000 X153.077 Y120.268
G1 F6000 X130.673 Y97.864 E183.77779
G0 F9000 X131.239 Y97.864
G1 F6000 X153.077 Y119.702 E184.18445
G0 F9000 X153.077 Y119.136
G1 F6000 X131.804 Y97.863 E184.58058
G0 F9000 X132.37 Y97.863
G1 F6000 X153.077 Y118.57 E184.96618
G0 F9000 X153.077 Y118.004
G1 F6000 X132.935 Y97.863 E185.34124
G0 F9000 X133.501 Y97.863
G1 F6000 X153.077 Y117.438 E185.70577
G0 F9000 X153.077 Y116.873
G1 F6000 X134.067 Y97.863 E186.05976
G0 F9000 X134.632 Y97.863
G1 F6000 X153.077 Y116.307 E186.40323
G0 F9000 X153.077 Y115.741
G1 F6000 X135.198 Y97.863 E186.73615
G0 F9000 X135.764 Y97.863
G1 F6000 X153.076 Y115.175 E187.05852
G0 F9000 X153.076 Y114.609
G1 F6000 X136.329 Y97.863 E187.37037
G0 F9000 X136.895 Y97.863
G1 F6000 X153.076 Y114.044 E187.67168
G0 F9000 X153.076 Y113.478
G1 F6000 X137.46 Y97.862 E187.96248
G0 F9000 X138.026 Y97.862
G1 F6000 X153.076 Y112.912 E188.24273
G0 F9000 X153.076 Y112.347
G1 F6000 X138.592 Y97.862 E188.51245
G0 F9000 X139.157 Y97.862
G1 F6000 X153.075 Y111.78 E188.77163
G0 F9000 X153.075 Y111.214
G1 F6000 X152.532 Y110.671 E188.78174
G1 F5714.3 X139.723 Y97.862 E189.02026
G0 F9000 X140.289 Y97.862
G1 F5714.3 X140.948 Y98.521 E189.03253
G1 F5428.6 X153.075 Y110.649 E189.25837
G0 F9000 X153.075 Y110.083
G1 F5428.6 X152.408 Y109.416 E189.27079
G1 F5142.9 X140.854 Y97.862 E189.48594
G0 F9000 X141.42 Y97.862
G1 F5142.9 X141.987 Y98.429 E189.4965
G1 F4857.1 X153.075 Y109.517 E189.70297
G0 F9000 X153.074 Y108.951
G1 F4857.1 X141.986 Y97.862 E189.90946
G0 F9000 X142.551 Y97.861
G1 F4857.1 X142.724 Y98.034 E189.91268
G1 F4571.4 X153.074 Y108.385 E190.10542
G0 F9000 X153.074 Y107.82
G1 F4571.4 X152.65 Y107.396 E190.11332
G1 F4285.7 X143.116 Y97.861 E190.29086
G0 F9000 X143.682 Y97.861
G1 F4285.7 X144.248 Y98.428 E190.30141
G1 F4000 X153.074 Y107.254 E190.46577
G0 F9000 X153.074 Y106.688
G1 F4000 X144.248 Y97.861 E190.63013
G0 F9000 X144.813 Y97.861
G1 F4000 X145.379 Y98.427 E190.64067
G1 F3714.3 X153.074 Y106.122 E190.78396
G0 F9000 X153.074 Y105.556
G1 F3714.3 X145.379 Y97.861 E190.92725
G0 F9000 X145.945 Y97.861
G1 F3714.3 X146.511 Y98.427 E190.93779
G1 F3428.6 X153.074 Y104.991 E191.06002
G0 F9000 X153.074 Y104.425
G1 F3428.6 X146.51 Y97.861 E191.18225
G0 F9000 X147.076 Y97.861
G1 F3428.6 X147.643 Y98.428 E191.19281
G1 F3142.9 X153.074 Y103.859 E191.29394
G0 F9000 X153.073 Y103.293
G1 F3142.9 X147.642 Y97.861 E191.39508
G0 F9000 X148.207 Y97.861
G1 F3142.9 X148.773 Y98.427 E191.40562
G1 F2857.1 X153.073 Y102.727 E191.48569
G0 F9000 X153.073 Y102.161
G1 F2857.1 X148.772 Y97.861 E191.56578
G0 F9000 X149.338 Y97.861
G1 F2857.1 X149.904 Y98.427 E191.57632
G1 F2571.4 X153.073 Y101.596 E191.63533
G0 F9000 X153.073 Y101.03
G1 F2571.4 X149.904 Y97.861 E191.69434
G0 F9000 X150.469 Y97.861
G1 F2571.4 X151.036 Y98.428 E191.7049
G1 F2285.7 X153.072 Y100.464 E191.74281
G0 F9000 X153.072 Y99.898
G1 F2285.7 X151.035 Y97.861 E191.78074
G0 F9000 X151.601 Y97.861
G1 F2285.7 X152.167 Y98.427 E191.79128
G1 F2000 X153.072 Y99.332 E191.80813
G0 F9000 X153.072 Y98.767
G1 F2000 X152.167 Y97.861 E191.825
G0 F9000 X152.732 Y97.861
M205 X30 Y30
G1 F2000 X153.072 Y98.201 E191.83133
M204 S1500
G0 F9000 X153.001 Y98.2
G1 F2700 E185.33133
;MESH:NONMESH
G0 F600 X153.001 Y98.2 Z0.8
G0 F9000 X153.312 Y135.607
G0 X153.439 Y136.396
;TIME_ELAPSED:343.968805
;LAYER:3
M205 X50 Y50
;TYPE:WALL-OUTER
;MESH:square.stl
G1 F2700 E191.83133
G1 F1800 X153.871 Y136.184 E191.83736
G1 X154.092 Y135.827 E191.84263
G1 X154.092 Y97.51 E192.32314
G1 X153.881 Y97.078 E192.32917
G1 X153.587 Y96.895 E192.33351
G1 X153.342 Y96.852 E192.33663
G1 X115.198 Y96.852 E192.81497
G1 X114.942 Y96.94 E192.81836
G1 X114.635 Y97.247 E192.82381
G1 X114.548 Y97.499 E192.82715
G1 X114.548 Y135.742 E193.30673
G1 X114.76 Y136.171 E193.31273
G1 X115.114 Y136.396 E193.31799
G1 X153.439 Y136.396 E193.7986
M204 S3500
G0 F9000 X153.871 Y136.184
G0 X154.038 Y135.913
G0 X153.373 Y135.996
;TYPE:WALL-INNER
G1 F1909.1 X153.573 Y135.906 E193.80163
G1 X153.692 Y135.713 E193.80476
G1 X153.692 Y129.796 E193.88638
G1 F2181.8 X153.692 Y122.524 E193.98669
G1 F2454.5 X153.692 Y114.343 E194.09954
G1 F2727.3 X153.692 Y105.253 E194.22493
G1 F3000 X153.692 Y97.576 E194.33083
G1 X153.603 Y97.376 E194.33385
G1 X153.405 Y97.252 E194.33708
G1 X151.535 Y97.252 E194.36287
G1 F3272.7 X140.626 Y97.252 E194.51335
G1 F3545.5 X128.808 Y97.252 E194.67638
G1 F3818.2 X116.081 Y97.252 E194.85194
G1 F4090.9 X115.264 Y97.252 E194.86321
G1 X115.129 Y97.298 E194.86518
G1 X114.948 Y97.567 E194.86965
G1 X114.948 Y109.919 E195.04004
G1 F4363.6 X114.948 Y124.464 E195.24068
G1 F4636.4 X114.948 Y135.675 E195.39532
G1 X115.038 Y135.874 E195.39834
G1 X115.23 Y135.996 E195.40148
G1 X119.027 Y135.996 E195.45385
G1 F4909.1 X135.39 Y135.996 E195.67957
G1 F5181.8 X152.662 Y135.996 E195.91783
G1 F5454.5 X153.373 Y135.996 E195.92764
G0 F9000 X153.372 Y135.676
;TYPE:SKIN
G1 F5714.3 X153.372 Y117.374 E196.16863
G1 F6000 X153.372 Y97.572 E196.42937
G1 X115.268 Y97.572 E196.9311
G1 X115.268 Y135.676 E197.43283
G1 X153.372 Y135.676 E197.93456
G0 F9000 X153.024 Y135.476
G1 F6000 X153.172 Y135.328 E197.93731
G0 F9000 X153.172 Y134.762
G1 F6000 X152.458 Y135.476 E197.95061
G0 F9000 X151.892 Y135.476
G1 F6000 X153.172 Y134.196 E197.97444
G0 F9000 X153.172 Y133.63
G1 F6000 X151.327 Y135.476 E198.00881
G0 F9000 X150.761 Y135.476
G1 F6000 X153.172 Y133.065 E198.05371
G0 F9000 X153.172 Y132.499
G1 F6000 X150.195 Y135.476 E198.10914
G0 F9000 X149.629 Y135.476
G1 F6000 X153.172 Y131.933 E198.17512
G0 F9000 X153.172 Y131.368
G1 F6000 X149.064 Y135.476 E198.25162
G0 F9000 X148.498 Y135.476
G1 F6000 X153.172 Y130.802 E198.33865
G0 F9000 X153.172 Y130.236
G1 F6000 X147.932 Y135.476 E198.43623
G0 F9000 X147.367 Y135.476
G1 F6000 X153.172 Y129.671 E198.54433
G0 F9000 X153.172 Y129.105
G1 F6000 X146.801 Y135.476 E198.66296
G0 F9000 X146.235 Y135.476
G1 F6000 X153.172 Y128.539 E198.79214
G0 F9000 X153.172 Y127.974
G1 F6000 X145.67 Y135.476 E198.93184
G0 F9000 X145.104 Y135.476
G1 F6000 X153.172 Y127.408 E199.08208
G0 F9000 X153.172 Y126.842
G1 F6000 X144.538 Y135.476 E199.24286
G0 F9000 X143.973 Y135.476
G1 F6000 X153.172 Y126.277 E199.41416
G0 F9000 X153.172 Y125.711
G1 F6000 X143.407 Y135.476 E199.59599
G0 F9000 X142.841 Y135.476
G1 F6000 X153.172 Y125.145 E199.78837
G0 F9000 X153.172 Y124.579
G1 F6000 X142.276 Y135.476 E199.99128
G0 F9000 X141.71 Y135.476
G1 F6000 X153.172 Y124.014 E200.20472
G0 F9000 X153.172 Y123.448
G1 F6000 X141.144 Y135.476 E200.4287
G0 F9000 X140.578 Y135.476
G1 F6000 X153.172 Y122.882 E200.66322
G0 F9000 X153.172 Y122.317
G1 F6000 X140.013 Y135.476 E200.90826
G0 F9000 X139.447 Y135.476
G1 F6000 X153.172 Y121.751 E201.16384
G0 F9000 X153.172 Y121.185
G1 F6000 X138.881 Y135.476 E201.42996
G0 F9000 X138.316 Y135.476
G1 F6000 X153.172 Y120.62 E201.7066
G0 F9000 X153.172 Y120.054
G1 F6000 X137.75 Y135.476 E201.99378
G0 F9000 X137.184 Y135.476
G1 F6000 X153.172 Y119.488 E202.2915
G0 F9000 X153.172 Y118.923
G1 F6000 X136.619 Y135.476 E202.59975
G0 F9000 X136.053 Y135.476
G1 F6000 X153.172 Y118.357 E202.91853
G0 F9000 X153.172 Y117.791
G1 F6000 X135.487 Y135.476 E203.24785
G0 F9000 X134.922 Y135.476
G1 F6000 X153.172 Y117.226 E203.58769
G0 F9000 X153.172 Y116.66
G1 F6000 X134.356 Y135.476 E203.93807
G0 F9000 X133.79 Y135.476
G1 F6000 X153.172 Y116.094 E204.29899
G0 F9000 X153.172 Y115.529
G1 F6000 X133.225 Y135.476 E204.67044
G0 F9000 X132.659 Y135.476
G1 F6000 X153.172 Y114.963 E205.05242
G0 F9000 X153.172 Y114.397
G1 F6000 X132.093 Y135.476 E205.44494
G0 F9000 X131.528 Y135.476
G1 F6000 X153.172 Y113.831 E205.848
G0 F9000 X153.172 Y113.266
G1 F6000 X130.962 Y135.476 E206.26158
G0 F9000 X130.396 Y135.476
G1 F6000 X153.172 Y112.7 E206.6857
G0 F9000 X153.172 Y112.134
G1 F6000 X129.83 Y135.476 E207.12037
G0 F9000 X129.265 Y135.476
G1 F6000 X153.172 Y111.569 E207.56555
G0 F9000 X153.172 Y111.003
G1 F6000 X128.699 Y135.476 E208.02127
G0 F9000 X128.133 Y135.476
G1 F6000 X153.172 Y110.437 E208.48754
G0 F9000 X153.172 Y109.872
G1 F6000 X127.568 Y135.476 E208.96432
G0 F9000 X127.002 Y135.476
G1 F6000 X153.172 Y109.306 E209.45165
G0 F9000 X153.172 Y108.74
G1 F6000 X126.436 Y135.476 E209.94951
G0 F9000 X125.871 Y135.476
G1 F6000 X153.172 Y108.175 E210.4579
G0 F9000 X153.172 Y107.609
G1 F6000 X125.305 Y135.476 E210.97682
G0 F9000 X124.739 Y135.476
G1 F6000 X153.172 Y107.043 E211.50629
G0 F9000 X153.172 Y106.478
G1 F6000 X124.174 Y135.476 E212.04627
G0 F9000 X123.608 Y135.476
G1 F6000 X153.172 Y105.912 E212.5968
G0 F9000 X153.172 Y105.346
G1 F6000 X123.042 Y135.476 E213.15787
G0 F9000 X122.477 Y135.476
G1 F6000 X153.172 Y104.78 E213.72946
G0 F9000 X153.172 Y104.215
G1 F6000 X121.911 Y135.476 E214.31159
G0 F9000 X121.345 Y135.476
G1 F6000 X153.172 Y103.649 E214.90426
G0 F9000 X153.172 Y103.083
G1 F6000 X120.779 Y135.476 E215.50746
G0 F9000 X120.214 Y135.476
G1 F6000 X153.172 Y102.518 E216.12119
G0 F9000 X153.172 Y101.952
G1 F6000 X119.648 Y135.476 E216.74546
G0 F9000 X119.082 Y135.476
G1 F6000 X153.172 Y101.386 E217.38026
G0 F9000 X153.172 Y100.821
G1 F6000 X118.517 Y135.476 E218.02559
G0 F9000 X117.951 Y135.476
G1 F6000 X153.172 Y100.255 E218.68146
G0 F9000 X153.172 Y99.689
G1 F6000 X117.385 Y135.476 E219.34787
G0 F9000 X116.82 Y135.476
G1 F6000 X153.172 Y99.124 E220.0248
G0 F9000 X153.172 Y98.558
G1 F6000 X116.254 Y135.476 E220.71226
G0 F9000 X115.688 Y135.476
G1 F6000 X153.172 Y97.992 E221.41027
G0 F9000 X152.827 Y97.772
G1 F6000 X115.468 Y135.131 E222.10595
G0 F9000 X115.468 Y134.565
G1 F6000 X152.261 Y97.772 E222.79109
G0 F9000 X151.696 Y97.772
G1 F6000 X115.468 Y134 E223.46571
G0 F9000 X115.468 Y133.434
G1 F6000 X151.13 Y97.772 E224.12979
G0 F9000 X150.564 Y97.772
G1 F6000 X115.468 Y132.868 E224.78333
G0 F9000 X115.468 Y132.303
G1 F6000 X149.999 Y97.772 E225.42635
G0 F9000 X149.433 Y97.772
G1 F6000 X115.468 Y131.737 E226.05883
G0 F9000 X115.468 Y131.171
G1 F6000 X148.867 Y97.772 E226.68077
G0 F9000 X148.302 Y97.772
G1 F6000 X115.468 Y130.605 E227.29218
G0 F9000 X115.468 Y130.04
G1 F6000 X147.736 Y97.772 E227.89306
G0 F9000 X147.17 Y97.772
G1 F6000 X115.468 Y129.474 E228.4834
G0 F9000 X115.468 Y128.908
G1 F6000 X146.604 Y97.772 E229.0632
G0 F9000 X146.039 Y97.772
G1 F6000 X115.468 Y128.343 E229.63248
G0 F9000 X115.468 Y127.777
G1 F6000 X145.473 Y97.772 E230.19121
G0 F9000 X144.907 Y97.772
G1 F6000 X115.468 Y127.211 E230.73941
G0 F9000 X115.468 Y126.646
G1 F6000 X144.342 Y97.772 E231.27709
G0 F9000 X143.776 Y97.772
G1 F6000 X115.468 Y126.08 E231.80423
G0 F9000 X115.468 Y125.514
G1 F6000 X143.21 Y97.772 E232.32082
G0 F9000 X142.645 Y97.772
G1 F6000 X115.468 Y124.949 E232.8269
G0 F9000 X115.468 Y124.383
G1 F6000 X142.079 Y97.772 E233.32244
G0 F9000 X141.513 Y97.772
G1 F6000 X115.468 Y123.817 E233.80744
G0 F9000 X115.468 Y123.252
G1 F6000 X140.948 Y97.772 E234.28191
G0 F9000 X140.382 Y97.772
G1 F6000 X115.468 Y122.686 E234.74585
G0 F9000 X115.468 Y122.12
G1 F6000 X139.816 Y97.772 E235.19924
G0 F9000 X139.251 Y97.772
G1 F6000 X115.468 Y121.554 E235.64211
G0 F9000 X115.468 Y120.989
G1 F6000 X138.685 Y97.772 E236.07444
G0 F9000 X138.119 Y97.772
G1 F6000 X115.468 Y120.423 E236.49624
G0 F9000 X115.468 Y119.857
G1 F6000 X137.553 Y97.772 E236.9075
G0 F9000 X136.988 Y97.772
G1 F6000 X115.468 Y119.292 E237.30823
G0 F9000 X115.468 Y118.726
G1 F6000 X136.422 Y97.772 E237.69843
G0 F9000 X135.856 Y97.772
G1 F6000 X115.468 Y118.16 E238.07808
G0 F9000 X115.468 Y117.595
G1 F6000 X135.291 Y97.772 E238.44721
G0 F9000 X134.725 Y97.772
G1 F6000 X115.468 Y117.029 E238.80581
G0 F9000 X115.468 Y116.463
G1 F6000 X134.159 Y97.772 E239.15386
G0 F9000 X133.594 Y97.772
G1 F6000 X115.468 Y115.898 E239.4914
G0 F9000 X115.468 Y115.332
G1 F6000 X133.028 Y97.772 E239.81839
G0 F9000 X132.462 Y97.772
G1 F6000 X115.468 Y114.766 E240.13484
G0 F9000 X115.468 Y114.201
G1 F6000 X131.897 Y97.772 E240.44078
G0 F9000 X131.331 Y97.772
G1 F6000 X115.468 Y113.635 E240.73617
G0 F9000 X115.468 Y113.069
G1 F6000 X130.765 Y97.772 E241.02102
G0 F9000 X130.2 Y97.772
G1 F6000 X115.468 Y112.504 E241.29535
G0 F9000 X115.468 Y111.938
G1 F6000 X129.634 Y97.772 E241.55915
G0 F9000 X129.068 Y97.772
G1 F6000 X128.37 Y98.47 E241.57214
G1 F5714.3 X115.468 Y111.372 E241.8124
G0 F9000 X115.468 Y110.806
G1 F5714.3 X116.034 Y110.24 E241.82294
G1 F5428.6 X128.503 Y97.772 E242.05512
G0 F9000 X127.937 Y97.772
G1 F5428.6 X115.468 Y110.241 E242.28731
G0 F9000 X115.468 Y109.675
G1 F5428.6 X115.703 Y109.44 E242.29169
G1 F5142.9 X127.371 Y97.772 E242.50896
G0 F9000 X126.805 Y97.772
G1 F5142.9 X126.352 Y98.225 E242.5174
G1 F4857.1 X115.468 Y109.109 E242.72008
G0 F9000 X115.468 Y108.544
G1 F4857.1 X116.032 Y107.98 E242.73058
G1 F4571.4 X126.24 Y97.772 E242.92067
G0 F9000 X125.674 Y97.772
G1 F4571.4 X125.108 Y98.338 E242.93121
G1 F4285.7 X115.468 Y107.978 E243.11072
G0 F9000 X115.468 Y107.412
G1 F4285.7 X125.108 Y97.772 E243.29023
G0 F9000 X124.543 Y97.772
G1 F4285.7 X124.329 Y97.986 E243.29421
G1 F4000 X115.468 Y106.847 E243.45922
G0 F9000 X115.468 Y106.281
G1 F4000 X116.035 Y105.714 E243.46978
G1 F3714.3 X123.977 Y97.772 E243.61767
G0 F9000 X123.411 Y97.772
G1 F3714.3 X115.468 Y105.715 E243.76558
G0 F9000 X115.468 Y105.15
G1 F3714.3 X116.034 Y104.584 E243.77612
G1 F3428.6 X122.846 Y97.772 E243.90297
G0 F9000 X122.28 Y97.772
G1 F3428.6 X115.468 Y104.584 E244.02982
G0 F9000 X115.468 Y104.018
G1 F3428.6 X116.033 Y103.453 E244.04034
G1 F3142.9 X121.714 Y97.772 E244.14613
G0 F9000 X121.149 Y97.772
G1 F3142.9 X115.468 Y103.453 E244.25192
G0 F9000 X115.468 Y102.887
G1 F3142.9 X116.034 Y102.321 E244.26246
G1 F2857.1 X120.583 Y97.772 E244.34717
G0 F9000 X120.017 Y97.772
G1 F2857.1 X115.468 Y102.321 E244.43188
G0 F9000 X115.468 Y101.755
G1 F2857.1 X116.034 Y101.189 E244.44242
G1 F2571.4 X119.452 Y97.772 E244.50606
G0 F9000 X118.886 Y97.772
G1 F2571.4 X115.468 Y101.19 E244.5697
G0 F9000 X115.468 Y100.624
G1 F2571.4 X116.034 Y100.058 E244.58024
G1 F2285.7 X118.32 Y97.772 E244.62281
G0 F9000 X117.754 Y97.772
G1 F2285.7 X115.468 Y100.058 E244.66538
G0 F9000 X115.468 Y99.493
G1 F2285.7 X116.034 Y98.927 E244.67592
G1 F2000 X117.189 Y97.772 E244.69743
G0 F9000 X116.623 Y97.772
G1 F2000 X115.468 Y98.927 E244.71894
G0 F9000 X115.468 Y98.361
M205 X30 Y30
G1 F2000 X116.057 Y97.772 E244.7299
M204 S1500
G0 F9000 X116.057 Y97.853
G1 F2700 E238.2299
;MESH:NONMESH
G0 F600 X116.057 Y97.853 Z1
G0 F9000 X153.328 Y135.701
G0 X153.416 Y136.436
;TIME_ELAPSED:394.034121
;LAYER:4
M205 X50 Y50
;TYPE:WALL-OUTER
;MESH:square.stl
G1 F2700 E244.7299
G1 F1800 X153.736 Y136.332 E244.73412
G1 X154.025 Y136.04 E244.73928
G1 X154.128 Y135.731 E244.74336
G1 X154.131 Y97.529 E245.22243
G1 X154.024 Y97.209 E245.22666
G1 X153.736 Y96.92 E245.23178
G1 X153.423 Y96.816 E245.23591
G1 X115.224 Y96.816 E245.71494
G1 X114.904 Y96.92 E245.71916
G1 X114.615 Y97.209 E245.72429
G1 X114.512 Y97.517 E245.72836
G1 X114.508 Y135.719 E246.20743
G1 X114.615 Y136.04 E246.21167
G1 X114.905 Y136.333 E246.21684
G1 X115.213 Y136.436 E246.22091
G1 X153.416 Y136.436 E246.69999
M204 S3500
G0 F9000 X153.736 Y136.332
G0 X154.025 Y136.04
G0 X154.041 Y135.99
G0 X153.353 Y136.036
;TYPE:WALL-INNER
G1 F1909.1 X153.52 Y135.982 E246.70241
G1 X153.675 Y135.825 E246.70546
G1 X153.728 Y135.666 E246.70777
G1 X153.728 Y129.867 E246.78776
G1 F2181.8 X153.728 Y122.595 E246.88807
G1 F2454.5 X153.728 Y114.414 E247.00093
G1 F2727.3 X153.729 Y105.324 E247.12632
G1 F3000 X153.731 Y97.595 E247.23293
G1 X153.674 Y97.425 E247.23541
G1 X153.52 Y97.27 E247.23842
G1 X153.359 Y97.216 E247.24076
G1 X151.656 Y97.216 E247.26426
G1 F3272.7 X140.747 Y97.216 E247.41474
G1 F3545.5 X128.929 Y97.216 E247.57776
G1 F3818.2 X116.202 Y97.216 E247.75332
G1 F4090.9 X115.287 Y97.216 E247.76595
G1 X115.119 Y97.271 E247.76838
G1 X114.965 Y97.425 E247.77139
G1 X114.912 Y97.582 E247.77367
G1 X114.911 Y109.743 E247.94143
G1 F4363.6 X114.91 Y124.288 E248.14207
G1 F4636.4 X114.908 Y135.654 E248.29885
G1 X114.965 Y135.825 E248.30134
G1 X115.122 Y135.984 E248.30442
G1 X115.278 Y136.036 E248.30669
G1 X118.798 Y136.036 E248.35525
G1 F4909.1 X135.161 Y136.036 E248.58097
G1 F5181.8 X152.433 Y136.036 E248.81922
G1 F5454.5 X153.353 Y136.036 E248.83191
G1 F2700 E242.33191
G0 F9000 X153.309 Y135.739
G0 X115.348 Y135.716
;TYPE:SKIN
G1 F2700 E248.83191
G1 F6000 X153.325 Y135.716 E249.33197
G1 X153.408 Y135.594 E249.33391
G1 X153.408 Y97.615 E249.834
G1 X153.291 Y97.536 E249.83586
G1 X115.307 Y97.536 E250.33601
G1 X115.232 Y97.646 E250.33776
G1 X115.228 Y135.632 E250.83794
G1 X115.348 Y135.716 E250.83987
G0 F9000 X115.429 Y135.228
G1 F6000 X115.717 Y135.516 E250.84523
G0 F9000 X116.283 Y135.516
G1 F6000 X115.429 Y134.662 E250.86113
G0 F9000 X115.429 Y134.096
G1 F6000 X116.849 Y135.516 E250.88757
G0 F9000 X117.414 Y135.516
G1 F6000 X115.429 Y133.531 E250.92454
G0 F9000 X115.429 Y132.965
G1 F6000 X117.98 Y135.516 E250.97204
G0 F9000 X118.546 Y135.516
G1 F6000 X115.429 Y132.399 E251.03008
G0 F9000 X115.429 Y131.834
G1 F6000 X119.111 Y135.516 E251.09865
G0 F9000 X119.677 Y135.516
G1 F6000 X115.429 Y131.268 E251.17775
G0 F9000 X115.429 Y130.702
G1 F6000 X120.243 Y135.516 E251.2674
G0 F9000 X120.808 Y135.516
G1 F6000 X115.429 Y130.137 E251.36756
G0 F9000 X115.429 Y129.571
G1 F6000 X121.374 Y135.516 E251.47827
G0 F9000 X121.94 Y135.516
G1 F6000 X115.429 Y129.005 E251.59951
G0 F9000 X115.429 Y128.44
G1 F6000 X122.506 Y135.516 E251.73129
G0 F9000 X123.071 Y135.516
G1 F6000 X115.429 Y127.874 E251.87359
G0 F9000 X115.429 Y127.308
G1 F6000 X123.637 Y135.516 E252.02644
G0 F9000 X124.203 Y135.516
G1 F6000 X115.429 Y126.743 E252.18981
G0 F9000 X115.429 Y126.177
G1 F6000 X124.768 Y135.516 E252.36372
G0 F9000 X125.334 Y135.516
G1 F6000 X115.43 Y125.612 E252.54815
G0 F9000 X115.43 Y125.046
G1 F6000 X125.9 Y135.516 E252.74311
G0 F9000 X126.465 Y135.516
G1 F6000 X115.43 Y124.48 E252.94861
G0 F9000 X115.43 Y123.915
G1 F6000 X127.031 Y135.516 E253.16464
G0 F9000 X127.597 Y135.516
G1 F6000 X115.43 Y123.349 E253.39121
G0 F9000 X115.43 Y122.783
G1 F6000 X128.162 Y135.516 E253.62831
G0 F9000 X128.728 Y135.516
G1 F6000 X115.43 Y122.218 E253.87593
G0 F9000 X115.43 Y121.652
G1 F6000 X129.294 Y135.516 E254.1341
G0 F9000 X129.859 Y135.516
G1 F6000 X115.43 Y121.086 E254.4028
G0 F9000 X115.43 Y120.521
G1 F6000 X130.425 Y135.516 E254.68203
G0 F9000 X130.991 Y135.516
G1 F6000 X115.43 Y119.955 E254.9718
G0 F9000 X115.43 Y119.389
G1 F6000 X131.557 Y135.516 E255.27211
G0 F9000 X132.122 Y135.516
G1 F6000 X115.43 Y118.824 E255.58294
G0 F9000 X115.43 Y118.258
G1 F6000 X132.688 Y135.516 E255.90431
G0 F9000 X133.254 Y135.516
G1 F6000 X115.43 Y117.692 E256.23622
G0 F9000 X115.43 Y117.127
G1 F6000 X133.819 Y135.516 E256.57865
G0 F9000 X134.385 Y135.516
G1 F6000 X115.43 Y116.562 E256.93161
G0 F9000 X115.43 Y115.996
G1 F6000 X134.951 Y135.516 E257.29511
G0 F9000 X135.516 Y135.516
G1 F6000 X115.43 Y115.43 E257.66914
G0 F9000 X115.43 Y114.865
G1 F6000 X136.082 Y135.516 E258.05371
G0 F9000 X136.648 Y135.516
G1 F6000 X115.43 Y114.299 E258.44881
G0 F9000 X115.43 Y113.733
G1 F6000 X137.213 Y135.516 E258.85444
G0 F9000 X137.779 Y135.516
G1 F6000 X115.43 Y113.167 E259.27061
G0 F9000 X115.43 Y112.602
G1 F6000 X138.345 Y135.516 E259.69731
G0 F9000 X138.91 Y135.516
G1 F6000 X115.43 Y112.036 E260.13455
G0 F9000 X115.43 Y111.47
G1 F6000 X139.476 Y135.516 E260.58232
G0 F9000 X140.042 Y135.516
G1 F6000 X115.43 Y110.905 E261.04062
G0 F9000 X115.43 Y110.339
G1 F6000 X140.607 Y135.516 E261.50946
G0 F9000 X141.173 Y135.516
G1 F6000 X115.43 Y109.773 E261.98883
G0 F9000 X115.43 Y109.208
G1 F6000 X141.739 Y135.516 E262.47873
G0 F9000 X142.305 Y135.516
G1 F6000 X115.43 Y108.642 E262.97918
G0 F9000 X115.43 Y108.076
G1 F6000 X142.87 Y135.516 E263.49015
G0 F9000 X143.436 Y135.516
G1 F6000 X115.43 Y107.511 E264.01165
G0 F9000 X115.431 Y106.946
G1 F6000 X144.002 Y135.516 E264.54368
G0 F9000 X144.567 Y135.516
G1 F6000 X115.431 Y106.38 E265.08624
G0 F9000 X115.431 Y105.814
G1 F6000 X145.133 Y135.516 E265.63933
G0 F9000 X145.699 Y135.516
G1 F6000 X115.431 Y105.249 E266.20296
G0 F9000 X115.431 Y104.683
G1 F6000 X146.264 Y135.516 E266.77712
G0 F9000 X146.83 Y135.516
G1 F6000 X115.431 Y104.117 E267.36181
G0 F9000 X115.431 Y103.552
G1 F6000 X147.396 Y135.516 E267.95704
G0 F9000 X147.961 Y135.516
G1 F6000 X115.431 Y102.986 E268.5628
G0 F9000 X115.431 Y102.42
G1 F6000 X148.527 Y135.516 E269.17909
G0 F9000 X149.093 Y135.516
G1 F6000 X115.431 Y101.854 E269.80593
G0 F9000 X115.431 Y101.289
G1 F6000 X149.658 Y135.516 E270.44329
G0 F9000 X150.224 Y135.516
G1 F6000 X115.431 Y100.723 E271.09119
G0 F9000 X115.431 Y100.157
G1 F6000 X150.79 Y135.516 E271.74962
G0 F9000 X151.355 Y135.516
G1 F6000 X115.431 Y99.592 E272.41858
G0 F9000 X115.431 Y99.026
G1 F6000 X151.921 Y135.516 E273.09808
G0 F9000 X152.487 Y135.516
G1 F6000 X115.431 Y98.46 E273.78812
G0 F9000 X115.431 Y97.895
G1 F6000 X153.053 Y135.516 E274.48869
G0 F9000 X153.208 Y135.106
G1 F6000 X115.839 Y97.737 E275.18456
G0 F9000 X116.405 Y97.737
G1 F6000 X153.208 Y134.541 E275.86989
G0 F9000 X153.208 Y133.975
G1 F6000 X116.97 Y97.737 E276.5447
G0 F9000 X117.536 Y97.737
G1 F6000 X153.208 Y133.409 E277.20896
G0 F9000 X153.208 Y132.843
G1 F6000 X118.102 Y97.737 E277.86269
G0 F9000 X118.667 Y97.737
G1 F6000 X153.208 Y132.278 E278.5059
G0 F9000 X153.208 Y131.712
G1 F6000 X119.233 Y97.737 E279.13856
G0 F9000 X119.799 Y97.737
G1 F6000 X153.208 Y131.146 E279.76069
G0 F9000 X153.208 Y130.581
G1 F6000 X120.364 Y97.737 E280.37229
G0 F9000 X120.93 Y97.737
G1 F6000 X153.208 Y130.015 E280.97336
G0 F9000 X153.208 Y129.449
G1 F6000 X121.496 Y97.737 E281.56388
G0 F9000 X122.061 Y97.737
G1 F6000 X153.208 Y128.884 E282.14388
G0 F9000 X153.208 Y128.318
G1 F6000 X122.627 Y97.737 E282.71335
G0 F9000 X123.193 Y97.737
G1 F6000 X153.208 Y127.752 E283.27227
G0 F9000 X153.208 Y127.187
G1 F6000 X123.759 Y97.737 E283.82067
G0 F9000 X124.324 Y97.737
G1 F6000 X153.208 Y126.621 E284.35853
G0 F9000 X153.208 Y126.055
G1 F6000 X124.89 Y97.737 E284.88585
G0 F9000 X125.456 Y97.737
G1 F6000 X153.208 Y125.49 E285.40265
G0 F9000 X153.208 Y124.924
G1 F6000 X126.021 Y97.737 E285.90891
G0 F9000 X126.587 Y97.737
G1 F6000 X153.208 Y124.358 E286.40463
G0 F9000 X153.208 Y123.792
G1 F6000 X127.153 Y97.737 E286.88982
G0 F9000 X127.718 Y97.737
G1 F6000 X153.208 Y123.227 E287.36448
G0 F9000 X153.208 Y122.661
G1 F6000 X128.284 Y97.737 E287.8286
G0 F9000 X128.85 Y97.737
G1 F6000 X153.208 Y122.095 E288.28218
G0 F9000 X153.208 Y121.53
G1 F6000 X129.415 Y97.737 E288.72524
G0 F9000 X129.981 Y97.737
G1 F6000 X153.208 Y120.964 E289.15777
G0 F9000 X153.208 Y120.398
G1 F6000 X130.547 Y97.737 E289.57975
G0 F9000 X131.112 Y97.737
G1 F6000 X153.208 Y119.833 E289.99121
G0 F9000 X153.208 Y119.267
G1 F6000 X131.678 Y97.737 E290.39213
G0 F9000 X132.244 Y97.737
G1 F6000 X153.208 Y118.701 E290.78251
G0 F9000 X153.208 Y118.136
G1 F6000 X132.81 Y97.737 E291.16236
G0 F9000 X133.375 Y97.737
G1 F6000 X153.208 Y117.57 E291.53168
G0 F9000 X153.208 Y117.004
G1 F6000 X133.941 Y97.737 E291.89046
G0 F9000 X134.507 Y97.737
G1 F6000 X153.208 Y116.439 E292.23871
G0 F9000 X153.208 Y115.873
G1 F6000 X135.072 Y97.737 E292.57643
G0 F9000 X135.638 Y97.737
G1 F6000 X153.208 Y115.307 E292.90361
G0 F9000 X153.208 Y114.742
G1 F6000 X136.204 Y97.737 E293.22026
G0 F9000 X136.769 Y97.737
G1 F6000 X153.208 Y114.176 E293.52638
G0 F9000 X153.208 Y113.61
G1 F6000 X137.335 Y97.737 E293.82196
G0 F9000 X137.901 Y97.737
G1 F6000 X153.208 Y113.044 E294.107
G0 F9000 X153.208 Y112.479
G1 F6000 X138.466 Y97.737 E294.38152
G0 F9000 X139.032 Y97.737
G1 F6000 X153.208 Y111.913 E294.64549
G0 F9000 X153.208 Y111.347
G1 F6000 X152.5 Y110.639 E294.65868
G1 F5714.3 X139.598 Y97.737 E294.89893
G0 F9000 X140.163 Y97.737
G1 F5714.3 X140.729 Y98.303 E294.90947
G1 F5428.6 X153.208 Y110.782 E295.14185
G0 F9000 X153.208 Y110.216
G1 F5428.6 X140.729 Y97.737 E295.37423
G0 F9000 X141.295 Y97.737
G1 F5428.6 X141.561 Y98.003 E295.37918
G1 F5142.9 X153.208 Y109.65 E295.59607
G0 F9000 X153.208 Y109.085
G1 F5142.9 X152.734 Y108.611 E295.60489
G1 F4857.1 X141.86 Y97.737 E295.80738
G0 F9000 X142.426 Y97.737
G1 F4857.1 X143 Y98.311 E295.81807
G1 F4571.4 X153.208 Y108.519 E296.00816
G0 F9000 X153.208 Y107.953
G1 F4571.4 X152.642 Y107.387 E296.0187
G1 F4285.7 X142.992 Y97.737 E296.1984
G0 F9000 X143.558 Y97.737
G1 F4285.7 X153.208 Y107.388 E296.3781
G0 F9000 X153.208 Y106.822
G1 F4285.7 X152.985 Y106.599 E296.38226
G1 F4000 X144.123 Y97.737 E296.54728
G0 F9000 X144.689 Y97.737
G1 F4000 X145.255 Y98.303 E296.55782
G1 F3714.3 X153.208 Y106.256 E296.70592
G0 F9000 X153.208 Y105.691
G1 F3714.3 X145.255 Y97.737 E296.85402
G0 F9000 X145.82 Y97.737
G1 F3714.3 X146.387 Y98.304 E296.86458
G1 F3428.6 X153.208 Y105.125 E296.9916
G0 F9000 X153.208 Y104.559
G1 F3428.6 X146.386 Y97.737 E297.11863
G0 F9000 X146.952 Y97.737
G1 F3428.6 X147.517 Y98.302 E297.12916
G1 F3142.9 X153.208 Y103.993 E297.23513
G0 F9000 X153.208 Y103.428
G1 F3142.9 X147.517 Y97.737 E297.34111
G0 F9000 X148.083 Y97.737
G1 F3142.9 X148.649 Y98.303 E297.35165
G1 F2857.1 X153.208 Y102.862 E297.43654
G0 F9000 X153.208 Y102.296
G1 F2857.1 X148.649 Y97.737 E297.52144
G0 F9000 X149.214 Y97.737
G1 F2857.1 X149.78 Y98.303 E297.53198
G1 F2571.4 X153.208 Y101.731 E297.59581
G0 F9000 X153.208 Y101.165
G1 F2571.4 X149.78 Y97.737 E297.65965
G0 F9000 X150.346 Y97.737
G1 F2571.4 X150.911 Y98.302 E297.67017
G1 F2285.7 X153.208 Y100.599 E297.71294
G0 F9000 X153.208 Y100.034
G1 F2285.7 X150.911 Y97.737 E297.75571
G0 F9000 X151.477 Y97.737
G1 F2285.7 X152.043 Y98.303 E297.76625
G1 F2000 X153.208 Y99.468 E297.78795
G0 F9000 X153.208 Y98.902
G1 F2000 X152.043 Y97.737 E297.80964
G0 F9000 X152.608 Y97.737
G1 F2000 X153.208 Y98.337 E297.82081
G0 F9000 X153.132 Y98.337
G1 F2700 E291.32081
;MESH:NONMESH
G0 F600 X153.132 Y98.337 Z1.2
G0 F9000 X153.38 Y135.609
;TIME_ELAPSED:444.655584
;LAYER:5
;TYPE:FILL
;MESH:square.stl
G1 F2700 E297.82081
G1 F6000 X153.38 Y135.278 E297.82538
G1 X152.974 Y135.684 E297.8333
G1 X145.837 Y135.684 E297.93175
G1 X115.607 Y105.454 E298.52149
G1 X115.261 Y105.455 E298.52626
G1 X115.261 Y105.173 E298.53015
G1 X115.608 Y105.172 E298.53494
G1 X123.216 Y97.564 E298.68335
G1 X130.343 Y97.564 E298.78167
G1 X153.035 Y120.256 E299.22435
G1 X153.38 Y120.256 E299.22911
G1 X153.38 Y120.538 E299.233
G1 X153.036 Y120.538 E299.23774
G1 X137.89 Y135.684 E299.53321
G1 X130.753 Y135.684 E299.63166
G1 X115.607 Y120.538 E299.92714
G1 X115.261 Y120.539 E299.93191
G1 X115.261 Y120.257 E299.9358
G1 X115.608 Y120.256 E299.94059
G1 X138.3 Y97.564 E300.38327
G1 X145.427 Y97.564 E300.48158
G1 X153.035 Y105.172 E300.63
G1 X153.38 Y105.172 E300.63476
G1 X153.38 Y105.454 E300.63865
G1 X153.036 Y105.454 E300.64339
G1 X122.806 Y135.684 E301.23313
G1 X115.669 Y135.684 E301.33158
G1 X115.261 Y135.276 E301.33954
G1 X115.26 Y135.604 E301.34406
G1 X115.302 Y135.646 E301.34488
G1 X153.343 Y97.605 E302.08699
G1 X153.38 Y97.728 E302.08877
G1 X153.38 Y97.975 E302.09217
G1 X152.969 Y97.564 E302.10019
G1 X145.842 Y97.564 E302.1985
G1 X115.608 Y127.798 E302.78832
G1 X115.261 Y127.799 E302.7931
G1 X115.261 Y128.081 E302.79699
G1 X115.607 Y128.08 E302.80176
G1 X123.211 Y135.684 E302.95011
G1 X130.348 Y135.684 E303.04856
G1 X153.036 Y112.996 E303.49116
G1 X153.38 Y112.996 E303.4959
G1 X153.38 Y112.714 E303.49979
G1 X153.035 Y112.714 E303.50455
G1 X141.858 Y101.537 E303.7226
G1 F5727.3 X137.885 Y97.564 E303.8001
G1 X130.758 Y97.564 E303.89842
G1 X126.272 Y102.05 E303.98593
G1 F5454.5 X115.608 Y112.714 E304.19397
G1 X115.261 Y112.715 E304.19875
G1 X115.261 Y112.997 E304.20264
G1 X115.607 Y112.996 E304.20742
G1 X117.11 Y114.499 E304.23674
G1 F5181.8 X129.323 Y126.712 E304.47499
G1 F4909.1 X138.295 Y135.684 E304.65002
G1 X141.969 Y135.684 E304.7007
G1 F4636.4 X145.432 Y135.684 E304.74847
G1 X153.036 Y128.08 E304.89681
G1 X153.38 Y128.08 E304.90155
G1 X153.38 Y127.798 E304.90545
G1 X153.035 Y127.798 E304.9102
G1 X152.847 Y127.61 E304.91387
G1 F4363.6 X142.562 Y117.325 E305.11451
G1 F4090.9 X132.92 Y107.683 E305.30261
G1 F3818.2 X123.921 Y98.684 E305.47817
G1 F3545.5 X122.801 Y97.564 E305.50002
G1 X115.674 Y97.564 E305.59833
G1 X115.261 Y97.977 E305.60639
G1 X115.26 Y97.655 E305.61083
G1 X115.323 Y97.564 E305.61235
G1 X115.297 Y97.602 E305.61299
G1 X116.742 Y99.047 E305.64118
G1 F3272.7 X124.455 Y106.76 E305.79165
G1 F3000 X131.526 Y113.831 E305.92959
G1 F2727.3 X137.954 Y120.259 E306.05499
G1 F2454.5 X143.739 Y126.044 E306.16784
G1 F2181.8 X148.881 Y131.186 E306.26815
M205 X30 Y30
G1 F1909.1 X153.342 Y135.647 E306.35518
G1 X153.38 Y135.609 E306.35592
M204 S1500
G0 F9000 X153.497 Y136.444
M205 X50 Y50
;TYPE:WALL-OUTER
G1 F1800 X153.768 Y136.324 E306.35964
G1 X154.02 Y136.072 E306.36411
G1 X154.14 Y135.801 E306.36782
G1 X154.14 Y97.617 E306.84667
G1 X154.006 Y97.165 E306.85258
G1 X153.774 Y96.93 E306.85672
G1 X153.417 Y96.804 E306.86147
G1 X115.143 Y96.804 E307.34144
G1 X114.872 Y96.924 E307.34515
G1 X114.626 Y97.17 E307.34952
G1 X114.5 Y97.527 E307.35426
G1 X114.5 Y135.638 E307.83219
G1 X114.573 Y135.975 E307.83651
G1 X114.878 Y136.327 E307.84235
G1 X115.143 Y136.444 E307.84599
G1 X153.497 Y136.444 E308.32696
M204 S3500
G0 F9000 X153.768 Y136.324
G0 X154.02 Y136.072
G0 X154.08 Y135.937
G0 X153.413 Y136.044
;TYPE:WALL-INNER
G1 F1909.1 X153.684 Y135.842 E308.33162
G1 X153.74 Y135.717 E308.33351
G1 X153.74 Y129.829 E308.41473
G1 F2181.8 X153.74 Y122.557 E308.51505
G1 F2454.5 X153.74 Y114.376 E308.6279
G1 F2727.3 X153.74 Y105.286 E308.75329
G1 F3000 X153.74 Y97.675 E308.85828
G1 X153.651 Y97.375 E308.8626
G1 X153.349 Y97.204 E308.86738
G1 X151.62 Y97.204 E308.89123
G1 F3272.7 X140.711 Y97.204 E309.04172
G1 F3545.5 X128.893 Y97.204 E309.20474
G1 F3818.2 X116.166 Y97.204 E309.3803
G1 F4090.9 X115.227 Y97.204 E309.39325
G1 X114.973 Y97.388 E309.39758
G1 X114.9 Y97.595 E309.40061
G1 X114.9 Y109.759 E309.5684
G1 F4363.6 X114.9 Y124.304 E309.76904
G1 F4636.4 X114.9 Y135.596 E309.92481
G1 X114.943 Y135.79 E309.92755
G1 X115.227 Y136.044 E309.93281
G1 X118.809 Y136.044 E309.98222
G1 F4909.1 X135.172 Y136.044 E310.20794
G1 F5181.8 X152.444 Y136.044 E310.44619
G1 F5454.5 X153.413 Y136.044 E310.45956
G0 F9000 X153.142 Y135.456
;MESH:NONMESH
G0 F600 X153.142 Y135.456 Z1.4
G0 F9000 X153.38 Y135.622
;TIME_ELAPSED:460.347062
;LAYER:6
;TYPE:FILL
;MESH:square.stl
G1 F6000 X153.352 Y135.658 E310.46019
G1 X115.298 Y97.603 E311.20257
G1 X115.26 Y97.625 E311.20317
G1 X115.26 Y97.978 E311.20804
G1 X115.674 Y97.564 E311.21612
G1 X122.8 Y97.564 E311.31442
G1 X153.036 Y127.799 E311.90426
G1 X153.38 Y127.799 E311.909
G1 X153.38 Y128.081 E311.91289
G1 X153.035 Y128.081 E311.91765
G1 X145.432 Y135.684 E312.06597
G1 X138.295 Y135.684 E312.16442
G1 X115.607 Y112.996 E312.60703
G1 X115.26 Y112.996 E312.61181
G1 X115.26 Y112.714 E312.6157
G1 X115.608 Y112.714 E312.6205
G1 X130.758 Y97.564 E312.91605
G1 X137.884 Y97.564 E313.01435
G1 X153.036 Y112.715 E313.30993
G1 X153.38 Y112.715 E313.31468
G1 X153.38 Y112.997 E313.31857
G1 X153.035 Y112.997 E313.32333
G1 X130.348 Y135.684 E313.76591
G1 X123.211 Y135.684 E313.86436
G1 X115.607 Y128.08 E314.0127
G1 X115.26 Y128.08 E314.01749
G1 X115.26 Y127.798 E314.02138
G1 X115.608 Y127.798 E314.02618
G1 X145.842 Y97.564 E314.61599
G1 X153.301 Y97.564 E314.71888
G1 X152.968 Y97.564 E314.72348
G1 X153.38 Y97.975 E314.7315
G1 X153.38 Y97.647 E314.73603
G1 X153.341 Y97.607 E314.7368
G1 X115.299 Y135.649 E315.47893
G1 X115.26 Y135.579 E315.48004
G1 X115.26 Y135.275 E315.48423
G1 X115.669 Y135.684 E315.49221
G1 X122.806 Y135.684 E315.59066
G1 X153.035 Y105.455 E316.18037
G1 X153.38 Y105.455 E316.18513
G1 X153.38 Y105.173 E316.18902
G1 X153.036 Y105.173 E316.19377
G1 X145.426 Y97.564 E316.34222
G1 X143.428 Y97.564 E316.36978
G1 F5727.3 X138.3 Y97.564 E316.44052
G1 X128.427 Y107.437 E316.63312
G1 F5454.5 X115.608 Y120.256 E316.8832
G1 X115.555 Y120.256 E316.88393
G1 F5181.8 X115.26 Y120.256 E316.888
G1 X115.26 Y120.538 E316.89189
G1 X115.607 Y120.538 E316.89667
G1 X127.167 Y132.098 E317.12219
G1 F4909.1 X130.753 Y135.684 E317.19215
G1 X137.89 Y135.684 E317.2906
G1 X140.828 Y132.746 E317.34791
G1 F4636.4 X151.756 Y121.818 E317.5611
G1 F4363.6 X153.035 Y120.539 E317.58605
G1 X153.38 Y120.539 E317.59081
G1 X153.38 Y120.257 E317.5947
G1 X153.036 Y120.257 E317.59944
G1 X144.716 Y111.938 E317.76174
G1 F4090.9 X135.074 Y102.296 E317.94984
G1 F3818.2 X130.342 Y97.564 E318.04215
G1 X124.307 Y97.564 E318.1254
G1 F3545.5 X123.216 Y97.564 E318.14045
G1 X115.631 Y105.149 E318.28842
G1 F3272.7 X115.608 Y105.172 E318.28887
G1 X115.26 Y105.172 E318.29367
G1 X115.26 Y105.454 E318.29756
G1 X115.607 Y105.454 E318.30235
G1 X122.607 Y112.454 E318.43891
G1 F3000 X129.678 Y119.525 E318.57685
G1 F2727.3 X136.106 Y125.953 E318.70225
G1 F2454.5 X141.891 Y131.738 E318.8151
G1 F2181.8 X145.837 Y135.684 E318.89208
G1 X147.529 Y135.684 E318.91542
M205 X30 Y30
G1 F1909.1 X152.974 Y135.684 E318.99053
G1 X153.38 Y135.278 E318.99845
G1 X153.38 Y135.622 E319.0032
M204 S1500
G1 F2700 E312.5032
G0 F9000 X115.291 Y135.75
G0 X115.136 Y136.444
M205 X50 Y50
;TYPE:WALL-OUTER
G1 F2700 E319.0032
G1 F1800 X153.51 Y136.444 E319.48442
G1 X153.779 Y136.317 E319.48815
G1 X154.013 Y136.083 E319.4923
G1 X154.14 Y135.808 E319.4961
G1 X154.14 Y97.452 E319.9771
G1 X154.008 Y97.164 E319.98107
G1 X153.779 Y96.935 E319.98513
G1 X153.503 Y96.804 E319.98896
G1 X115.235 Y96.804 E320.46886
G1 X114.854 Y96.942 E320.47394
G1 X114.627 Y97.165 E320.47793
G1 X114.5 Y97.44 E320.48173
G1 X114.5 Y135.709 E320.96164
G1 X114.634 Y136.09 E320.9667
G1 X114.861 Y136.317 E320.97073
G1 X115.136 Y136.444 E320.97453
M204 S3500
G0 F9000 X115.936 Y136.444
G1 F2700 E314.47453
G0 F9000 X115.936 Y135.747
G0 X153.228 Y135.749
G0 X153.306 Y136.044
;TYPE:WALL-INNER
G1 F2700 E320.97453
G1 F6000 X153.546 Y135.985 E320.97794
G1 X153.74 Y135.72 E320.98247
G1 X153.74 Y97.539 E321.50915
G1 X153.674 Y97.396 E321.51132
G1 X153.413 Y97.204 E321.51579
G1 X115.305 Y97.204 E322.04147
G1 X115.072 Y97.288 E322.04489
G1 X114.9 Y97.528 E322.04896
G1 X114.9 Y135.641 E322.57471
G1 X114.981 Y135.872 E322.57808
G1 X115.224 Y136.044 E322.58219
G1 X153.306 Y136.044 E323.10751
G0 F9000 X153.133 Y135.447
;MESH:NONMESH
G0 F600 X153.133 Y135.447 Z1.6
G0 F9000 X153.38 Y135.603
;TIME_ELAPSED:476.095733
;LAYER:7
;TYPE:FILL
;MESH:square.stl
G1 F6000 X153.325 Y135.63 E323.10835
G1 X115.287 Y97.592 E323.85041
G1 X115.26 Y97.608 E323.85084
G1 X115.26 Y97.978 E323.85595
G1 X115.674 Y97.564 E323.86402
G1 X122.8 Y97.564 E323.96232
G1 X153.036 Y127.799 E324.55216
G1 X153.38 Y127.799 E324.55691
G1 X153.38 Y128.081 E324.5608
G1 X153.035 Y128.081 E324.56556
G1 X145.432 Y135.684 E324.71388
G1 X138.295 Y135.684 E324.81233
G1 X115.607 Y112.996 E325.25493
G1 X115.26 Y112.996 E325.25972
G1 X115.26 Y112.714 E325.26361
G1 X115.608 Y112.714 E325.26841
G1 X130.758 Y97.564 E325.56396
G1 X137.884 Y97.564 E325.66226
G1 X153.036 Y112.715 E325.95784
G1 X153.38 Y112.715 E325.96258
G1 X153.38 Y112.997 E325.96647
G1 X153.035 Y112.997 E325.97123
G1 X130.348 Y135.684 E326.41381
G1 X123.211 Y135.684 E326.51226
G1 X115.607 Y128.08 E326.66061
G1 X115.26 Y128.08 E326.66539
G1 X115.26 Y127.798 E326.66928
G1 X115.608 Y127.798 E326.67408
G1 X145.842 Y97.564 E327.26389
G1 X153.326 Y97.564 E327.36713
G1 X152.968 Y97.564 E327.37207
G1 X153.38 Y97.975 E327.3801
G1 X153.38 Y97.648 E327.38461
G1 X153.348 Y97.6 E327.3854
G1 X115.31 Y135.638 E328.12746
G1 X115.26 Y135.616 E328.12821
G1 X115.26 Y135.275 E328.13292
G1 X115.669 Y135.684 E328.14089
G1 X122.806 Y135.684 E328.23935
G1 X153.035 Y105.455 E328.82906
G1 X153.38 Y105.455 E328.83382
G1 X153.38 Y105.173 E328.83771
G1 X153.036 Y105.173 E328.84245
G1 X145.426 Y97.564 E328.9909
G1 X143.445 Y97.564 E329.01823
G1 F5727.3 X138.3 Y97.564 E329.0892
G1 X128.439 Y107.425 E329.28157
G1 F5454.5 X115.608 Y120.256 E329.53188
G1 X115.572 Y120.256 E329.53238
G1 F5181.8 X115.26 Y120.256 E329.53668
G1 X115.26 Y120.538 E329.54057
G1 X115.607 Y120.538 E329.54536
G1 X127.155 Y132.086 E329.77064
G1 F4909.1 X130.753 Y135.684 E329.84083
G1 X137.89 Y135.684 E329.93928
G1 X140.816 Y132.758 E329.99636
G1 F4636.4 X151.744 Y121.83 E330.20955
G1 F4363.6 X153.035 Y120.539 E330.23473
G1 X153.38 Y120.539 E330.23949
G1 X153.38 Y120.257 E330.24338
G1 X153.036 Y120.257 E330.24813
G1 X144.728 Y111.95 E330.41019
G1 F4090.9 X135.086 Y102.308 E330.59829
G1 F3818.2 X130.342 Y97.564 E330.69084
G1 X124.325 Y97.564 E330.77384
G1 F3545.5 X123.216 Y97.564 E330.78914
G1 X115.644 Y105.136 E330.93685
G1 F3272.7 X115.608 Y105.172 E330.93756
G1 X115.26 Y105.172 E330.94236
G1 X115.26 Y105.454 E330.94625
G1 X115.607 Y105.454 E330.95103
G1 X122.594 Y112.441 E331.08734
G1 F3000 X129.665 Y119.512 E331.22528
G1 F2727.3 X136.093 Y125.94 E331.35068
G1 F2454.5 X141.878 Y131.725 E331.46353
G1 F2181.8 X145.837 Y135.684 E331.54077
G1 X147.51 Y135.684 E331.56385
M205 X30 Y30
G1 F1909.1 X152.974 Y135.684 E331.63922
G1 X153.38 Y135.278 E331.64714
G1 X153.38 Y135.603 E331.65162
M204 S1500
G0 F9000 X153.33 Y136.444
M205 X50 Y50
;TYPE:WALL-OUTER
G1 F1800 X153.79 Y136.305 E331.65765
G1 X154.065 Y135.985 E331.66294
G1 X154.14 Y135.745 E331.66609
G1 X154.14 Y97.429 E332.14659
G1 X153.87 Y97 E332.15295
G1 X153.441 Y96.804 E332.15886
G1 X115.199 Y96.804 E332.63843
G1 X114.957 Y96.881 E332.64161
G1 X114.7 Y97.072 E332.64563
G1 X114.5 Y97.502 E332.65158
G1 X114.5 Y135.745 E333.13116
G1 X114.575 Y135.985 E333.13431
G1 X114.85 Y136.305 E333.1396
G1 X115.31 Y136.444 E333.14563
G1 X153.33 Y136.444 E333.62241
M204 S3500
G0 F9000 X153.79 Y136.305
G0 X153.997 Y136.064
G0 X153.271 Y136.044
;TYPE:WALL-INNER
G1 F1909.1 X153.563 Y135.956 E333.62662
G1 X153.74 Y135.684 E333.6311
G1 X153.74 Y129.95 E333.71019
G1 F2181.8 X153.74 Y122.678 E333.81051
G1 F2454.5 X153.74 Y114.497 E333.92336
G1 F2727.3 X153.74 Y105.407 E334.04875
G1 F3000 X153.74 Y97.545 E334.1572
G1 X153.578 Y97.287 E334.1614
G1 X153.381 Y97.204 E334.16435
G1 X151.762 Y97.204 E334.18669
G1 F3272.7 X140.853 Y97.204 E334.33717
G1 F3545.5 X129.035 Y97.204 E334.50019
G1 F3818.2 X116.308 Y97.204 E334.67575
G1 F4090.9 X115.261 Y97.204 E334.6902
G1 X114.994 Y97.352 E334.69441
G1 X114.9 Y97.562 E334.69758
G1 X114.9 Y109.616 E334.86386
G1 F4363.6 X114.9 Y124.161 E335.0645
G1 F4636.4 X114.9 Y135.684 E335.22345
G1 X115.077 Y135.956 E335.22793
G1 X115.369 Y136.044 E335.23213
G1 X118.671 Y136.044 E335.27768
G1 F4909.1 X135.034 Y136.044 E335.5034
G1 F5181.8 X152.306 Y136.044 E335.74166
G1 F5454.5 X153.271 Y136.044 E335.75497
G0 F9000 X153.142 Y135.447
;MESH:NONMESH
G0 F600 X153.142 Y135.447 Z1.8
G0 F9000 X153.341 Y135.646
;TIME_ELAPSED:491.632974
;LAYER:8
;TYPE:FILL
;MESH:square.stl
G1 F6000 X115.294 Y97.6 E336.49719
G1 X115.26 Y97.614 E336.4977
G1 X115.261 Y97.977 E336.50271
G1 X115.674 Y97.564 E336.51076
G1 X122.8 Y97.564 E336.60906
G1 X153.036 Y127.799 E337.1989
G1 X153.38 Y127.799 E337.20365
G1 X153.38 Y128.081 E337.20754
G1 X153.035 Y128.081 E337.2123
G1 X145.432 Y135.684 E337.36062
G1 X138.295 Y135.684 E337.45907
G1 X115.607 Y112.996 E337.90167
G1 X115.261 Y112.996 E337.90644
G1 X115.26 Y112.714 E337.91033
G1 X115.608 Y112.714 E337.91514
G1 X130.758 Y97.564 E338.21068
G1 X137.884 Y97.564 E338.30898
G1 X153.036 Y112.715 E338.60456
G1 X153.38 Y112.715 E338.60931
G1 X153.38 Y112.997 E338.6132
G1 X153.035 Y112.997 E338.61796
G1 X130.348 Y135.684 E339.06054
G1 X123.211 Y135.684 E339.15899
G1 X115.607 Y128.08 E339.30733
G1 X115.261 Y128.08 E339.3121
G1 X115.26 Y127.798 E339.316
G1 X115.608 Y127.798 E339.3208
G1 X145.842 Y97.564 E339.91061
G1 X153.271 Y97.564 E340.01309
G1 X152.968 Y97.564 E340.01727
G1 X153.38 Y97.975 E340.02529
G1 X153.38 Y97.654 E340.02972
G1 X153.333 Y97.615 E340.03056
G1 X115.264 Y135.684 E340.77322
G1 X115.26 Y135.684 E340.77328
G1 X115.26 Y135.275 E340.77892
G1 X115.669 Y135.684 E340.7869
G1 X122.806 Y135.684 E340.88535
G1 X153.035 Y105.455 E341.47506
G1 X153.38 Y105.455 E341.47982
G1 X153.38 Y105.173 E341.48371
G1 X153.036 Y105.173 E341.48846
G1 X145.426 Y97.564 E341.63691
G1 X143.397 Y97.564 E341.6649
G1 F5727.3 X138.3 Y97.564 E341.73521
G1 X128.405 Y107.459 E341.92824
G1 F5454.5 X115.608 Y120.256 E342.17789
G1 X115.525 Y120.256 E342.17903
G1 F5181.8 X115.26 Y120.256 E342.18269
G1 X115.261 Y120.538 E342.18658
G1 X115.607 Y120.538 E342.19135
G1 X127.189 Y132.12 E342.41729
G1 F4909.1 X130.753 Y135.684 E342.48682
G1 X137.89 Y135.684 E342.58527
G1 X140.85 Y132.724 E342.64302
G1 F4636.4 X151.778 Y121.796 E342.8562
G1 F4363.6 X153.035 Y120.539 E342.88072
G1 X153.38 Y120.539 E342.88548
G1 X153.38 Y120.257 E342.88937
G1 X153.036 Y120.257 E342.89412
G1 X144.694 Y111.916 E343.05685
G1 F4090.9 X135.052 Y102.274 E343.24495
G1 F3818.2 X130.342 Y97.564 E343.33683
G1 X124.276 Y97.564 E343.42051
G1 F3545.5 X123.216 Y97.564 E343.43513
G1 X115.609 Y105.171 E343.58353
G1 F3272.7 X115.608 Y105.172 E343.58355
G1 X115.26 Y105.172 E343.58835
G1 X115.261 Y105.454 E343.59224
G1 X115.607 Y105.454 E343.59701
G1 X122.629 Y112.476 E343.734
G1 F3000 X129.7 Y119.547 E343.87194
G1 F2727.3 X136.128 Y125.975 E343.99734
G1 F2454.5 X141.913 Y131.76 E344.11019
G1 F2181.8 X145.837 Y135.684 E344.18674
G1 X147.559 Y135.684 E344.2105
M205 X30 Y30
G1 F1909.1 X152.974 Y135.684 E344.2852
G1 X153.38 Y135.278 E344.29312
G1 X153.38 Y135.524 E344.29651
G1 X153.341 Y135.646 E344.29828
M204 S1500
G0 F9000 X153.336 Y136.444
M205 X50 Y50
;TYPE:WALL-OUTER
G1 F1800 X153.663 Y136.378 E344.30246
G1 X153.99 Y136.114 E344.30773
G1 X154.14 Y135.641 E344.31395
G1 X154.14 Y97.424 E344.79321
G1 X153.85 Y96.988 E344.79977
G1 X153.43 Y96.804 E344.80552
G1 X115.214 Y96.804 E345.28477
G1 X114.786 Y96.992 E345.29063
G1 X114.577 Y97.256 E345.29485
G1 X114.5 Y97.503 E345.2981
G1 X114.5 Y135.734 E345.77753
G1 X114.646 Y136.109 E345.78257
G1 X114.781 Y136.259 E345.7851
G1 X115.135 Y136.444 E345.79011
G1 X153.336 Y136.444 E346.26917
M204 S3500
G0 F9000 X153.663 Y136.378
G0 X153.99 Y136.114
G0 X154.003 Y136.071
G0 X153.296 Y136.044
;TYPE:WALL-INNER
G1 F1909.1 X153.634 Y135.91 E346.27418
G1 X153.74 Y135.579 E346.27898
G1 X153.74 Y129.927 E346.35694
G1 F2181.8 X153.74 Y122.655 E346.45726
G1 F2454.5 X153.74 Y114.474 E346.57011
G1 F2727.3 X153.74 Y105.384 E346.6955
G1 F3000 X153.74 Y97.544 E346.80365
G1 X153.582 Y97.308 E346.80757
G1 X153.346 Y97.204 E346.81112
G1 X151.728 Y97.204 E346.83344
G1 F3272.7 X140.819 Y97.204 E346.98393
G1 F3545.5 X129.001 Y97.204 E347.14695
G1 F3818.2 X116.274 Y97.204 E347.32251
G1 F4090.9 X115.298 Y97.204 E347.33597
G1 X115.037 Y97.318 E347.3399
G1 X114.9 Y97.563 E347.34377
G1 X114.9 Y109.657 E347.5106
G1 F4363.6 X114.9 Y124.202 E347.71124
G1 F4636.4 X114.9 Y135.66 E347.8693
G1 X114.992 Y135.895 E347.87278
G1 X115.225 Y136.044 E347.8766
G1 X118.692 Y136.044 E347.92442
G1 F4909.1 X135.055 Y136.044 E348.15014
G1 F5181.8 X152.327 Y136.044 E348.3884
G1 F5454.5 X153.296 Y136.044 E348.40176
G0 F9000 X153.142 Y135.45
;MESH:NONMESH
G0 F600 X153.142 Y135.45 Z2
G0 F9000 X153.38 Y135.621
;TIME_ELAPSED:507.166029
;LAYER:9
;TYPE:FILL
;MESH:square.stl
G1 F6000 X153.35 Y135.656 E348.4024
G1 X115.305 Y97.61 E349.1446
G1 X115.26 Y97.673 E349.14567
G1 X115.26 Y97.978 E349.14987
G1 X115.674 Y97.564 E349.15795
G1 X122.8 Y97.564 E349.25625
G1 X153.036 Y127.799 E349.84609
G1 X153.38 Y127.799 E349.85084
G1 X153.381 Y128.081 E349.85473
G1 X153.035 Y128.081 E349.8595
G1 X145.431 Y135.685 E350.00784
G1 X138.295 Y135.685 E350.10628
G1 X115.608 Y112.997 E350.54887
G1 X115.26 Y112.997 E350.55367
G1 X115.26 Y112.715 E350.55756
G1 X115.607 Y112.715 E350.56235
G1 X130.758 Y97.564 E350.85792
G1 X137.884 Y97.564 E350.95622
G1 X153.036 Y112.715 E351.2518
G1 X153.38 Y112.715 E351.25654
G1 X153.381 Y112.997 E351.26043
G1 X153.035 Y112.997 E351.2652
G1 X130.347 Y135.685 E351.70781
G1 X123.211 Y135.685 E351.80624
G1 X115.608 Y128.081 E351.95457
G1 X115.26 Y128.081 E351.95937
G1 X115.26 Y127.799 E351.96326
G1 X115.607 Y127.799 E351.96805
G1 X145.842 Y97.564 E352.55788
G1 X153.292 Y97.564 E352.66065
G1 X152.968 Y97.564 E352.66512
G1 X153.381 Y97.976 E352.67317
G1 X153.38 Y97.629 E352.67795
G1 X153.345 Y97.603 E352.67856
G1 X115.296 Y135.652 E353.42082
G1 X115.26 Y135.598 E353.42172
G1 X115.26 Y135.275 E353.42618
G1 X115.669 Y135.685 E353.43416
G1 X122.805 Y135.685 E353.5326
G1 X153.035 Y105.455 E354.12234
G1 X153.381 Y105.455 E354.12711
G1 X153.38 Y105.173 E354.131
G1 X153.036 Y105.173 E354.13574
G1 X145.426 Y97.564 E354.28419
G1 X143.422 Y97.564 E354.31184
G1 F5727.3 X138.3 Y97.564 E354.38249
G1 X128.423 Y107.441 E354.57517
G1 F5454.5 X115.607 Y120.257 E354.82519
G1 X115.55 Y120.257 E354.82598
G1 F5181.8 X115.26 Y120.257 E354.82998
G1 X115.26 Y120.539 E354.83387
G1 X115.608 Y120.539 E354.83867
G1 X127.171 Y132.102 E355.06424
G1 F4909.1 X130.753 Y135.685 E355.13413
G1 X137.889 Y135.685 E355.23257
G1 X140.831 Y132.743 E355.28996
G1 F4636.4 X151.759 Y121.815 E355.50315
G1 F4363.6 X153.035 Y120.539 E355.52804
G1 X153.381 Y120.539 E355.53281
G1 X153.38 Y120.257 E355.5367
G1 X153.036 Y120.257 E355.54145
G1 X144.714 Y111.936 E355.70378
G1 F4090.9 X135.072 Y102.294 E355.89188
G1 F3818.2 X130.342 Y97.564 E355.98416
G1 X124.305 Y97.564 E356.06743
G1 F3545.5 X123.216 Y97.564 E356.08246
G1 X115.63 Y105.15 E356.23045
G1 F3272.7 X115.607 Y105.173 E356.23089
G1 X115.26 Y105.173 E356.23568
G1 X115.26 Y105.455 E356.23957
G1 X115.608 Y105.455 E356.24437
G1 X122.608 Y112.455 E356.38093
G1 F3000 X129.678 Y119.526 E356.51886
G1 F2727.3 X136.106 Y125.954 E356.64426
G1 F2454.5 X141.891 Y131.739 E356.75712
G1 F2181.8 X145.837 Y135.685 E356.8341
G1 X147.528 Y135.685 E356.85742
M205 X30 Y30
G1 F1909.1 X152.973 Y135.685 E356.93253
G1 X153.38 Y135.278 E356.94047
G1 X153.38 Y135.621 E356.9452
M204 S1500
G0 F9000 X153.345 Y136.444
M205 X50 Y50
;TYPE:WALL-OUTER
G1 F1800 X153.791 Y136.305 E356.95106
G1 X154.061 Y135.996 E356.95621
G1 X154.14 Y135.749 E356.95946
G1 X154.14 Y97.597 E357.4379
G1 X154.006 Y97.158 E357.44366
G1 X153.687 Y96.886 E357.44891
G1 X153.443 Y96.804 E357.45214
G1 X115.201 Y96.804 E357.93171
G1 X114.949 Y96.887 E357.93504
G1 X114.683 Y97.098 E357.9393
G1 X114.5 Y97.511 E357.94496
G1 X114.5 Y135.744 E358.42442
G1 X114.582 Y135.996 E358.42774
G1 X114.844 Y136.304 E358.43281
G1 X115.202 Y136.444 E358.43763
G1 X153.345 Y136.444 E358.91596
M204 S3500
G0 F9000 X153.791 Y136.305
G0 X154.01 Y136.055
G0 X153.315 Y136.044
;TYPE:WALL-INNER
G1 F1909.1 X153.543 Y135.981 E358.91922
G1 X153.74 Y135.687 E358.9241
G1 X153.74 Y129.914 E359.00374
G1 F2181.8 X153.74 Y122.642 E359.10405
G1 F2454.5 X153.74 Y114.461 E359.2169
G1 F2727.3 X153.74 Y105.371 E359.34229
G1 F3000 X153.74 Y97.629 E359.44909
G1 X153.682 Y97.408 E359.45224
G1 X153.378 Y97.204 E359.45729
G1 X151.715 Y97.204 E359.48023
G1 F3272.7 X140.806 Y97.204 E359.63072
G1 F3545.5 X128.988 Y97.204 E359.79374
G1 F3818.2 X116.261 Y97.204 E359.9693
G1 F4090.9 X115.265 Y97.204 E359.98304
G1 X115.009 Y97.35 E359.9871
G1 X114.9 Y97.596 E359.99082
G1 X114.9 Y109.672 E360.1574
G1 F4363.6 X114.9 Y124.217 E360.35804
G1 F4636.4 X114.9 Y135.68 E360.51616
G1 X115.084 Y135.968 E360.52088
G1 X115.278 Y136.044 E360.52375
G1 X118.719 Y136.044 E360.57122
G1 F4909.1 X135.082 Y136.044 E360.79693
G1 F5181.8 X152.354 Y136.044 E361.03519
G1 F5454.5 X153.315 Y136.044 E361.04845
G0 F9000 X153.142 Y135.449
;MESH:NONMESH
G0 F600 X153.142 Y135.449 Z2.2
G0 F9000 X153.38 Y135.684
;TIME_ELAPSED:522.706889
;LAYER:10
;TYPE:FILL
;MESH:square.stl
G1 F6000 X153.379 Y135.684 E361.04846
G1 X115.29 Y97.595 E361.79151
G1 X115.26 Y97.613 E361.79199
G1 X115.26 Y97.978 E361.79703
G1 X115.674 Y97.564 E361.80511
G1 X122.8 Y97.564 E361.9034
G1 X153.036 Y127.799 E362.49325
G1 X153.38 Y127.799 E362.49799
G1 X153.38 Y128.081 E362.50188
G1 X153.035 Y128.081 E362.50664
G1 X145.432 Y135.684 E362.65496
G1 X138.295 Y135.684 E362.75341
G1 X115.607 Y112.996 E363.19601
G1 X115.26 Y112.996 E363.2008
G1 X115.26 Y112.714 E363.20469
G1 X115.608 Y112.714 E363.20949
G1 X130.758 Y97.564 E363.50504
G1 X137.884 Y97.564 E363.60334
G1 X153.036 Y112.715 E363.89892
G1 X153.38 Y112.715 E363.90367
G1 X153.38 Y112.997 E363.90756
G1 X153.035 Y112.997 E363.91231
G1 X130.348 Y135.684 E364.3549
G1 X123.211 Y135.684 E364.45335
G1 X115.607 Y128.08 E364.60169
G1 X115.26 Y128.08 E364.60648
G1 X115.26 Y127.798 E364.61037
G1 X115.608 Y127.798 E364.61517
G1 X145.842 Y97.564 E365.20498
G1 X153.281 Y97.564 E365.30759
G1 X152.968 Y97.564 E365.31191
G1 X153.38 Y97.975 E365.31994
G1 X153.38 Y97.606 E365.32503
G1 X153.354 Y97.594 E365.32543
G1 X115.304 Y135.644 E366.06771
G1 X115.26 Y135.584 E366.06874
G1 X115.26 Y135.275 E366.073
G1 X115.669 Y135.684 E366.08098
G1 X122.806 Y135.684 E366.17943
G1 X153.035 Y105.455 E366.76915
G1 X153.38 Y105.455 E366.77391
G1 X153.38 Y105.173 E366.7778
G1 X153.036 Y105.173 E366.78254
G1 X145.426 Y97.564 E366.93099
G1 X143.363 Y97.564 E366.95945
G1 F5727.3 X138.3 Y97.564 E367.02929
G1 X128.381 Y107.483 E367.22279
G1 F5454.5 X115.608 Y120.256 E367.47197
G1 X115.491 Y120.256 E367.47358
G1 F5181.8 X115.26 Y120.256 E367.47677
G1 X115.26 Y120.538 E367.48066
G1 X115.607 Y120.538 E367.48545
G1 X127.212 Y132.143 E367.71184
G1 F4909.1 X130.753 Y135.684 E367.78092
G1 X137.89 Y135.684 E367.87937
G1 X140.873 Y132.701 E367.93756
G1 F4636.4 X151.801 Y121.773 E368.15075
G1 F4363.6 X153.035 Y120.539 E368.17482
G1 X153.38 Y120.539 E368.17958
G1 X153.38 Y120.257 E368.18347
G1 X153.036 Y120.257 E368.18822
G1 X144.671 Y111.893 E368.35139
G1 F4090.9 X135.029 Y102.251 E368.53949
G1 F3818.2 X130.342 Y97.564 E368.63093
G1 X124.244 Y97.564 E368.71504
G1 F3545.5 X123.216 Y97.564 E368.72922
G1 X115.608 Y105.172 E368.87764
G1 X115.578 Y105.172 E368.87806
G1 F3272.7 X115.26 Y105.172 E368.88244
G1 X115.26 Y105.454 E368.88633
G1 X115.607 Y105.454 E368.89112
G1 X122.651 Y112.498 E369.02854
G1 F3000 X129.722 Y119.569 E369.16648
G1 F2727.3 X136.15 Y125.997 E369.29188
G1 F2454.5 X141.935 Y131.782 E369.40473
G1 F2181.8 X145.837 Y135.684 E369.48085
G1 X147.591 Y135.684 E369.50505
M205 X30 Y30
G1 F1909.1 X152.974 Y135.684 E369.5793
G1 X153.38 Y135.278 E369.58723
G1 X153.38 Y135.684 E369.59283
M204 S1500
G0 F9000 X153.343 Y136.444
M205 X50 Y50
;TYPE:WALL-OUTER
G1 F1800 X153.801 Y136.305 E369.59883
G1 X153.967 Y136.148 E369.60169
G1 X154.14 Y135.825 E369.60629
G1 X154.14 Y97.401 E370.08814
G1 X153.844 Y96.978 E370.09461
G1 X153.362 Y96.804 E370.10104
G1 X115.197 Y96.804 E370.57964
G1 X114.945 Y96.887 E370.58297
G1 X114.67 Y97.107 E370.58739
G1 X114.5 Y97.427 E370.59193
G1 X114.5 Y135.742 E371.07242
G1 X114.676 Y136.147 E371.07795
G1 X114.945 Y136.364 E371.08229
G1 X115.199 Y136.444 E371.08563
G1 X153.343 Y136.444 E371.56397
M204 S3500
G0 F9000 X153.801 Y136.305
G0 X153.967 Y136.148
G0 X154.01 Y136.066
G1 F2700 E365.06397
G0 F9000 X153.406 Y135.72
G0 X115.307 Y135.749
G0 X115.26 Y136.044
;TYPE:WALL-INNER
G1 F2700 E371.56397
G1 F6000 X153.433 Y136.044 E372.09054
G1 X153.646 Y135.902 E372.09407
G1 X153.74 Y135.724 E372.09685
G1 X153.74 Y97.505 E372.62406
G1 X153.598 Y97.301 E372.62749
G1 X153.327 Y97.204 E372.63146
G1 X115.261 Y97.204 E373.15655
G1 X114.984 Y97.368 E373.16099
G1 X114.9 Y97.525 E373.16345
G1 X114.9 Y135.659 E373.68949
G1 X115.004 Y135.898 E373.69308
G1 X115.26 Y136.044 E373.69715
G0 F9000 X115.502 Y135.452
G1 F2700 E367.19715
;MESH:NONMESH
G0 F600 X115.502 Y135.452 Z2.4
G0 F9000 X153.38 Y135.621
;TIME_ELAPSED:538.215132
;LAYER:11
;TYPE:FILL
;MESH:square.stl
G1 F2700 E373.69715
G1 F6000 X153.342 Y135.647 E373.69778
G1 X115.298 Y97.603 E374.43995
G1 X115.26 Y97.64 E374.44069
G1 X115.26 Y97.978 E374.44535
G1 X115.674 Y97.564 E374.45342
G1 X122.8 Y97.564 E374.55172
G1 X153.036 Y127.799 E375.14157
G1 X153.38 Y127.799 E375.14631
G1 X153.381 Y128.081 E375.1502
G1 X153.035 Y128.081 E375.15497
G1 X145.432 Y135.684 E375.30329
G1 X138.295 Y135.684 E375.40175
G1 X115.607 Y112.996 E375.84435
G1 X115.26 Y112.996 E375.84913
G1 X115.26 Y112.714 E375.85302
G1 X115.608 Y112.714 E375.85783
G1 X130.758 Y97.564 E376.15337
G1 X137.884 Y97.564 E376.25167
G1 X153.036 Y112.715 E376.54725
G1 X153.38 Y112.715 E376.552
G1 X153.381 Y112.997 E376.55589
G1 X153.035 Y112.997 E376.56066
G1 X130.348 Y135.684 E377.00324
G1 X123.211 Y135.684 E377.1017
G1 X115.607 Y128.08 E377.25004
G1 X115.26 Y128.08 E377.25482
G1 X115.26 Y127.798 E377.25871
G1 X115.608 Y127.798 E377.26351
G1 X145.842 Y97.564 E377.85333
G1 X153.321 Y97.564 E377.95649
G1 X152.968 Y97.564 E377.96136
G1 X153.381 Y97.976 E377.96941
G1 X153.38 Y97.644 E377.97399
G1 X153.347 Y97.601 E377.97474
G1 X115.3 Y135.648 E378.71697
G1 X115.26 Y135.619 E378.71765
G1 X115.26 Y135.275 E378.72239
G1 X115.669 Y135.684 E378.73037
G1 X122.806 Y135.684 E378.82882
G1 X153.035 Y105.455 E379.41854
G1 X153.381 Y105.455 E379.42331
G1 X153.38 Y105.173 E379.4272
G1 X153.036 Y105.173 E379.43195
G1 X145.426 Y97.564 E379.58039
G1 X143.426 Y97.564 E379.60798
G1 F5727.3 X138.3 Y97.564 E379.67869
G1 X128.426 Y107.438 E379.87132
G1 F5454.5 X115.608 Y120.256 E380.12137
G1 X115.554 Y120.256 E380.12212
G1 F5181.8 X115.26 Y120.256 E380.12618
G1 X115.26 Y120.538 E380.13007
G1 X115.607 Y120.538 E380.13485
G1 X127.168 Y132.099 E380.36039
G1 F4909.1 X130.753 Y135.684 E380.43032
G1 X137.89 Y135.684 E380.52877
G1 X140.829 Y132.745 E380.58611
G1 F4636.4 X151.757 Y121.817 E380.79929
G1 F4363.6 X153.035 Y120.539 E380.82423
G1 X153.381 Y120.539 E380.829
G1 X153.38 Y120.257 E380.83289
G1 X153.036 Y120.257 E380.83763
G1 X144.716 Y111.938 E380.99993
G1 F4090.9 X135.074 Y102.296 E381.18803
G1 F3818.2 X130.342 Y97.564 E381.28034
G1 X124.307 Y97.564 E381.36359
G1 F3545.5 X123.216 Y97.564 E381.37864
G1 X115.631 Y105.149 E381.52661
G1 F3272.7 X115.608 Y105.172 E381.52706
G1 X115.26 Y105.172 E381.53186
G1 X115.26 Y105.454 E381.53575
G1 X115.607 Y105.454 E381.54054
G1 X122.607 Y112.454 E381.6771
G1 F3000 X129.678 Y119.525 E381.81504
G1 F2727.3 X136.106 Y125.953 E381.94044
G1 F2454.5 X141.891 Y131.738 E382.05329
G1 F2181.8 X145.837 Y135.684 E382.13027
G1 X147.528 Y135.684 E382.1536
M205 X30 Y30
G1 F1909.1 X152.974 Y135.684 E382.22872
G1 X153.38 Y135.278 E382.23664
G1 X153.38 Y135.621 E382.24138
M204 S1500
G0 F9000 X153.527 Y136.444
M205 X50 Y50
;TYPE:WALL-OUTER
G1 F1800 X153.977 Y136.132 E382.24824
G1 X154.14 Y135.674 E382.25434
G1 X154.14 Y97.608 E382.7317
G1 X154.084 Y97.319 E382.73539
G1 X153.825 Y96.968 E382.74086
G1 X153.366 Y96.804 E382.74698
G1 X115.106 Y96.804 E383.22677
G1 X114.671 Y97.101 E383.23338
G1 X114.5 Y97.574 E383.23968
G1 X114.5 Y135.824 E383.71935
G1 X114.666 Y136.131 E383.72373
G1 X115.114 Y136.444 E383.73058
G1 X153.527 Y136.444 E384.2123
M204 S3500
G0 F9000 X153.977 Y136.132
G0 X154.061 Y135.895
G0 X153.402 Y136.044
;TYPE:WALL-INNER
G1 F1909.1 X153.667 Y135.86 E384.21675
G1 X153.74 Y135.638 E384.21997
G1 X153.74 Y129.831 E384.30007
G1 F2181.8 X153.74 Y122.559 E384.40039
G1 F2454.5 X153.74 Y114.378 E384.51324
G1 F2727.3 X153.74 Y105.288 E384.63863
G1 F3000 X153.74 Y97.526 E384.7457
G1 X153.557 Y97.278 E384.74995
G1 X153.332 Y97.204 E384.75322
G1 X151.64 Y97.204 E384.77656
G1 F3272.7 X140.731 Y97.204 E384.92704
G1 F3545.5 X128.913 Y97.204 E385.09007
G1 F3818.2 X116.186 Y97.204 E385.26563
G1 F4090.9 X115.215 Y97.204 E385.27902
G1 X114.997 Y97.343 E385.28259
G1 X114.9 Y97.525 E385.28543
G1 X114.9 Y109.725 E385.45373
G1 F4363.6 X114.9 Y124.27 E385.65436
G1 F4636.4 X114.9 Y135.623 E385.81097
G1 X114.973 Y135.858 E385.81437
G1 X115.239 Y136.044 E385.81884
G1 X118.769 Y136.044 E385.86754
G1 F4909.1 X135.132 Y136.044 E386.09326
G1 F5181.8 X152.404 Y136.044 E386.33151
G1 F5454.5 X153.402 Y136.044 E386.34528
G0 F9000 X153.142 Y135.466
;MESH:NONMESH
G0 F600 X153.142 Y135.466 Z2.6
G0 F9000 X153.38 Y135.61
;TIME_ELAPSED:553.910821
;LAYER:12
;TYPE:FILL
;MESH:square.stl
G1 F6000 X153.35 Y135.656 E386.34604
G1 X115.29 Y97.595 E387.08853
G1 X115.26 Y97.615 E387.08903
G1 X115.26 Y97.978 E387.09404
G1 X115.674 Y97.564 E387.10211
G1 X122.801 Y97.564 E387.20043
G1 X153.035 Y127.798 E387.79024
G1 X153.38 Y127.798 E387.795
G1 X153.38 Y128.08 E387.79889
G1 X153.036 Y128.08 E387.80363
G1 X145.432 Y135.684 E387.95197
G1 X138.295 Y135.684 E388.05042
G1 X115.607 Y112.996 E388.49303
G1 X115.26 Y112.996 E388.49781
G1 X115.26 Y112.714 E388.5017
G1 X115.608 Y112.714 E388.5065
G1 X130.758 Y97.564 E388.80205
G1 X137.885 Y97.564 E388.90037
G1 X153.035 Y112.714 E389.19592
G1 X153.38 Y112.714 E389.20067
G1 X153.38 Y112.996 E389.20456
G1 X153.036 Y112.996 E389.20931
G1 X130.348 Y135.684 E389.65191
G1 X123.211 Y135.684 E389.75036
G1 X115.607 Y128.08 E389.8987
G1 X115.26 Y128.08 E389.90349
G1 X115.26 Y127.798 E389.90738
G1 X115.608 Y127.798 E389.91218
G1 X145.842 Y97.564 E390.50199
G1 X153.303 Y97.564 E390.60491
G1 X152.969 Y97.564 E390.60952
G1 X153.38 Y97.975 E390.61754
G1 X153.38 Y97.663 E390.62184
G1 X153.338 Y97.61 E390.62278
G1 X115.313 Y135.635 E391.36458
G1 X115.26 Y135.569 E391.36574
G1 X115.26 Y135.275 E391.3698
G1 X115.669 Y135.684 E391.37778
G1 X122.806 Y135.684 E391.47623
G1 X153.036 Y105.454 E392.06596
G1 X153.38 Y105.454 E392.07071
G1 X153.38 Y105.172 E392.0746
G1 X153.035 Y105.172 E392.07936
G1 X145.427 Y97.564 E392.22778
G1 X143.438 Y97.564 E392.25521
G1 F5727.3 X138.3 Y97.564 E392.32609
G1 X128.434 Y107.43 E392.51856
G1 F5454.5 X115.608 Y120.256 E392.76877
G1 X115.565 Y120.256 E392.76936
G1 F5181.8 X115.26 Y120.256 E392.77357
G1 X115.26 Y120.538 E392.77746
G1 X115.607 Y120.538 E392.78225
G1 X127.16 Y132.091 E393.00763
G1 F4909.1 X130.753 Y135.684 E393.07772
G1 X137.89 Y135.684 E393.17617
G1 X140.821 Y132.753 E393.23335
G1 F4636.4 X151.749 Y121.825 E393.44653
G1 F4363.6 X153.036 Y120.538 E393.47164
G1 X153.38 Y120.538 E393.47639
G1 X153.38 Y120.256 E393.48028
G1 X153.035 Y120.256 E393.48504
G1 X144.724 Y111.945 E393.64717
G1 F4090.9 X135.082 Y102.303 E393.83527
G1 F3818.2 X130.343 Y97.564 E393.92772
G1 X124.318 Y97.564 E394.01083
G1 F3545.5 X123.216 Y97.564 E394.02603
G1 X115.639 Y105.141 E394.17384
G1 F3272.7 X115.608 Y105.172 E394.17445
G1 X115.26 Y105.172 E394.17925
G1 X115.26 Y105.454 E394.18314
G1 X115.607 Y105.454 E394.18793
G1 X122.599 Y112.446 E394.32433
G1 F3000 X129.67 Y119.517 E394.46227
G1 F2727.3 X136.098 Y125.945 E394.58767
G1 F2454.5 X141.883 Y131.73 E394.70052
G1 F2181.8 X145.837 Y135.684 E394.77766
G1 X147.517 Y135.684 E394.80083
M205 X30 Y30
G1 F1909.1 X152.974 Y135.684 E394.87611
G1 X153.38 Y135.278 E394.88403
G1 X153.38 Y135.61 E394.88861
M204 S1500
G0 F9000 X153.354 Y136.444
M205 X50 Y50
;TYPE:WALL-OUTER
G1 F1800 X153.827 Y136.281 E394.89488
G1 X154.054 Y136.008 E394.89934
G1 X154.14 Y135.755 E394.90269
G1 X154.14 Y97.506 E395.38234
G1 X153.971 Y97.112 E395.38772
G1 X153.701 Y96.89 E395.3921
G1 X153.45 Y96.804 E395.39543
G1 X115.189 Y96.804 E395.87524
G1 X114.936 Y96.89 E395.87859
G1 X114.663 Y97.12 E395.88307
G1 X114.5 Y97.571 E395.88908
G1 X114.5 Y135.75 E396.36786
G1 X114.669 Y136.136 E396.37314
G1 X114.94 Y136.362 E396.37757
G1 X115.174 Y136.444 E396.38068
G1 X153.354 Y136.444 E396.85947
M204 S3500
G0 F9000 X153.827 Y136.281
G0 X154.018 Y136.051
G0 X153.318 Y136.044
;TYPE:WALL-INNER
G1 F1909.1 X153.571 Y135.963 E396.86313
G1 X153.74 Y135.689 E396.86757
G1 X153.74 Y129.913 E396.94725
G1 F2181.8 X153.74 Y122.641 E397.04756
G1 F2454.5 X153.74 Y114.46 E397.16042
G1 F2727.3 X153.74 Y105.37 E397.28581
G1 F3000 X153.74 Y97.588 E397.39315
G1 X153.641 Y97.36 E397.39658
G1 X153.384 Y97.204 E397.40073
G1 X151.716 Y97.204 E397.42374
G1 F3272.7 X140.807 Y97.204 E397.57422
G1 F3545.5 X128.989 Y97.204 E397.73724
G1 F3818.2 X116.262 Y97.204 E397.91281
G1 F4090.9 X115.255 Y97.204 E397.9267
G1 X114.98 Y97.376 E397.93117
G1 X114.9 Y97.609 E397.93457
G1 X114.9 Y109.667 E398.1009
G1 F4363.6 X114.9 Y124.212 E398.30154
G1 F4636.4 X114.9 Y135.667 E398.45956
G1 X114.997 Y135.889 E398.4629
G1 X115.241 Y136.044 E398.46689
G1 X118.709 Y136.044 E398.51473
G1 F4909.1 X135.072 Y136.044 E398.74044
G1 F5181.8 X152.344 Y136.044 E398.9787
G1 F5454.5 X153.318 Y136.044 E398.99214
G0 F9000 X153.142 Y135.449
;MESH:NONMESH
G0 F600 X153.142 Y135.449 Z2.8
G0 F9000 X153.38 Y135.601
;TIME_ELAPSED:569.449638
;LAYER:13
;TYPE:FILL
;MESH:square.stl
G1 F6000 X153.338 Y135.643 E398.99296
G1 X115.297 Y97.602 E399.73507
G1 X115.264 Y97.698 E399.73647
G1 X115.264 Y97.974 E399.74028
G1 X115.67 Y97.568 E399.7482
G1 X122.805 Y97.568 E399.84662
G1 X153.035 Y127.798 E400.43635
G1 X153.38 Y127.798 E400.44111
G1 X153.38 Y128.08 E400.445
G1 X153.036 Y128.08 E400.44975
G1 X145.432 Y135.684 E400.59809
G1 X138.295 Y135.684 E400.69654
G1 X115.607 Y112.996 E401.13914
G1 X115.263 Y112.996 E401.14389
G1 X115.262 Y112.714 E401.14778
G1 X115.608 Y112.714 E401.15255
G1 X130.754 Y97.568 E401.44802
G1 X137.889 Y97.568 E401.54645
G1 X153.035 Y112.714 E401.84192
G1 X153.38 Y112.714 E401.84668
G1 X153.38 Y112.996 E401.85057
G1 X153.036 Y112.996 E401.85531
G1 X130.348 Y135.684 E402.29791
G1 X123.211 Y135.684 E402.39637
G1 X115.607 Y128.08 E402.54471
G1 X115.261 Y128.081 E402.54948
G1 X115.261 Y127.799 E402.55337
G1 X115.608 Y127.798 E402.55816
G1 X145.838 Y97.568 E403.14789
G1 X153.242 Y97.568 E403.25002
G1 X152.973 Y97.568 E403.25373
G1 X153.38 Y97.975 E403.26167
G1 X153.38 Y97.618 E403.2666
G1 X153.344 Y97.604 E403.26713
G1 X115.293 Y135.655 E404.00944
G1 X115.26 Y135.63 E404.01001
G1 X115.26 Y135.275 E404.01491
G1 X115.669 Y135.684 E404.02289
G1 X122.806 Y135.684 E404.12134
G1 X153.036 Y105.454 E404.71107
G1 X153.38 Y105.454 E404.71582
G1 X153.38 Y105.172 E404.71971
G1 X153.035 Y105.172 E404.72447
G1 X145.431 Y97.568 E404.87281
G1 X143.461 Y97.568 E404.89998
G1 F5727.3 X138.296 Y97.568 E404.97123
G1 X128.449 Y107.415 E405.16333
G1 F5454.5 X115.607 Y120.257 E405.41385
G1 X115.587 Y120.257 E405.41413
G1 F5181.8 X115.261 Y120.257 E405.41862
G1 X115.262 Y120.539 E405.42251
G1 X115.607 Y120.539 E405.42727
G1 X127.147 Y132.078 E405.65239
G1 F4909.1 X130.753 Y135.684 E405.72274
G1 X137.89 Y135.684 E405.82119
G1 X140.808 Y132.766 E405.87811
G1 F4636.4 X151.736 Y121.838 E406.0913
G1 F4363.6 X153.036 Y120.538 E406.11666
G1 X153.38 Y120.538 E406.1214
G1 X153.38 Y120.256 E406.12529
G1 X153.035 Y120.256 E406.13005
G1 X144.737 Y111.958 E406.29193
G1 F4090.9 X135.095 Y102.316 E406.48003
G1 F3818.2 X130.347 Y97.568 E406.57266
G1 X124.335 Y97.568 E406.65559
G1 F3545.5 X123.212 Y97.568 E406.67108
G1 X115.65 Y105.13 E406.8186
G1 F3272.7 X115.608 Y105.172 E406.81942
G1 X115.263 Y105.172 E406.82418
G1 X115.263 Y105.454 E406.82807
G1 X115.607 Y105.454 E406.83281
G1 X122.592 Y112.439 E406.96908
G1 F3000 X129.663 Y119.51 E407.10702
G1 F2727.3 X136.091 Y125.938 E407.23242
G1 F2454.5 X141.876 Y131.723 E407.34528
G1 F2181.8 X145.837 Y135.684 E407.42255
G1 X147.508 Y135.684 E407.4456
M205 X30 Y30
G1 F1909.1 X152.974 Y135.684 E407.521
G1 X153.38 Y135.278 E407.52892
G1 X153.38 Y135.601 E407.53337
M204 S1500
G0 F9000 X153.462 Y136.444
M205 X50 Y50
;TYPE:WALL-OUTER
G1 F1800 X153.895 Y136.224 E407.53947
G1 X154.091 Y135.92 E407.544
G1 X154.14 Y135.672 E407.54717
G1 X154.14 Y97.586 E408.02478
G1 X153.989 Y97.129 E408.03082
G1 X153.823 Y96.966 E408.03374
G1 X153.373 Y96.808 E408.03972
G1 X115.272 Y96.808 E408.51752
G1 X114.823 Y96.956 E408.52345
G1 X114.659 Y97.121 E408.52636
G1 X114.504 Y97.57 E408.53232
G1 X114.5 Y135.672 E409.01013
G1 X114.648 Y136.113 E409.01597
G1 X114.92 Y136.352 E409.02051
G1 X115.179 Y136.444 E409.02396
G1 X153.462 Y136.444 E409.50404
M204 S3500
G0 F9000 X153.895 Y136.224
G0 X154.065 Y135.961
G0 X153.394 Y136.044
;TYPE:WALL-INNER
G1 F1909.1 X153.599 Y135.945 E409.50718
G1 X153.74 Y135.726 E409.51077
G1 X153.74 Y129.851 E409.59181
G1 F2181.8 X153.74 Y122.579 E409.69213
G1 F2454.5 X153.74 Y114.398 E409.80498
G1 F2727.3 X153.74 Y105.308 E409.93037
G1 F3000 X153.74 Y97.505 E410.03801
G1 X153.607 Y97.314 E410.04122
G1 X153.305 Y97.208 E410.04563
G1 X151.661 Y97.208 E410.06831
G1 F3272.7 X140.752 Y97.208 E410.21879
G1 F3545.5 X128.934 Y97.208 E410.38182
G1 F3818.2 X116.207 Y97.208 E410.55738
G1 F4090.9 X115.193 Y97.208 E410.57137
G1 X115.007 Y97.338 E410.5745
G1 X114.904 Y97.637 E410.57886
G1 X114.903 Y109.716 E410.74548
G1 F4363.6 X114.902 Y124.261 E410.94612
G1 F4636.4 X114.9 Y135.633 E411.10299
G1 X114.967 Y135.861 E411.10627
G1 X115.248 Y136.044 E411.11089
G1 X118.757 Y136.044 E411.1593
G1 F4909.1 X135.12 Y136.044 E411.38502
G1 F5181.8 X152.392 Y136.044 E411.62327
G1 F5454.5 X153.394 Y136.044 E411.6371
G0 F9000 X153.142 Y135.453
G1 F2700 E405.1371
;MESH:NONMESH
G0 F600 X153.142 Y135.453 Z3
G0 F9000 X115.26 Y97.978
;TIME_ELAPSED:585.519805
;LAYER:14
;TYPE:FILL
;MESH:square.stl
G1 F2700 E411.6371
G1 F6000 X115.326 Y97.912 E411.63838
G1 X115.326 Y97.568 E411.64313
G1 X115.608 Y97.568 E411.64702
G1 X115.608 Y97.913 E411.65178
G1 X153.354 Y135.659 E412.38814
G1 X152.974 Y135.684 E412.39339
G1 X153.38 Y135.278 E412.40131
G1 X153.38 Y128.143 E412.49973
G1 X123.15 Y97.913 E413.08947
G1 X123.15 Y97.568 E413.09423
G1 X122.868 Y97.568 E413.09812
G1 X122.868 Y97.912 E413.10286
G1 X115.26 Y105.52 E413.25128
G1 X115.26 Y112.649 E413.34962
G1 X137.952 Y135.341 E413.7923
G1 X137.952 Y135.684 E413.79703
G1 X138.234 Y135.684 E413.80092
G1 X138.234 Y135.34 E413.80567
G1 X153.38 Y120.194 E414.10114
G1 X153.38 Y113.059 E414.19956
G1 X138.234 Y97.913 E414.49503
G1 X138.234 Y97.568 E414.49979
G1 X137.952 Y97.568 E414.50368
G1 X137.952 Y97.912 E414.50843
G1 X115.26 Y120.604 E414.95111
G1 X115.26 Y127.733 E415.04945
G1 X122.868 Y135.341 E415.19787
G1 X122.868 Y135.684 E415.2026
G1 X123.15 Y135.684 E415.20649
G1 X123.15 Y135.34 E415.21124
G1 X153.38 Y105.11 E415.80097
G1 X153.38 Y97.975 E415.89939
G1 X152.973 Y97.568 E415.90733
G1 X153.38 Y97.568 E415.91295
G1 X115.302 Y135.646 E416.65578
G1 X115.669 Y135.684 E416.66087
G1 X115.26 Y135.275 E416.66885
G1 X115.26 Y128.146 E416.76719
G1 X145.494 Y97.912 E417.357
G1 X145.494 Y97.568 E417.36175
G1 X145.776 Y97.568 E417.36564
G1 X145.776 Y97.913 E417.3704
G1 X153.38 Y105.517 E417.51874
G1 X153.38 Y106.997 E417.53915
G1 F5727.3 X153.38 Y112.652 E417.61716
G1 X143.88 Y122.152 E417.80249
G1 F5454.5 X131.024 Y135.008 E418.05329
G1 F5181.8 X130.692 Y135.34 E418.05976
G1 X130.692 Y135.684 E418.06451
G1 X130.41 Y135.684 E418.0684
G1 X130.41 Y135.341 E418.07313
G1 X119.214 Y124.145 E418.29154
G1 F4909.1 X115.26 Y120.191 E418.36868
G1 X115.26 Y113.062 E418.46702
G1 X117.835 Y110.487 E418.51725
G1 F4636.4 X128.763 Y99.559 E418.73044
G1 F4363.6 X130.41 Y97.912 E418.76257
G1 X130.41 Y97.568 E418.76732
G1 X130.692 Y97.568 E418.77121
G1 X130.692 Y97.913 E418.77597
G1 X138.643 Y105.864 E418.93108
G1 F4090.9 X148.285 Y115.506 E419.11917
G1 F3818.2 X153.38 Y120.601 E419.21857
G1 X153.38 Y126.122 E419.29473
G1 F3545.5 X153.38 Y127.736 E419.31699
G1 X146.165 Y134.951 E419.45774
G1 F3272.7 X145.776 Y135.34 E419.46533
G1 X145.776 Y135.684 E419.47008
G1 X145.494 Y135.684 E419.47397
G1 X145.494 Y135.341 E419.4787
G1 X138.855 Y128.702 E419.60821
G1 F3000 X131.784 Y121.631 E419.74616
G1 F2727.3 X125.356 Y115.203 E419.87156
G1 F2454.5 X119.571 Y109.418 E419.98441
G1 F2181.8 X115.26 Y105.107 E420.06851
G1 X115.26 Y103.931 E420.08473
M205 X30 Y30
G1 F1909.1 X115.26 Y97.568 E420.17251
M204 S1500
G1 F2700 E413.67251
G0 F9000 X115.362 Y135.746
G0 X115.267 Y136.444
M205 X50 Y50
;TYPE:WALL-OUTER
G1 F2700 E420.17251
G1 F1800 X153.446 Y136.444 E420.65129
G1 X153.726 Y136.348 E420.655
G1 X154.049 Y136.027 E420.66071
G1 X154.14 Y135.773 E420.66409
G1 X154.14 Y97.602 E421.14277
G1 X154.092 Y97.333 E421.1462
G1 X153.825 Y96.965 E421.1519
G1 X153.459 Y96.808 E421.15689
G1 X115.266 Y96.808 E421.63585
G1 X115.026 Y96.852 E421.63891
G1 X114.661 Y97.119 E421.64458
G1 X114.5 Y97.486 E421.6496
G1 X114.5 Y135.68 E422.12857
G1 X114.652 Y136.121 E422.13442
G1 X114.92 Y136.35 E422.13884
G1 X115.267 Y136.444 E422.14335
M204 S3500
G0 F9000 X116.067 Y136.444
G0 X115.32 Y136.044
;TYPE:WALL-INNER
G1 F1909.1 X121.683 Y136.044 E422.23112
G1 F2181.8 X128.955 Y136.044 E422.33144
G1 F2454.5 X137.136 Y136.044 E422.44429
G1 F2727.3 X146.226 Y136.044 E422.56968
G1 F3000 X153.38 Y136.044 E422.66836
G1 X153.538 Y135.989 E422.67067
G1 X153.74 Y135.704 E422.67549
G1 X153.74 Y133.375 E422.70762
G1 F3272.7 X153.74 Y122.466 E422.8581
G1 F3545.5 X153.74 Y110.648 E423.02112
G1 F3818.2 X153.74 Y97.921 E423.19668
G1 F4090.9 X153.74 Y97.507 E423.2024
G1 X153.597 Y97.303 E423.20583
G1 X153.377 Y97.208 E423.20914
G1 X140.644 Y97.208 E423.38478
G1 F4363.6 X126.099 Y97.208 E423.58542
G1 F4636.4 X115.193 Y97.208 E423.73586
G1 X114.997 Y97.348 E423.73919
G1 X114.9 Y97.569 E423.74252
G1 X114.9 Y101.635 E423.7986
G1 F4909.1 X114.9 Y117.998 E424.02432
G1 F5181.8 X114.9 Y135.27 E424.26258
G1 F5454.5 X114.9 Y135.641 E424.2677
G1 X114.972 Y135.868 E424.27098
G1 X115.112 Y135.987 E424.27352
G1 X115.32 Y136.044 E424.27649
G0 F9000 X115.503 Y135.449
G1 F2700 E417.77649
;MESH:NONMESH
G0 F600 X115.503 Y135.449 Z3.2
G0 F9000 X153.38 Y135.684
;TIME_ELAPSED:602.294270
;LAYER:15
;TYPE:FILL
;MESH:square.stl
G1 F2700 E424.27649
G1 F6000 X153.38 Y135.278 E424.28209
G1 X152.974 Y135.684 E424.29001
G1 X145.837 Y135.684 E424.38846
G1 X115.607 Y105.454 E424.9782
G1 X115.261 Y105.454 E424.98297
G1 X115.26 Y105.172 E424.98686
G1 X115.608 Y105.172 E424.99166
G1 X123.212 Y97.568 E425.14
G1 X130.347 Y97.568 E425.23842
G1 X153.035 Y120.256 E425.68103
G1 X153.38 Y120.256 E425.68579
G1 X153.38 Y120.538 E425.68968
G1 X153.036 Y120.538 E425.69442
G1 X137.89 Y135.684 E425.98989
G1 X130.753 Y135.684 E426.08834
G1 X115.607 Y120.538 E426.38382
G1 X115.261 Y120.538 E426.38859
G1 X115.26 Y120.256 E426.39248
G1 X115.608 Y120.256 E426.39728
G1 X138.296 Y97.568 E426.83988
G1 X145.431 Y97.568 E426.9383
G1 X153.035 Y105.172 E427.08665
G1 X153.38 Y105.172 E427.0914
G1 X153.38 Y105.454 E427.09529
G1 X153.036 Y105.454 E427.10004
G1 X122.806 Y135.684 E427.68977
G1 X115.669 Y135.684 E427.78822
G1 X115.26 Y135.275 E427.7962
G1 X115.26 Y135.684 E427.80185
G1 X115.264 Y135.684 E427.8019
G1 X153.036 Y97.912 E428.53877
G1 X153.38 Y97.912 E428.54351
G1 X153.38 Y97.63 E428.5474
G1 X153.035 Y97.63 E428.55216
G1 X152.973 Y97.568 E428.55337
G1 X145.838 Y97.568 E428.65179
G1 X115.608 Y127.798 E429.24153
G1 X115.26 Y127.798 E429.24633
G1 X115.261 Y128.08 E429.25022
G1 X115.607 Y128.08 E429.25499
G1 X123.211 Y135.684 E429.40333
G1 X130.348 Y135.684 E429.50178
G1 X153.036 Y112.996 E429.94438
G1 X153.38 Y112.996 E429.94913
G1 X153.38 Y112.714 E429.95302
G1 X153.035 Y112.714 E429.95778
G1 X141.878 Y101.557 E430.17543
G1 F5727.3 X137.889 Y97.568 E430.25325
G1 X130.754 Y97.568 E430.35167
G1 X126.289 Y102.033 E430.43878
G1 F5454.5 X115.608 Y112.714 E430.64715
G1 X115.26 Y112.714 E430.65195
G1 X115.261 Y112.996 E430.65584
G1 X115.607 Y112.996 E430.66061
G1 X117.092 Y114.481 E430.68958
G1 F5181.8 X129.305 Y126.694 E430.92783
G1 F4909.1 X138.295 Y135.684 E431.10321
G1 X141.944 Y135.684 E431.15355
G1 F4636.4 X145.432 Y135.684 E431.20166
G1 X153.036 Y128.08 E431.35
G1 X153.38 Y128.08 E431.35475
G1 X153.38 Y127.798 E431.35864
G1 X153.035 Y127.798 E431.3634
G1 X152.864 Y127.627 E431.36673
G1 F4363.6 X142.579 Y117.342 E431.56738
G1 F4090.9 X132.937 Y107.7 E431.75547
G1 F3818.2 X123.938 Y98.701 E431.93103
G1 F3545.5 X122.805 Y97.568 E431.95313
G1 X115.67 Y97.568 E432.05155
G1 X115.261 Y97.977 E432.05953
G1 X115.26 Y97.652 E432.06402
G1 X115.302 Y97.568 E432.06531
G1 X115.289 Y97.594 E432.06571
G1 X116.741 Y99.046 E432.09404
G1 F3272.7 X124.454 Y106.759 E432.24451
G1 F3000 X131.525 Y113.83 E432.38245
G1 F2727.3 X137.953 Y120.258 E432.50785
G1 F2454.5 X143.738 Y126.043 E432.6207
G1 F2181.8 X148.88 Y131.185 E432.72101
M205 X30 Y30
G1 F1909.1 X153.379 Y135.684 E432.80878
G1 X153.38 Y135.684 E432.8088
M204 S1500
G1 F2700 E426.3088
G0 F9000 X115.366 Y135.748
G0 X115.298 Y136.444
M205 X50 Y50
;TYPE:WALL-OUTER
G1 F2700 E432.8088
G1 F1800 X153.374 Y136.444 E433.28628
G1 X153.613 Y136.4 E433.28933
G1 X153.984 Y136.128 E433.2951
G1 X154.14 Y135.68 E433.30105
G1 X154.14 Y97.602 E433.77856
G1 X154.092 Y97.33 E433.78202
G1 X153.823 Y96.963 E433.78773
G1 X153.374 Y96.808 E433.79369
G1 X115.267 Y96.808 E434.27156
G1 X115.027 Y96.852 E434.27462
G1 X114.656 Y97.124 E434.28039
G1 X114.5 Y97.568 E434.28629
G1 X114.5 Y135.68 E434.76423
G1 X114.656 Y136.128 E434.77018
G1 X115.025 Y136.396 E434.7759
G1 X115.298 Y136.444 E434.77938
M204 S3500
G0 F9000 X116.098 Y136.444
G0 X115.333 Y136.044
;TYPE:WALL-INNER
G1 F1909.1 X121.696 Y136.044 E434.86715
G1 F2181.8 X128.968 Y136.044 E434.96746
G1 F2454.5 X137.149 Y136.044 E435.08031
G1 F2727.3 X146.239 Y136.044 E435.20571
G1 F3000 X153.446 Y136.044 E435.30512
G1 X153.657 Y135.889 E435.30873
G1 X153.74 Y135.641 E435.31234
G1 X153.74 Y133.372 E435.34364
G1 F3272.7 X153.74 Y122.463 E435.49412
G1 F3545.5 X153.74 Y110.645 E435.65715
G1 F3818.2 X153.74 Y97.918 E435.83271
G1 F4090.9 X153.74 Y97.502 E435.83845
G1 X153.583 Y97.288 E435.84211
G1 X153.338 Y97.208 E435.84566
G1 X140.641 Y97.208 E436.02081
G1 F4363.6 X126.096 Y97.208 E436.22145
G1 F4636.4 X115.196 Y97.208 E436.37181
G1 X114.982 Y97.364 E436.37546
G1 X114.9 Y97.607 E436.379
G1 X114.9 Y101.64 E436.43463
G1 F4909.1 X114.9 Y118.003 E436.66035
G1 F5181.8 X114.9 Y135.275 E436.89861
G1 F5454.5 X114.9 Y135.743 E436.90506
G1 X115.055 Y135.961 E436.90875
G1 X115.333 Y136.044 E436.91276
G0 F9000 X115.503 Y135.449
G1 F2700 E430.41276
;MESH:NONMESH
G0 F600 X115.503 Y135.449 Z3.4
G0 F9000 X153.38 Y135.641
;TIME_ELAPSED:619.077930
;LAYER:16
;TYPE:FILL
;MESH:square.stl
G1 F2700 E436.91276
G1 F6000 X153.347 Y135.653 E436.91324
G1 X115.289 Y97.594 E437.65569
G1 X115.26 Y97.652 E437.65659
G1 X115.261 Y97.977 E437.66107
G1 X115.671 Y97.567 E437.66907
G1 X122.804 Y97.567 E437.76747
G1 X153.035 Y127.798 E438.35722
G1 X153.38 Y127.798 E438.36198
G1 X153.38 Y128.08 E438.36587
G1 X153.036 Y128.08 E438.37061
G1 X145.432 Y135.684 E438.51895
G1 X138.295 Y135.684 E438.61741
G1 X115.607 Y112.996 E439.06001
G1 X115.261 Y112.996 E439.06478
G1 X115.26 Y112.714 E439.06867
G1 X115.608 Y112.714 E439.07347
G1 X130.756 Y97.566 E439.36898
G1 X137.887 Y97.566 E439.46735
G1 X153.035 Y112.714 E439.76286
G1 X153.38 Y112.714 E439.76762
G1 X153.38 Y112.996 E439.77151
G1 X153.036 Y112.996 E439.77626
G1 X130.348 Y135.684 E440.21886
G1 X123.211 Y135.684 E440.31731
G1 X115.607 Y128.08 E440.46565
G1 X115.261 Y128.08 E440.47042
G1 X115.26 Y127.798 E440.47431
G1 X115.608 Y127.798 E440.47911
G1 X145.841 Y97.564 E441.06892
G1 X153.28 Y97.564 E441.17153
G1 X152.969 Y97.564 E441.17582
G1 X153.38 Y97.975 E441.18384
G1 X153.38 Y97.61 E441.18887
G1 X153.352 Y97.596 E441.18931
G1 X115.264 Y135.684 E441.93234
G1 X115.26 Y135.684 E441.93239
G1 X115.26 Y135.275 E441.93803
G1 X115.669 Y135.684 E441.94601
G1 X122.806 Y135.684 E442.04446
G1 X153.036 Y105.454 E442.6342
G1 X153.38 Y105.454 E442.63894
G1 X153.38 Y105.172 E442.64283
G1 X153.035 Y105.172 E442.64759
G1 X145.428 Y97.565 E442.79599
G1 X143.41 Y97.565 E442.82383
G1 F5727.3 X138.299 Y97.565 E442.89433
G1 X128.414 Y107.45 E443.08717
G1 F5454.5 X115.608 Y120.256 E443.33699
G1 X115.538 Y120.256 E443.33796
G1 F5181.8 X115.26 Y120.256 E443.34179
G1 X115.261 Y120.538 E443.34568
G1 X115.607 Y120.538 E443.35046
G1 X127.18 Y132.111 E443.57622
G1 F4909.1 X130.753 Y135.684 E443.64593
G1 X137.89 Y135.684 E443.74438
G1 X140.841 Y132.733 E443.80195
G1 F4636.4 X151.769 Y121.805 E444.01513
G1 F4363.6 X153.035 Y120.539 E444.03983
G1 X153.38 Y120.539 E444.04459
G1 X153.38 Y120.257 E444.04848
G1 X153.036 Y120.257 E444.05322
G1 X144.703 Y111.925 E444.21578
G1 F4090.9 X135.061 Y102.283 E444.40388
G1 F3818.2 X130.345 Y97.567 E444.49588
G1 X124.288 Y97.567 E444.57943
G1 F3545.5 X123.213 Y97.567 E444.59426
G1 X115.617 Y105.163 E444.74244
G1 F3272.7 X115.608 Y105.172 E444.74262
G1 X115.26 Y105.172 E444.74742
G1 X115.261 Y105.454 E444.75131
G1 X115.607 Y105.454 E444.75608
G1 X122.621 Y112.468 E444.89291
G1 F3000 X129.692 Y119.539 E445.03086
G1 F2727.3 X136.12 Y125.967 E445.15625
G1 F2454.5 X141.905 Y131.752 E445.26911
G1 F2181.8 X145.837 Y135.684 E445.34582
G1 X147.548 Y135.684 E445.36942
M205 X30 Y30
G1 F1909.1 X152.974 Y135.684 E445.44427
G1 X153.38 Y135.278 E445.45219
G1 X153.38 Y135.641 E445.45719
M204 S1500
G0 F9000 X153.342 Y136.444
M205 X50 Y50
;TYPE:WALL-OUTER
G1 F1800 X153.615 Y136.396 E445.46067
G1 X153.984 Y136.128 E445.46639
G1 X154.14 Y135.68 E445.47234
G1 X154.14 Y97.602 E445.94985
G1 X154.092 Y97.33 E445.95331
G1 X153.823 Y96.963 E445.95902
G1 X153.357 Y96.804 E445.9652
G1 X115.267 Y96.808 E446.44286
G1 X115.027 Y96.852 E446.44592
G1 X114.656 Y97.124 E446.45169
G1 X114.5 Y97.568 E446.45759
G1 X114.5 Y135.68 E446.93553
G1 X114.656 Y136.128 E446.94148
G1 X115.025 Y136.396 E446.94719
G1 X115.298 Y136.444 E446.95067
G1 X153.342 Y136.444 E447.42776
M204 S3500
G0 F9000 X153.615 Y136.396
G0 X153.984 Y136.128
G0 X154.006 Y136.065
G1 F2700 E440.92776
G0 F9000 X153.416 Y135.711
G0 X115.366 Y135.748
G0 X115.333 Y136.044
;TYPE:WALL-INNER
G1 F2700 E447.42776
G1 F6000 X153.442 Y136.044 E447.95345
G1 X153.657 Y135.889 E447.9571
G1 X153.74 Y135.641 E447.96071
G1 X153.74 Y97.502 E448.48682
G1 X153.583 Y97.288 E448.49048
G1 X153.321 Y97.204 E448.49427
G1 X115.196 Y97.208 E449.02018
G1 X114.982 Y97.364 E449.02384
G1 X114.9 Y97.607 E449.02738
G1 X114.9 Y135.743 E449.55344
G1 X115.055 Y135.961 E449.55713
G1 X115.333 Y136.044 E449.56113
G0 F9000 X115.503 Y135.449
G1 F2700 E443.06113
;MESH:NONMESH
G0 F600 X115.503 Y135.449 Z3.6
G0 F9000 X153.38 Y135.641
;TIME_ELAPSED:634.740684
;LAYER:17
;TYPE:FILL
;MESH:square.stl
G1 F2700 E449.56113
G1 F6000 X153.347 Y135.653 E449.56162
G1 X115.29 Y97.595 E450.30405
G1 X115.26 Y97.66 E450.30504
G1 X115.26 Y97.978 E450.30942
G1 X115.671 Y97.567 E450.31744
G1 X122.804 Y97.567 E450.41584
G1 X153.035 Y127.798 E451.00559
G1 X153.38 Y127.798 E451.01035
G1 X153.38 Y128.08 E451.01424
G1 X153.036 Y128.08 E451.01899
G1 X145.432 Y135.684 E451.16733
G1 X138.295 Y135.684 E451.26578
G1 X115.607 Y112.996 E451.70838
G1 X115.26 Y112.996 E451.71317
G1 X115.26 Y112.714 E451.71706
G1 X115.608 Y112.714 E451.72186
G1 X130.756 Y97.566 E452.01737
G1 X137.887 Y97.566 E452.11574
G1 X153.035 Y112.714 E452.41125
G1 X153.38 Y112.714 E452.41601
G1 X153.38 Y112.996 E452.4199
G1 X153.036 Y112.996 E452.42464
G1 X130.348 Y135.684 E452.86724
G1 X123.211 Y135.684 E452.96569
G1 X115.607 Y128.08 E453.11404
G1 X115.26 Y128.08 E453.11882
G1 X115.26 Y127.798 E453.12271
G1 X115.608 Y127.798 E453.12751
G1 X145.841 Y97.564 E453.71732
G1 X153.28 Y97.564 E453.81993
G1 X152.969 Y97.564 E453.82422
G1 X153.38 Y97.975 E453.83224
G1 X153.38 Y97.61 E453.83727
G1 X153.352 Y97.596 E453.83771
G1 X115.264 Y135.684 E454.58074
G1 X115.26 Y135.684 E454.58079
G1 X115.26 Y135.275 E454.58643
G1 X115.669 Y135.684 E454.59441
G1 X122.806 Y135.684 E454.69286
G1 X153.036 Y105.454 E455.2826
G1 X153.38 Y105.454 E455.28734
G1 X153.38 Y105.172 E455.29123
G1 X153.035 Y105.172 E455.29599
G1 X145.428 Y97.565 E455.44439
G1 X143.41 Y97.565 E455.47223
G1 F5727.3 X138.299 Y97.565 E455.54273
G1 X128.414 Y107.45 E455.73557
G1 F5454.5 X115.608 Y120.256 E455.98539
G1 X115.537 Y120.256 E455.98637
G1 F5181.8 X115.26 Y120.256 E455.99019
G1 X115.26 Y120.538 E455.99408
G1 X115.607 Y120.538 E455.99887
G1 X127.18 Y132.111 E456.22464
G1 F4909.1 X130.753 Y135.684 E456.29434
G1 X137.89 Y135.684 E456.39279
G1 X140.841 Y132.733 E456.45036
G1 F4636.4 X151.769 Y121.805 E456.66355
G1 F4363.6 X153.035 Y120.539 E456.68824
G1 X153.38 Y120.539 E456.693
G1 X153.38 Y120.257 E456.69689
G1 X153.036 Y120.257 E456.70164
G1 X144.703 Y111.925 E456.86419
G1 F4090.9 X135.061 Y102.283 E457.05229
G1 F3818.2 X130.345 Y97.567 E457.14429
G1 X124.288 Y97.567 E457.22784
G1 F3545.5 X123.213 Y97.567 E457.24267
G1 X115.617 Y105.163 E457.39086
G1 F3272.7 X115.608 Y105.172 E457.39103
G1 X115.26 Y105.172 E457.39583
G1 X115.26 Y105.454 E457.39972
G1 X115.607 Y105.454 E457.40451
G1 X122.621 Y112.468 E457.54134
G1 F3000 X129.692 Y119.539 E457.67928
G1 F2727.3 X136.12 Y125.967 E457.80468
G1 F2454.5 X141.905 Y131.752 E457.91754
G1 F2181.8 X145.837 Y135.684 E457.99424
G1 X147.548 Y135.684 E458.01785
M205 X30 Y30
G1 F1909.1 X152.974 Y135.684 E458.09269
G1 X153.38 Y135.278 E458.10061
G1 X153.38 Y135.641 E458.10562
M204 S1500
G0 F9000 X153.342 Y136.444
M205 X50 Y50
;TYPE:WALL-OUTER
G1 F1800 X153.615 Y136.396 E458.1091
G1 X153.984 Y136.128 E458.11482
G1 X154.14 Y135.68 E458.12077
G1 X154.14 Y97.602 E458.59828
G1 X154.092 Y97.33 E458.60174
G1 X153.823 Y96.963 E458.60745
G1 X153.357 Y96.804 E458.61362
G1 X115.266 Y96.808 E459.0913
G1 X115.027 Y96.852 E459.09435
G1 X114.656 Y97.124 E459.10011
G1 X114.5 Y97.583 E459.10619
G1 X114.5 Y135.68 E459.58394
G1 X114.656 Y136.128 E459.58989
G1 X115.025 Y136.396 E459.59561
G1 X115.298 Y136.444 E459.59909
G1 X153.342 Y136.444 E460.07617
M204 S3500
G0 F9000 X153.615 Y136.396
G0 X153.984 Y136.128
G0 X154.006 Y136.065
G1 F2700 E453.57617
G0 F9000 X153.416 Y135.711
G0 X115.366 Y135.748
G0 X115.333 Y136.044
;TYPE:WALL-INNER
G1 F2700 E460.07617
G1 F6000 X153.442 Y136.044 E460.60187
G1 X153.657 Y135.889 E460.60552
G1 X153.74 Y135.641 E460.60913
G1 X153.74 Y97.502 E461.13523
G1 X153.583 Y97.288 E461.1389
G1 X153.321 Y97.204 E461.14269
G1 X115.194 Y97.208 E461.66863
G1 X114.982 Y97.364 E461.67226
G1 X114.9 Y97.62 E461.67597
G1 X114.9 Y135.743 E462.20185
G1 X115.055 Y135.961 E462.20554
G1 X115.333 Y136.044 E462.20954
G0 F9000 X115.503 Y135.45
G1 F2700 E455.70954
;MESH:NONMESH
G0 F600 X115.503 Y135.45 Z3.8
G0 F9000 X153.38 Y135.641
;TIME_ELAPSED:650.403680
;LAYER:18
;TYPE:FILL
;MESH:square.stl
G1 F2700 E462.20954
G1 F6000 X153.347 Y135.653 E462.21003
G1 X115.29 Y97.595 E462.95246
G1 X115.26 Y97.66 E462.95345
G1 X115.26 Y97.978 E462.95784
G1 X115.671 Y97.567 E462.96586
G1 X122.804 Y97.567 E463.06425
G1 X153.035 Y127.798 E463.65401
G1 X153.38 Y127.798 E463.65876
G1 X153.38 Y128.08 E463.66265
G1 X153.036 Y128.08 E463.6674
G1 X145.432 Y135.684 E463.81574
G1 X138.295 Y135.684 E463.91419
G1 X115.607 Y112.996 E464.35679
G1 X115.26 Y112.996 E464.36158
G1 X115.26 Y112.714 E464.36547
G1 X115.608 Y112.714 E464.37027
G1 X130.756 Y97.566 E464.66578
G1 X137.887 Y97.566 E464.76415
G1 X153.035 Y112.714 E465.05966
G1 X153.38 Y112.714 E465.06442
G1 X153.38 Y112.996 E465.06831
G1 X153.036 Y112.996 E465.07305
G1 X130.348 Y135.684 E465.51566
G1 X123.211 Y135.684 E465.61411
G1 X115.607 Y128.08 E465.76245
G1 X115.26 Y128.08 E465.76724
G1 X115.26 Y127.798 E465.77113
G1 X115.608 Y127.798 E465.77593
G1 X145.841 Y97.564 E466.36573
G1 X153.28 Y97.564 E466.46835
G1 X152.969 Y97.564 E466.47264
G1 X153.38 Y97.975 E466.48065
G1 X153.38 Y97.61 E466.48569
G1 X153.352 Y97.596 E466.48612
G1 X115.264 Y135.684 E467.22915
G1 X115.26 Y135.684 E467.2292
G1 X115.26 Y135.275 E467.23485
G1 X115.669 Y135.684 E467.24283
G1 X122.806 Y135.684 E467.34128
G1 X153.036 Y105.454 E467.93101
G1 X153.38 Y105.454 E467.93576
G1 X153.38 Y105.172 E467.93965
G1 X153.035 Y105.172 E467.9444
G1 X145.428 Y97.565 E468.0928
G1 X143.41 Y97.565 E468.12064
G1 F5727.3 X138.299 Y97.565 E468.19114
G1 X128.414 Y107.45 E468.38398
G1 F5454.5 X115.608 Y120.256 E468.63381
G1 X115.537 Y120.256 E468.63479
G1 F5181.8 X115.26 Y120.256 E468.63861
G1 X115.26 Y120.538 E468.6425
G1 X115.607 Y120.538 E468.64728
G1 X127.18 Y132.111 E468.87305
G1 F4909.1 X130.753 Y135.684 E468.94275
G1 X137.89 Y135.684 E469.04121
G1 X140.841 Y132.733 E469.09877
G1 F4636.4 X151.769 Y121.805 E469.31196
G1 F4363.6 X153.035 Y120.539 E469.33666
G1 X153.38 Y120.539 E469.34142
G1 X153.38 Y120.257 E469.34531
G1 X153.036 Y120.257 E469.35005
G1 X144.703 Y111.925 E469.5126
G1 F4090.9 X135.061 Y102.283 E469.7007
G1 F3818.2 X130.345 Y97.567 E469.7927
G1 X124.288 Y97.567 E469.87626
G1 F3545.5 X123.213 Y97.567 E469.89109
G1 X115.617 Y105.163 E470.03927
G1 F3272.7 X115.608 Y105.172 E470.03945
G1 X115.26 Y105.172 E470.04425
G1 X115.26 Y105.454 E470.04814
G1 X115.607 Y105.454 E470.05292
G1 X122.621 Y112.468 E470.18975
G1 F3000 X129.692 Y119.539 E470.3277
G1 F2727.3 X136.12 Y125.967 E470.4531
G1 F2454.5 X141.905 Y131.752 E470.56595
G1 F2181.8 X145.837 Y135.684 E470.64266
G1 X147.548 Y135.684 E470.66626
M205 X30 Y30
G1 F1909.1 X152.974 Y135.684 E470.74111
G1 X153.38 Y135.278 E470.74903
G1 X153.38 Y135.641 E470.75404
M204 S1500
G0 F9000 X153.342 Y136.444
M205 X50 Y50
;TYPE:WALL-OUTER
G1 F1800 X153.615 Y136.396 E470.75751
G1 X153.984 Y136.128 E470.76323
G1 X154.14 Y135.68 E470.76918
G1 X154.14 Y97.602 E471.24669
G1 X154.092 Y97.33 E471.25016
G1 X153.823 Y96.963 E471.25586
G1 X153.357 Y96.804 E471.26204
G1 X115.266 Y96.808 E471.73971
G1 X115.027 Y96.852 E471.74276
G1 X114.656 Y97.124 E471.74853
G1 X114.5 Y97.583 E471.75461
G1 X114.5 Y135.68 E472.23236
G1 X114.656 Y136.128 E472.23831
G1 X115.025 Y136.396 E472.24403
G1 X115.298 Y136.444 E472.2475
G1 X153.342 Y136.444 E472.72459
M204 S3500
G0 F9000 X153.615 Y136.396
G0 X153.984 Y136.128
G0 X154.006 Y136.065
G1 F2700 E466.22459
G0 F9000 X153.416 Y135.711
G0 X115.366 Y135.748
G0 X115.333 Y136.044
;TYPE:WALL-INNER
G1 F2700 E472.72459
G1 F6000 X153.442 Y136.044 E473.25028
G1 X153.657 Y135.889 E473.25393
G1 X153.74 Y135.641 E473.25754
G1 X153.74 Y97.502 E473.78365
G1 X153.583 Y97.288 E473.78731
G1 X153.321 Y97.204 E473.7911
G1 X115.194 Y97.208 E474.31704
G1 X114.982 Y97.364 E474.32067
G1 X114.9 Y97.62 E474.32438
G1 X114.9 Y135.743 E474.85027
G1 X115.055 Y135.961 E474.85396
G1 X115.333 Y136.044 E474.85796
G0 F9000 X115.503 Y135.45
G1 F2700 E468.35796
;MESH:NONMESH
G0 F600 X115.503 Y135.45 Z4
G0 F9000 X153.38 Y135.641
;TIME_ELAPSED:666.066675
;LAYER:19
;TYPE:FILL
;MESH:square.stl
G1 F2700 E474.85796
G1 F6000 X153.347 Y135.653 E474.85844
G1 X115.29 Y97.595 E475.60088
G1 X115.26 Y97.657 E475.60183
G1 X115.26 Y97.978 E475.60626
G1 X115.671 Y97.567 E475.61427
G1 X122.804 Y97.567 E475.71267
G1 X153.035 Y127.798 E476.30242
G1 X153.38 Y127.798 E476.30718
G1 X153.38 Y128.08 E476.31107
G1 X153.036 Y128.08 E476.31582
G1 X145.432 Y135.684 E476.46416
G1 X138.295 Y135.684 E476.56261
G1 X115.607 Y112.996 E477.00521
G1 X115.26 Y112.996 E477.01
G1 X115.26 Y112.714 E477.01389
G1 X115.608 Y112.714 E477.01869
G1 X130.756 Y97.566 E477.3142
G1 X137.887 Y97.566 E477.41257
G1 X153.035 Y112.714 E477.70808
G1 X153.38 Y112.714 E477.71284
G1 X153.38 Y112.996 E477.71673
G1 X153.036 Y112.996 E477.72147
G1 X130.348 Y135.684 E478.16408
G1 X123.211 Y135.684 E478.26253
G1 X115.607 Y128.08 E478.41087
G1 X115.26 Y128.08 E478.41565
G1 X115.26 Y127.798 E478.41954
G1 X115.608 Y127.798 E478.42434
G1 X145.841 Y97.564 E479.01415
G1 X153.28 Y97.564 E479.11676
G1 X152.969 Y97.564 E479.12105
G1 X153.38 Y97.975 E479.12907
G1 X153.38 Y97.61 E479.13411
G1 X153.352 Y97.596 E479.13454
G1 X115.264 Y135.684 E479.87757
G1 X115.26 Y135.684 E479.87762
G1 X115.26 Y135.275 E479.88326
G1 X115.669 Y135.684 E479.89124
G1 X122.806 Y135.684 E479.98969
G1 X153.036 Y105.454 E480.57943
G1 X153.38 Y105.454 E480.58417
G1 X153.38 Y105.172 E480.58806
G1 X153.035 Y105.172 E480.59282
G1 X145.428 Y97.565 E480.74122
G1 X143.41 Y97.565 E480.76906
G1 F5727.3 X138.299 Y97.565 E480.83956
G1 X128.414 Y107.45 E481.0324
G1 F5454.5 X115.608 Y120.256 E481.28222
G1 X115.537 Y120.256 E481.2832
G1 F5181.8 X115.26 Y120.256 E481.28702
G1 X115.26 Y120.538 E481.29091
G1 X115.607 Y120.538 E481.2957
G1 X127.18 Y132.111 E481.52147
G1 F4909.1 X130.753 Y135.684 E481.59117
G1 X137.89 Y135.684 E481.68962
G1 X140.841 Y132.733 E481.74719
G1 F4636.4 X151.769 Y121.805 E481.96038
G1 F4363.6 X153.035 Y120.539 E481.98508
G1 X153.38 Y120.539 E481.98983
G1 X153.38 Y120.257 E481.99372
G1 X153.036 Y120.257 E481.99847
G1 X144.703 Y111.925 E482.16102
G1 F4090.9 X135.061 Y102.283 E482.34912
G1 F3818.2 X130.345 Y97.567 E482.44112
G1 X124.288 Y97.567 E482.52467
G1 F3545.5 X123.213 Y97.567 E482.5395
G1 X115.617 Y105.163 E482.68769
G1 F3272.7 X115.608 Y105.172 E482.68786
G1 X115.26 Y105.172 E482.69266
G1 X115.26 Y105.454 E482.69655
G1 X115.607 Y105.454 E482.70134
G1 X122.621 Y112.468 E482.83817
G1 F3000 X129.692 Y119.539 E482.97611
G1 F2727.3 X136.12 Y125.967 E483.10151
G1 F2454.5 X141.905 Y131.752 E483.21437
G1 F2181.8 X145.837 Y135.684 E483.29107
G1 X147.548 Y135.684 E483.31468
M205 X30 Y30
G1 F1909.1 X152.974 Y135.684 E483.38953
G1 X153.38 Y135.278 E483.39745
G1 X153.38 Y135.641 E483.40245
M204 S1500
G0 F9000 X153.342 Y136.444
M205 X50 Y50
;TYPE:WALL-OUTER
G1 F1800 X153.615 Y136.396 E483.40593
G1 X153.984 Y136.128 E483.41165
G1 X154.14 Y135.68 E483.4176
G1 X154.14 Y97.602 E483.89511
G1 X154.092 Y97.33 E483.89857
G1 X153.823 Y96.963 E483.90428
G1 X153.357 Y96.804 E483.91045
G1 X115.266 Y96.808 E484.38813
G1 X115.027 Y96.852 E484.39118
G1 X114.656 Y97.124 E484.39695
G1 X114.5 Y97.579 E484.40298
G1 X114.5 Y135.68 E484.88078
G1 X114.656 Y136.128 E484.88673
G1 X115.025 Y136.396 E484.89245
G1 X115.298 Y136.444 E484.89592
G1 X153.342 Y136.444 E485.37301
M204 S3500
G0 F9000 X153.615 Y136.396
G0 X153.984 Y136.128
G0 X154.006 Y136.065
G1 F2700 E478.87301
G0 F9000 X153.416 Y135.711
G0 X115.366 Y135.748
G0 X115.333 Y136.044
;TYPE:WALL-INNER
G1 F2700 E485.37301
G1 F6000 X153.442 Y136.044 E485.8987
G1 X153.657 Y135.889 E485.90236
G1 X153.74 Y135.641 E485.90596
G1 X153.74 Y97.502 E486.43207
G1 X153.583 Y97.288 E486.43573
G1 X153.321 Y97.204 E486.43952
G1 X115.194 Y97.208 E486.96546
G1 X114.982 Y97.364 E486.96909
G1 X114.9 Y97.616 E486.97275
G1 X114.9 Y135.743 E487.49869
G1 X115.055 Y135.961 E487.50238
G1 X115.333 Y136.044 E487.50638
G0 F9000 X115.503 Y135.45
G1 F2700 E481.00638
;MESH:NONMESH
G0 F600 X115.503 Y135.45 Z4.2
G0 F9000 X153.38 Y135.641
;TIME_ELAPSED:681.729588
;LAYER:20
;TYPE:FILL
;MESH:square.stl
G1 F2700 E487.50638
G1 F6000 X153.347 Y135.653 E487.50687
G1 X115.29 Y97.595 E488.2493
G1 X115.26 Y97.657 E488.25025
G1 X115.26 Y97.978 E488.25468
G1 X115.671 Y97.567 E488.2627
G1 X122.804 Y97.567 E488.36109
G1 X153.035 Y127.798 E488.95085
G1 X153.38 Y127.798 E488.9556
G1 X153.38 Y128.08 E488.95949
G1 X153.036 Y128.08 E488.96424
G1 X145.432 Y135.684 E489.11258
G1 X138.295 Y135.684 E489.21103
G1 X115.607 Y112.996 E489.65363
G1 X115.26 Y112.996 E489.65842
G1 X115.26 Y112.714 E489.66231
G1 X115.608 Y112.714 E489.66711
G1 X130.756 Y97.566 E489.96262
G1 X137.887 Y97.566 E490.06099
G1 X153.035 Y112.714 E490.3565
G1 X153.38 Y112.714 E490.36126
G1 X153.38 Y112.996 E490.36515
G1 X153.036 Y112.996 E490.3699
G1 X130.348 Y135.684 E490.8125
G1 X123.211 Y135.684 E490.91095
G1 X115.607 Y128.08 E491.05929
G1 X115.26 Y128.08 E491.06408
G1 X115.26 Y127.798 E491.06797
G1 X115.608 Y127.798 E491.07277
G1 X145.841 Y97.564 E491.66257
G1 X153.28 Y97.564 E491.76519
G1 X152.969 Y97.564 E491.76948
G1 X153.38 Y97.975 E491.77749
G1 X153.38 Y97.609 E491.78254
G1 X153.352 Y97.596 E491.78297
G1 X115.264 Y135.684 E492.526
G1 X115.26 Y135.684 E492.52605
G1 X115.26 Y135.275 E492.5317
G1 X115.669 Y135.684 E492.53967
G1 X122.806 Y135.684 E492.63812
G1 X153.036 Y105.454 E493.22786
G1 X153.38 Y105.454 E493.2326
G1 X153.38 Y105.172 E493.23649
G1 X153.035 Y105.172 E493.24125
G1 X145.428 Y97.565 E493.38965
G1 X143.41 Y97.565 E493.41749
G1 F5727.3 X138.299 Y97.565 E493.48799
G1 X128.414 Y107.45 E493.68083
G1 F5454.5 X115.608 Y120.256 E493.93065
G1 X115.537 Y120.256 E493.93163
G1 F5181.8 X115.26 Y120.256 E493.93545
G1 X115.26 Y120.538 E493.93934
G1 X115.607 Y120.538 E493.94413
G1 X127.18 Y132.111 E494.1699
G1 F4909.1 X130.753 Y135.684 E494.2396
G1 X137.89 Y135.684 E494.33805
G1 X140.841 Y132.733 E494.39562
G1 F4636.4 X151.769 Y121.805 E494.60881
G1 F4363.6 X153.035 Y120.539 E494.63351
G1 X153.38 Y120.539 E494.63827
G1 X153.38 Y120.257 E494.64216
G1 X153.036 Y120.257 E494.6469
G1 X144.703 Y111.925 E494.80945
G1 F4090.9 X135.061 Y102.283 E494.99755
G1 F3818.2 X130.345 Y97.567 E495.08955
G1 X124.288 Y97.567 E495.1731
G1 F3545.5 X123.213 Y97.567 E495.18793
G1 X115.617 Y105.163 E495.33612
G1 F3272.7 X115.608 Y105.172 E495.33629
G1 X115.26 Y105.172 E495.34109
G1 X115.26 Y105.454 E495.34498
G1 X115.607 Y105.454 E495.34977
G1 X122.621 Y112.468 E495.4866
G1 F3000 X129.692 Y119.539 E495.62454
G1 F2727.3 X136.12 Y125.967 E495.74994
G1 F2454.5 X141.905 Y131.752 E495.8628
G1 F2181.8 X145.837 Y135.684 E495.93951
G1 X147.548 Y135.684 E495.96311
M205 X30 Y30
G1 F1909.1 X152.974 Y135.684 E496.03796
G1 X153.38 Y135.278 E496.04588
G1 X153.38 Y135.641 E496.05088
M204 S1500
G0 F9000 X153.342 Y136.444
M205 X50 Y50
;TYPE:WALL-OUTER
G1 F1800 X153.615 Y136.396 E496.05436
G1 X153.984 Y136.128 E496.06008
G1 X154.14 Y135.68 E496.06603
G1 X154.14 Y97.602 E496.54354
G1 X154.092 Y97.33 E496.547
G1 X153.823 Y96.963 E496.55271
G1 X153.361 Y96.804 E496.55884
G1 X115.266 Y96.808 E497.03656
G1 X115.027 Y96.852 E497.03961
G1 X114.656 Y97.124 E497.04538
G1 X114.5 Y97.579 E497.05141
G1 X114.5 Y135.68 E497.52921
G1 X114.656 Y136.128 E497.53516
G1 X115.025 Y136.396 E497.54088
G1 X115.298 Y136.444 E497.54436
G1 X153.342 Y136.444 E498.02144
M204 S3500
G0 F9000 X153.615 Y136.396
G0 X153.984 Y136.128
G0 X154.006 Y136.065
G1 F2700 E491.52144
G0 F9000 X153.416 Y135.711
G0 X115.366 Y135.748
G0 X115.333 Y136.044
;TYPE:WALL-INNER
G1 F2700 E498.02144
G1 F6000 X153.442 Y136.044 E498.54713
G1 X153.657 Y135.889 E498.55079
G1 X153.74 Y135.641 E498.5544
G1 X153.74 Y97.502 E499.0805
G1 X153.583 Y97.288 E499.08416
G1 X153.324 Y97.204 E499.08792
G1 X115.194 Y97.208 E499.6139
G1 X114.982 Y97.364 E499.61753
G1 X114.9 Y97.616 E499.62119
G1 X114.9 Y135.743 E500.14712
G1 X115.055 Y135.961 E500.15081
G1 X115.333 Y136.044 E500.15482
G0 F9000 X115.503 Y135.45
G1 F2700 E493.65482
;MESH:NONMESH
G0 F600 X115.503 Y135.45 Z4.4
G0 F9000 X153.38 Y135.641
;TIME_ELAPSED:697.392305
;LAYER:21
;TYPE:FILL
;MESH:square.stl
G1 F2700 E500.15482
G1 F6000 X153.347 Y135.653 E500.1553
G1 X115.29 Y97.595 E500.89774
G1 X115.26 Y97.657 E500.89869
G1 X115.26 Y97.978 E500.90311
G1 X115.671 Y97.567 E500.91113
G1 X122.804 Y97.567 E501.00953
G1 X153.035 Y127.798 E501.59928
G1 X153.38 Y127.798 E501.60404
G1 X153.38 Y128.08 E501.60793
G1 X153.036 Y128.08 E501.61268
G1 X145.432 Y135.684 E501.76102
G1 X138.295 Y135.684 E501.85947
G1 X115.607 Y112.996 E502.30207
G1 X115.26 Y112.996 E502.30686
G1 X115.26 Y112.714 E502.31075
G1 X115.608 Y112.714 E502.31555
G1 X130.756 Y97.566 E502.61106
G1 X137.887 Y97.566 E502.70943
G1 X153.035 Y112.714 E503.00494
G1 X153.38 Y112.714 E503.0097
G1 X153.38 Y112.996 E503.01359
G1 X153.036 Y112.996 E503.01833
G1 X130.348 Y135.684 E503.46093
G1 X123.211 Y135.684 E503.55938
G1 X115.607 Y128.08 E503.70772
G1 X115.26 Y128.08 E503.71251
G1 X115.26 Y127.798 E503.7164
G1 X115.608 Y127.798 E503.7212
G1 X145.841 Y97.564 E504.311
G1 X153.28 Y97.564 E504.41362
G1 X152.969 Y97.564 E504.41791
G1 X153.38 Y97.975 E504.42593
G1 X153.38 Y97.609 E504.43098
G1 X153.352 Y97.596 E504.4314
G1 X115.264 Y135.684 E505.17443
G1 X115.26 Y135.684 E505.17449
G1 X115.26 Y135.275 E505.18013
G1 X115.669 Y135.684 E505.18811
G1 X122.806 Y135.684 E505.28656
G1 X153.036 Y105.454 E505.87629
G1 X153.38 Y105.454 E505.88104
G1 X153.38 Y105.172 E505.88493
G1 X153.035 Y105.172 E505.88969
G1 X145.428 Y97.565 E506.03809
G1 X143.41 Y97.565 E506.06592
G1 F5727.3 X138.299 Y97.565 E506.13643
G1 X128.414 Y107.45 E506.32927
G1 F5454.5 X115.608 Y120.256 E506.57909
G1 X115.537 Y120.256 E506.58007
G1 F5181.8 X115.26 Y120.256 E506.58389
G1 X115.26 Y120.538 E506.58778
G1 X115.607 Y120.538 E506.59257
G1 X127.18 Y132.111 E506.81834
G1 F4909.1 X130.753 Y135.684 E506.88804
G1 X137.89 Y135.684 E506.98649
G1 X140.841 Y132.733 E507.04406
G1 F4636.4 X151.769 Y121.805 E507.25724
G1 F4363.6 X153.035 Y120.539 E507.28194
G1 X153.38 Y120.539 E507.2867
G1 X153.38 Y120.257 E507.29059
G1 X153.036 Y120.257 E507.29534
G1 X144.703 Y111.925 E507.45789
G1 F4090.9 X135.061 Y102.283 E507.64599
G1 F3818.2 X130.345 Y97.567 E507.73799
G1 X124.288 Y97.567 E507.82154
G1 F3545.5 X123.213 Y97.567 E507.83637
G1 X115.617 Y105.163 E507.98455
G1 F3272.7 X115.608 Y105.172 E507.98473
G1 X115.26 Y105.172 E507.98953
G1 X115.26 Y105.454 E507.99342
G1 X115.607 Y105.454 E507.99821
G1 X122.621 Y112.468 E508.13504
G1 F3000 X129.692 Y119.539 E508.27298
G1 F2727.3 X136.12 Y125.967 E508.39838
G1 F2454.5 X141.905 Y131.752 E508.51123
G1 F2181.8 X145.837 Y135.684 E508.58794
G1 X147.548 Y135.684 E508.61154
M205 X30 Y30
G1 F1909.1 X152.974 Y135.684 E508.68639
G1 X153.38 Y135.278 E508.69431
G1 X153.38 Y135.641 E508.69932
M204 S1500
G0 F9000 X153.342 Y136.444
M205 X50 Y50
;TYPE:WALL-OUTER
G1 F1800 X153.615 Y136.396 E508.70279
G1 X153.984 Y136.128 E508.70851
G1 X154.14 Y135.68 E508.71446
G1 X154.14 Y97.602 E509.19198
G1 X154.092 Y97.33 E509.19544
G1 X153.823 Y96.963 E509.20115
G1 X153.361 Y96.804 E509.20727
G1 X115.266 Y96.808 E509.685
G1 X115.027 Y96.852 E509.68805
G1 X114.656 Y97.124 E509.69381
G1 X114.5 Y97.579 E509.69985
G1 X114.5 Y135.68 E510.17765
G1 X114.656 Y136.128 E510.1836
G1 X115.025 Y136.396 E510.18931
G1 X115.298 Y136.444 E510.19279
G1 X153.342 Y136.444 E510.66988
M204 S3500
G0 F9000 X153.615 Y136.396
G0 X153.984 Y136.128
G0 X154.006 Y136.065
G1 F2700 E504.16988
G0 F9000 X153.416 Y135.711
G0 X115.366 Y135.748
G0 X115.333 Y136.044
;TYPE:WALL-INNER
G1 F2700 E510.66988
G1 F6000 X153.442 Y136.044 E511.19557
G1 X153.657 Y135.889 E511.19922
G1 X153.74 Y135.641 E511.20283
G1 X153.74 Y97.502 E511.72894
G1 X153.583 Y97.288 E511.7326
G1 X153.324 Y97.204 E511.73635
G1 X115.194 Y97.208 E512.26233
G1 X114.982 Y97.364 E512.26597
G1 X114.9 Y97.616 E512.26962
G1 X114.9 Y135.743 E512.79556
G1 X115.055 Y135.961 E512.79925
G1 X115.333 Y136.044 E512.80325
G0 F9000 X115.503 Y135.45
G1 F2700 E506.30325
;MESH:NONMESH
G0 F600 X115.503 Y135.45 Z4.6
G0 F9000 X153.38 Y135.641
;TIME_ELAPSED:713.055022
;LAYER:22
;TYPE:FILL
;MESH:square.stl
G1 F2700 E512.80325
G1 F6000 X153.347 Y135.653 E512.80374
G1 X115.289 Y97.594 E513.54619
G1 X115.26 Y97.655 E513.54712
G1 X115.261 Y97.977 E513.55156
G1 X115.671 Y97.567 E513.55956
G1 X122.804 Y97.567 E513.65796
G1 X153.035 Y127.798 E514.24771
G1 X153.38 Y127.798 E514.25247
G1 X153.38 Y128.08 E514.25636
G1 X153.036 Y128.08 E514.26111
G1 X145.432 Y135.684 E514.40945
G1 X138.295 Y135.684 E514.5079
G1 X115.607 Y112.996 E514.9505
G1 X115.261 Y112.996 E514.95527
G1 X115.26 Y112.714 E514.95916
G1 X115.608 Y112.714 E514.96396
G1 X130.756 Y97.566 E515.25947
G1 X137.887 Y97.566 E515.35784
G1 X153.035 Y112.714 E515.65335
G1 X153.38 Y112.714 E515.65811
G1 X153.38 Y112.996 E515.662
G1 X153.036 Y112.996 E515.66675
G1 X130.348 Y135.684 E516.10935
G1 X123.211 Y135.684 E516.2078
G1 X115.607 Y128.08 E516.35614
G1 X115.261 Y128.08 E516.36091
G1 X115.26 Y127.798 E516.3648
G1 X115.608 Y127.798 E516.36961
G1 X145.841 Y97.564 E516.95941
G1 X153.285 Y97.564 E517.06209
G1 X152.969 Y97.564 E517.06645
G1 X153.38 Y97.975 E517.07447
G1 X153.38 Y97.609 E517.07952
G1 X153.352 Y97.596 E517.07994
G1 X115.264 Y135.684 E517.82297
G1 X115.26 Y135.684 E517.82303
G1 X115.26 Y135.275 E517.82867
G1 X115.669 Y135.684 E517.83665
G1 X122.806 Y135.684 E517.9351
G1 X153.036 Y105.454 E518.52484
G1 X153.38 Y105.454 E518.52958
G1 X153.38 Y105.172 E518.53347
G1 X153.035 Y105.172 E518.53823
G1 X145.428 Y97.565 E518.68663
G1 X143.41 Y97.565 E518.71447
G1 F5727.3 X138.299 Y97.565 E518.78497
G1 X128.414 Y107.45 E518.97781
G1 F5454.5 X115.608 Y120.256 E519.22763
G1 X115.538 Y120.256 E519.2286
G1 F5181.8 X115.26 Y120.256 E519.23243
G1 X115.261 Y120.538 E519.23632
G1 X115.607 Y120.538 E519.24109
G1 X127.18 Y132.111 E519.46686
G1 F4909.1 X130.753 Y135.684 E519.53657
G1 X137.89 Y135.684 E519.63502
G1 X140.841 Y132.733 E519.69259
G1 F4636.4 X151.769 Y121.805 E519.90577
G1 F4363.6 X153.035 Y120.539 E519.93047
G1 X153.38 Y120.539 E519.93523
G1 X153.38 Y120.257 E519.93912
G1 X153.036 Y120.257 E519.94386
G1 X144.703 Y111.925 E520.10642
G1 F4090.9 X135.061 Y102.283 E520.29451
G1 F3818.2 X130.345 Y97.567 E520.38651
G1 X124.288 Y97.567 E520.47007
G1 F3545.5 X123.213 Y97.567 E520.4849
G1 X115.617 Y105.163 E520.63308
G1 F3272.7 X115.608 Y105.172 E520.63326
G1 X115.26 Y105.172 E520.63806
G1 X115.261 Y105.454 E520.64195
G1 X115.607 Y105.454 E520.64672
G1 X122.621 Y112.468 E520.78355
G1 F3000 X129.692 Y119.539 E520.92149
G1 F2727.3 X136.12 Y125.967 E521.04689
G1 F2454.5 X141.905 Y131.752 E521.15975
G1 F2181.8 X145.837 Y135.684 E521.23645
G1 X147.548 Y135.684 E521.26006
M205 X30 Y30
G1 F1909.1 X152.974 Y135.684 E521.3349
G1 X153.38 Y135.278 E521.34283
G1 X153.38 Y135.641 E521.34783
M204 S1500
G0 F9000 X153.342 Y136.444
M205 X50 Y50
;TYPE:WALL-OUTER
G1 F1800 X153.615 Y136.396 E521.35131
G1 X153.984 Y136.128 E521.35703
G1 X154.14 Y135.68 E521.36298
G1 X154.14 Y97.602 E521.84049
G1 X154.092 Y97.33 E521.84395
G1 X153.823 Y96.963 E521.84966
G1 X153.365 Y96.804 E521.85574
G1 X115.266 Y96.808 E522.33351
G1 X115.027 Y96.852 E522.33656
G1 X114.656 Y97.124 E522.34233
G1 X114.5 Y97.576 E522.34833
G1 X114.5 Y135.68 E522.82617
G1 X114.656 Y136.128 E522.83211
G1 X115.025 Y136.396 E522.83783
G1 X115.298 Y136.444 E522.84131
G1 X153.342 Y136.444 E523.3184
M204 S3500
G0 F9000 X153.615 Y136.396
G0 X153.984 Y136.128
G0 X154.006 Y136.065
G1 F2700 E516.8184
G0 F9000 X153.416 Y135.711
G0 X115.366 Y135.748
G0 X115.333 Y136.044
;TYPE:WALL-INNER
G1 F2700 E523.3184
G1 F6000 X153.442 Y136.044 E523.84409
G1 X153.657 Y135.889 E523.84774
G1 X153.74 Y135.641 E523.85135
G1 X153.74 Y97.502 E524.37745
G1 X153.583 Y97.288 E524.38112
G1 X153.328 Y97.204 E524.38482
G1 X115.194 Y97.208 E524.91086
G1 X114.982 Y97.364 E524.91449
G1 X114.9 Y97.614 E524.91812
G1 X114.9 Y135.743 E525.44408
G1 X115.055 Y135.961 E525.44777
G1 X115.333 Y136.044 E525.45177
G0 F9000 X115.503 Y135.45
G1 F2700 E518.95177
;MESH:NONMESH
G0 F600 X115.503 Y135.45 Z4.8
G0 F9000 X153.38 Y135.641
;TIME_ELAPSED:728.717816
;LAYER:23
;TYPE:FILL
;MESH:square.stl
G1 F2700 E525.45177
G1 F6000 X153.347 Y135.653 E525.45226
G1 X115.29 Y97.595 E526.19469
G1 X115.26 Y97.656 E526.19563
G1 X115.26 Y97.978 E526.20007
G1 X115.671 Y97.567 E526.20809
G1 X122.804 Y97.567 E526.30649
G1 X153.035 Y127.798 E526.89624
G1 X153.38 Y127.798 E526.901
G1 X153.38 Y128.08 E526.90489
G1 X153.036 Y128.08 E526.90963
G1 X145.432 Y135.684 E527.05798
G1 X138.295 Y135.684 E527.15643
G1 X115.607 Y112.996 E527.59903
G1 X115.26 Y112.996 E527.60382
G1 X115.26 Y112.714 E527.60771
G1 X115.608 Y112.714 E527.61251
G1 X130.756 Y97.566 E527.90802
G1 X137.887 Y97.566 E528.00638
G1 X153.035 Y112.714 E528.3019
G1 X153.38 Y112.714 E528.30665
G1 X153.38 Y112.996 E528.31054
G1 X153.036 Y112.996 E528.31529
G1 X130.348 Y135.684 E528.75789
G1 X123.211 Y135.684 E528.85634
G1 X115.607 Y128.08 E529.00468
G1 X115.26 Y128.08 E529.00947
G1 X115.26 Y127.798 E529.01336
G1 X115.608 Y127.798 E529.01816
G1 X145.841 Y97.564 E529.60796
G1 X153.285 Y97.564 E529.71065
G1 X152.969 Y97.564 E529.71501
G1 X153.38 Y97.975 E529.72303
G1 X153.38 Y97.609 E529.72808
G1 X153.352 Y97.596 E529.7285
G1 X115.264 Y135.684 E530.47153
G1 X115.26 Y135.684 E530.47159
G1 X115.26 Y135.275 E530.47723
G1 X115.669 Y135.684 E530.48521
G1 X122.806 Y135.684 E530.58366
G1 X153.036 Y105.454 E531.17339
G1 X153.38 Y105.454 E531.17814
G1 X153.38 Y105.172 E531.18203
G1 X153.035 Y105.172 E531.18679
G1 X145.428 Y97.565 E531.33519
G1 X143.41 Y97.565 E531.36302
G1 F5727.3 X138.299 Y97.565 E531.43353
G1 X128.414 Y107.45 E531.62636
G1 F5454.5 X115.608 Y120.256 E531.87619
G1 X115.537 Y120.256 E531.87717
G1 F5181.8 X115.26 Y120.256 E531.88099
G1 X115.26 Y120.538 E531.88488
G1 X115.607 Y120.538 E531.88966
G1 X127.18 Y132.111 E532.11543
G1 F4909.1 X130.753 Y135.684 E532.18514
G1 X137.89 Y135.684 E532.28359
G1 X140.841 Y132.733 E532.34116
G1 F4636.4 X151.769 Y121.805 E532.55434
G1 F4363.6 X153.035 Y120.539 E532.57904
G1 X153.38 Y120.539 E532.5838
G1 X153.38 Y120.257 E532.58769
G1 X153.036 Y120.257 E532.59243
G1 X144.703 Y111.925 E532.75499
G1 F4090.9 X135.061 Y102.283 E532.94308
G1 F3818.2 X130.345 Y97.567 E533.03508
G1 X124.288 Y97.567 E533.11864
G1 F3545.5 X123.213 Y97.567 E533.13347
G1 X115.617 Y105.163 E533.28165
G1 F3272.7 X115.608 Y105.172 E533.28183
G1 X115.26 Y105.172 E533.28663
G1 X115.26 Y105.454 E533.29052
G1 X115.607 Y105.454 E533.2953
G1 X122.621 Y112.468 E533.43213
G1 F3000 X129.692 Y119.539 E533.57008
G1 F2727.3 X136.12 Y125.967 E533.69548
G1 F2454.5 X141.905 Y131.752 E533.80833
G1 F2181.8 X145.837 Y135.684 E533.88504
G1 X147.548 Y135.684 E533.90864
M205 X30 Y30
G1 F1909.1 X152.974 Y135.684 E533.98349
G1 X153.38 Y135.278 E533.99141
G1 X153.38 Y135.641 E533.99642
M204 S1500
G0 F9000 X153.342 Y136.444
M205 X50 Y50
;TYPE:WALL-OUTER
G1 F1800 X153.615 Y136.396 E533.99989
G1 X153.984 Y136.128 E534.00561
G1 X154.14 Y135.68 E534.01156
G1 X154.14 Y97.602 E534.48907
G1 X154.092 Y97.33 E534.49254
G1 X153.823 Y96.963 E534.49824
G1 X153.365 Y96.804 E534.50432
G1 X115.274 Y96.808 E534.982
G1 X115.026 Y96.852 E534.98516
G1 X114.656 Y97.124 E534.99091
G1 X114.5 Y97.576 E534.99691
G1 X114.5 Y135.676 E535.4747
G1 X114.656 Y136.128 E535.4807
G1 X115.025 Y136.396 E535.48641
G1 X115.298 Y136.444 E535.48989
G1 X153.342 Y136.444 E535.96698
M204 S3500
G0 F9000 X153.615 Y136.396
G0 X153.984 Y136.128
G0 X154.006 Y136.065
G1 F2700 E529.46698
G0 F9000 X153.416 Y135.711
G0 X115.366 Y135.748
G0 X115.333 Y136.044
;TYPE:WALL-INNER
G1 F2700 E535.96698
G1 F6000 X153.442 Y136.044 E536.49267
G1 X153.657 Y135.889 E536.49632
G1 X153.74 Y135.641 E536.49993
G1 X153.74 Y97.502 E537.02604
G1 X153.583 Y97.288 E537.0297
G1 X153.328 Y97.204 E537.0334
G1 X115.195 Y97.208 E537.55942
G1 X114.982 Y97.364 E537.56307
G1 X114.9 Y97.614 E537.56669
G1 X114.9 Y135.744 E538.09268
G1 X115.055 Y135.961 E538.09635
G1 X115.333 Y136.044 E538.10036
G0 F9000 X115.503 Y135.45
G1 F2700 E531.60036
;MESH:NONMESH
G0 F600 X115.503 Y135.45 Z5
G0 F9000 X153.38 Y135.641
;TIME_ELAPSED:744.380633
;LAYER:24
;TYPE:FILL
;MESH:square.stl
G1 F2700 E538.10036
G1 F6000 X153.38 Y135.278 E538.10536
G1 X152.974 Y135.684 E538.11328
G1 X145.837 Y135.684 E538.21173
G1 X115.607 Y105.454 E538.80147
G1 X115.261 Y105.454 E538.80624
G1 X115.26 Y105.172 E538.81013
G1 X115.608 Y105.172 E538.81493
G1 X123.212 Y97.568 E538.96327
G1 X130.347 Y97.568 E539.0617
G1 X153.035 Y120.256 E539.5043
G1 X153.38 Y120.256 E539.50906
G1 X153.38 Y120.538 E539.51295
G1 X153.036 Y120.538 E539.51769
G1 X137.89 Y135.684 E539.81316
G1 X130.753 Y135.684 E539.91162
G1 X115.607 Y120.538 E540.20709
G1 X115.261 Y120.538 E540.21186
G1 X115.26 Y120.256 E540.21575
G1 X115.608 Y120.256 E540.22055
G1 X138.296 Y97.568 E540.66315
G1 X145.431 Y97.568 E540.76158
G1 X153.035 Y105.172 E540.90992
G1 X153.38 Y105.172 E540.91468
G1 X153.38 Y105.454 E540.91857
G1 X153.036 Y105.454 E540.92331
G1 X122.806 Y135.684 E541.51305
G1 X115.669 Y135.684 E541.6115
G1 X115.26 Y135.275 E541.61948
G1 X115.26 Y135.684 E541.62512
G1 X115.264 Y135.684 E541.62517
G1 X153.036 Y97.912 E542.36204
G1 X153.38 Y97.912 E542.36678
G1 X153.38 Y97.63 E542.37067
G1 X153.035 Y97.63 E542.37543
G1 X152.973 Y97.568 E542.37664
G1 X145.838 Y97.568 E542.47506
G1 X115.608 Y127.798 E543.0648
G1 X115.26 Y127.798 E543.0696
G1 X115.261 Y128.08 E543.07349
G1 X115.607 Y128.08 E543.07826
G1 X123.211 Y135.684 E543.2266
G1 X130.348 Y135.684 E543.32505
G1 X153.036 Y112.996 E543.76766
G1 X153.38 Y112.996 E543.7724
G1 X153.38 Y112.714 E543.77629
G1 X153.035 Y112.714 E543.78105
G1 X141.884 Y101.563 E543.99859
G1 F5727.3 X137.889 Y97.568 E544.07652
G1 X130.754 Y97.568 E544.17495
G1 X126.295 Y102.027 E544.26193
G1 F5454.5 X115.608 Y112.714 E544.47042
G1 X115.26 Y112.714 E544.47522
G1 X115.261 Y112.996 E544.47911
G1 X115.607 Y112.996 E544.48388
G1 X117.086 Y114.475 E544.51273
G1 F5181.8 X129.299 Y126.688 E544.75099
G1 F4909.1 X138.295 Y135.684 E544.92648
G1 X141.936 Y135.684 E544.97671
G1 F4636.4 X145.432 Y135.684 E545.02493
G1 X153.036 Y128.08 E545.17327
G1 X153.38 Y128.08 E545.17802
G1 X153.38 Y127.798 E545.18191
G1 X153.035 Y127.798 E545.18667
G1 X152.87 Y127.633 E545.18989
G1 F4363.6 X142.585 Y117.348 E545.39053
G1 F4090.9 X132.943 Y107.706 E545.57863
G1 F3818.2 X123.944 Y98.707 E545.75418
G1 F3545.5 X122.805 Y97.568 E545.7764
G1 X115.67 Y97.568 E545.87483
G1 X115.261 Y97.977 E545.88281
G1 X115.26 Y97.652 E545.88729
G1 X115.302 Y97.568 E545.88858
G1 X115.289 Y97.594 E545.88899
G1 X116.735 Y99.04 E545.91719
G1 F3272.7 X124.448 Y106.753 E546.06766
G1 F3000 X131.518 Y113.824 E546.20559
G1 F2727.3 X137.946 Y120.252 E546.33099
G1 F2454.5 X143.731 Y126.037 E546.44385
G1 F2181.8 X148.873 Y131.179 E546.54416
M205 X30 Y30
G1 F1909.1 X153.347 Y135.653 E546.63144
G1 X153.38 Y135.641 E546.63192
M204 S1500
G0 F9000 X153.342 Y136.444
M205 X50 Y50
;TYPE:WALL-OUTER
G1 F1800 X153.615 Y136.396 E546.6354
G1 X153.984 Y136.128 E546.64112
G1 X154.14 Y135.68 E546.64707
G1 X154.14 Y97.602 E547.12458
G1 X154.092 Y97.33 E547.12804
G1 X153.823 Y96.963 E547.13375
G1 X153.374 Y96.808 E547.13971
G1 X115.274 Y96.808 E547.61749
G1 X115.026 Y96.852 E547.62065
G1 X114.656 Y97.124 E547.62641
G1 X114.5 Y97.568 E547.63231
G1 X114.5 Y135.676 E548.1102
G1 X114.656 Y136.128 E548.1162
G1 X115.025 Y136.396 E548.12192
G1 X115.298 Y136.444 E548.12539
G1 X153.342 Y136.444 E548.60248
M204 S3500
G0 F9000 X153.615 Y136.396
G0 X153.984 Y136.128
G0 X154.006 Y136.065
G1 F2700 E542.10248
G0 F9000 X153.416 Y135.711
G0 X115.366 Y135.748
G0 X115.333 Y136.044
;TYPE:WALL-INNER
G1 F2700 E548.60248
G1 F6000 X153.442 Y136.044 E549.12817
G1 X153.657 Y135.889 E549.13183
G1 X153.74 Y135.641 E549.13543
G1 X153.74 Y97.502 E549.66154
G1 X153.583 Y97.288 E549.6652
G1 X153.338 Y97.208 E549.66876
G1 X115.195 Y97.208 E550.19492
G1 X114.982 Y97.364 E550.19856
G1 X114.9 Y97.607 E550.2021
G1 X114.9 Y135.744 E550.72817
G1 X115.055 Y135.961 E550.73185
G1 X115.333 Y136.044 E550.73585
G0 F9000 X115.503 Y135.449
G1 F2700 E544.23585
;MESH:NONMESH
G0 F600 X115.503 Y135.449 Z5.2
G0 F9000 X153.38 Y135.641
;TIME_ELAPSED:760.030060
;LAYER:25
;TYPE:FILL
;MESH:square.stl
G1 F2700 E550.73585
G1 F6000 X153.38 Y135.278 E550.74086
G1 X152.974 Y135.684 E550.74878
G1 X145.837 Y135.684 E550.84723
G1 X115.607 Y105.454 E551.43697
G1 X115.26 Y105.454 E551.44175
G1 X115.26 Y105.172 E551.44564
G1 X115.608 Y105.172 E551.45044
G1 X123.212 Y97.568 E551.59878
G1 X130.347 Y97.568 E551.69721
G1 X153.035 Y120.256 E552.13981
G1 X153.38 Y120.256 E552.14457
G1 X153.38 Y120.538 E552.14846
G1 X153.036 Y120.538 E552.1532
G1 X137.89 Y135.684 E552.44868
G1 X130.753 Y135.684 E552.54713
G1 X115.607 Y120.538 E552.8426
G1 X115.26 Y120.538 E552.84739
G1 X115.26 Y120.256 E552.85128
G1 X115.608 Y120.256 E552.85608
G1 X138.296 Y97.568 E553.29868
G1 X145.431 Y97.568 E553.3971
G1 X153.035 Y105.172 E553.54544
G1 X153.38 Y105.172 E553.5502
G1 X153.38 Y105.454 E553.55409
G1 X153.036 Y105.454 E553.55884
G1 X122.806 Y135.684 E554.14857
G1 X115.669 Y135.684 E554.24702
G1 X115.26 Y135.275 E554.255
G1 X115.26 Y135.684 E554.26064
G1 X115.264 Y135.684 E554.2607
G1 X153.036 Y97.912 E554.99756
G1 X153.38 Y97.912 E555.00231
G1 X153.38 Y97.63 E555.0062
G1 X153.035 Y97.63 E555.01096
G1 X152.973 Y97.568 E555.01217
G1 X145.838 Y97.568 E555.11059
G1 X115.608 Y127.798 E555.70032
G1 X115.26 Y127.798 E555.70512
G1 X115.26 Y128.08 E555.70901
G1 X115.607 Y128.08 E555.7138
G1 X123.211 Y135.684 E555.86214
G1 X130.348 Y135.684 E555.96059
G1 X153.036 Y112.996 E556.4032
G1 X153.38 Y112.996 E556.40794
G1 X153.38 Y112.714 E556.41183
G1 X153.035 Y112.714 E556.41659
G1 X141.882 Y101.561 E556.63416
G1 F5727.3 X137.889 Y97.568 E556.71206
G1 X130.754 Y97.568 E556.81048
G1 X126.293 Y102.029 E556.89751
G1 F5454.5 X115.608 Y112.714 E557.10596
G1 X115.26 Y112.714 E557.11076
G1 X115.26 Y112.996 E557.11465
G1 X115.607 Y112.996 E557.11943
G1 X117.087 Y114.476 E557.14831
G1 F5181.8 X129.3 Y126.689 E557.38656
G1 F4909.1 X138.295 Y135.684 E557.56204
G1 X141.937 Y135.684 E557.61228
G1 F4636.4 X145.432 Y135.684 E557.66049
G1 X153.036 Y128.08 E557.80883
G1 X153.38 Y128.08 E557.81357
G1 X153.38 Y127.798 E557.81746
G1 X153.035 Y127.798 E557.82222
G1 X152.869 Y127.632 E557.82546
G1 F4363.6 X142.584 Y117.347 E558.0261
G1 F4090.9 X132.942 Y107.705 E558.2142
G1 F3818.2 X123.943 Y98.706 E558.38976
G1 F3545.5 X122.805 Y97.568 E558.41196
G1 X115.67 Y97.568 E558.51038
G1 X115.26 Y97.978 E558.51838
G1 X115.26 Y97.653 E558.52286
G1 X115.302 Y97.568 E558.52417
G1 X115.289 Y97.594 E558.52457
G1 X116.735 Y99.04 E558.55278
G1 F3272.7 X124.448 Y106.753 E558.70325
G1 F3000 X131.518 Y113.824 E558.84118
G1 F2727.3 X137.946 Y120.252 E558.96658
G1 F2454.5 X143.731 Y126.037 E559.07943
G1 F2181.8 X148.873 Y131.179 E559.17974
M205 X30 Y30
G1 F1909.1 X153.347 Y135.653 E559.26702
G1 X153.38 Y135.641 E559.26751
M204 S1500
G0 F9000 X153.342 Y136.444
M205 X50 Y50
;TYPE:WALL-OUTER
G1 F1800 X153.615 Y136.396 E559.27098
G1 X153.984 Y136.128 E559.2767
G1 X154.14 Y135.68 E559.28265
G1 X154.14 Y97.602 E559.76016
G1 X154.092 Y97.33 E559.76363
G1 X153.823 Y96.963 E559.76933
G1 X153.374 Y96.808 E559.77529
G1 X115.27 Y96.808 E560.25313
G1 X115.026 Y96.852 E560.25624
G1 X114.656 Y97.124 E560.262
G1 X114.5 Y97.568 E560.2679
G1 X114.5 Y135.68 E560.74584
G1 X114.656 Y136.128 E560.75179
G1 X115.025 Y136.396 E560.75751
G1 X115.298 Y136.444 E560.76098
G1 X153.342 Y136.444 E561.23807
M204 S3500
G0 F9000 X153.615 Y136.396
G0 X153.984 Y136.128
G0 X154.006 Y136.065
G1 F2700 E554.73807
G0 F9000 X153.416 Y135.711
G0 X115.366 Y135.748
G0 X115.333 Y136.044
;TYPE:WALL-INNER
G1 F2700 E561.23807
G1 F6000 X153.442 Y136.044 E561.76376
G1 X153.657 Y135.889 E561.76741
G1 X153.74 Y135.641 E561.77102
G1 X153.74 Y97.502 E562.29713
G1 X153.583 Y97.288 E562.30079
G1 X153.338 Y97.208 E562.30434
G1 X115.193 Y97.208 E562.83053
G1 X114.982 Y97.364 E562.83415
G1 X114.9 Y97.608 E562.8377
G1 X114.9 Y135.743 E563.36375
G1 X115.055 Y135.961 E563.36744
G1 X115.333 Y136.044 E563.37144
G0 F9000 X115.503 Y135.449
G1 F2700 E556.87144
;MESH:NONMESH
G0 F600 X115.503 Y135.449 Z5.4
G0 F9000 X153.38 Y135.641
;TIME_ELAPSED:775.679593
;LAYER:26
;TYPE:FILL
;MESH:square.stl
G1 F2700 E563.37144
G1 F6000 X153.38 Y135.278 E563.37645
G1 X152.974 Y135.684 E563.38437
G1 X145.837 Y135.684 E563.48282
G1 X115.607 Y105.454 E564.07256
G1 X115.26 Y105.454 E564.07734
G1 X115.26 Y105.172 E564.08123
G1 X115.608 Y105.172 E564.08603
G1 X123.212 Y97.568 E564.23437
G1 X130.347 Y97.568 E564.3328
G1 X153.035 Y120.256 E564.7754
G1 X153.38 Y120.256 E564.78016
G1 X153.38 Y120.538 E564.78405
G1 X153.036 Y120.538 E564.78879
G1 X137.89 Y135.684 E565.08427
G1 X130.753 Y135.684 E565.18272
G1 X115.607 Y120.538 E565.47819
G1 X115.26 Y120.538 E565.48298
G1 X115.26 Y120.256 E565.48687
G1 X115.608 Y120.256 E565.49167
G1 X138.296 Y97.568 E565.93427
G1 X145.431 Y97.568 E566.03269
G1 X153.035 Y105.172 E566.18103
G1 X153.38 Y105.172 E566.18579
G1 X153.38 Y105.454 E566.18968
G1 X153.036 Y105.454 E566.19443
G1 X122.806 Y135.684 E566.78416
G1 X115.669 Y135.684 E566.88261
G1 X115.26 Y135.275 E566.89059
G1 X115.26 Y135.684 E566.89623
G1 X115.264 Y135.684 E566.89629
G1 X153.036 Y97.912 E567.63315
G1 X153.38 Y97.912 E567.6379
G1 X153.38 Y97.63 E567.64179
G1 X153.035 Y97.63 E567.64655
G1 X152.973 Y97.568 E567.64776
G1 X145.838 Y97.568 E567.74618
G1 X115.608 Y127.798 E568.33591
G1 X115.26 Y127.798 E568.34071
G1 X115.26 Y128.08 E568.3446
G1 X115.607 Y128.08 E568.34939
G1 X123.211 Y135.684 E568.49773
G1 X130.348 Y135.684 E568.59618
G1 X153.036 Y112.996 E569.03879
G1 X153.38 Y112.996 E569.04353
G1 X153.38 Y112.714 E569.04742
G1 X153.035 Y112.714 E569.05218
G1 X141.882 Y101.561 E569.26975
G1 F5727.3 X137.889 Y97.568 E569.34765
G1 X130.754 Y97.568 E569.44607
G1 X126.293 Y102.029 E569.5331
G1 F5454.5 X115.608 Y112.714 E569.74155
G1 X115.26 Y112.714 E569.74635
G1 X115.26 Y112.996 E569.75024
G1 X115.607 Y112.996 E569.75502
G1 X117.087 Y114.476 E569.7839
G1 F5181.8 X129.3 Y126.689 E570.02215
G1 F4909.1 X138.295 Y135.684 E570.19763
G1 X141.937 Y135.684 E570.24787
G1 F4636.4 X145.432 Y135.684 E570.29608
G1 X153.036 Y128.08 E570.44442
G1 X153.38 Y128.08 E570.44916
G1 X153.38 Y127.798 E570.45305
G1 X153.035 Y127.798 E570.45781
G1 X152.869 Y127.632 E570.46105
G1 F4363.6 X142.584 Y117.347 E570.66169
G1 F4090.9 X132.942 Y107.705 E570.84979
G1 F3818.2 X123.943 Y98.706 E571.02535
G1 F3545.5 X122.805 Y97.568 E571.04755
G1 X115.67 Y97.568 E571.14597
G1 X115.26 Y97.978 E571.15397
G1 X115.26 Y97.653 E571.15845
G1 X115.302 Y97.568 E571.15976
G1 X115.289 Y97.594 E571.16016
G1 X116.735 Y99.04 E571.18837
G1 F3272.7 X124.448 Y106.753 E571.33884
G1 F3000 X131.518 Y113.824 E571.47677
G1 F2727.3 X137.946 Y120.252 E571.60217
G1 F2454.5 X143.731 Y126.037 E571.71502
G1 F2181.8 X148.873 Y131.179 E571.81533
M205 X30 Y30
G1 F1909.1 X153.347 Y135.653 E571.90261
G1 X153.38 Y135.641 E571.9031
M204 S1500
G0 F9000 X153.342 Y136.444
M205 X50 Y50
;TYPE:WALL-OUTER
G1 F1800 X153.615 Y136.396 E571.90657
G1 X153.984 Y136.128 E571.91229
G1 X154.14 Y135.68 E571.91824
G1 X154.14 Y97.602 E572.39575
G1 X154.092 Y97.33 E572.39922
G1 X153.823 Y96.963 E572.40492
G1 X153.374 Y96.808 E572.41088
G1 X115.27 Y96.808 E572.88872
G1 X115.026 Y96.852 E572.89183
G1 X114.656 Y97.124 E572.89759
G1 X114.5 Y97.568 E572.90349
G1 X114.5 Y135.68 E573.38143
G1 X114.656 Y136.128 E573.38738
G1 X115.025 Y136.396 E573.3931
G1 X115.298 Y136.444 E573.39657
G1 X153.342 Y136.444 E573.87366
M204 S3500
G0 F9000 X153.615 Y136.396
G0 X153.984 Y136.128
G0 X154.006 Y136.065
G1 F2700 E567.37366
G0 F9000 X153.416 Y135.711
G0 X115.366 Y135.748
G0 X115.333 Y136.044
;TYPE:WALL-INNER
G1 F2700 E573.87366
G1 F6000 X153.442 Y136.044 E574.39935
G1 X153.657 Y135.889 E574.403
G1 X153.74 Y135.641 E574.40661
G1 X153.74 Y97.502 E574.93272
G1 X153.583 Y97.288 E574.93638
G1 X153.338 Y97.208 E574.93993
G1 X115.193 Y97.208 E575.46612
G1 X114.982 Y97.364 E575.46974
G1 X114.9 Y97.608 E575.47329
G1 X114.9 Y135.743 E575.99934
G1 X115.055 Y135.961 E576.00303
G1 X115.333 Y136.044 E576.00703
G0 F9000 X115.503 Y135.449
G1 F2700 E569.50703
;MESH:NONMESH
G0 F600 X115.503 Y135.449 Z5.6
G0 F9000 X153.38 Y135.683
;TIME_ELAPSED:791.329128
;LAYER:27
;TYPE:FILL
;MESH:square.stl
G1 F2700 E576.00703
G1 F6000 X153.377 Y135.682 E576.00708
G1 X115.297 Y97.602 E576.74995
G1 X115.264 Y97.695 E576.75131
G1 X115.264 Y97.974 E576.75516
G1 X115.67 Y97.568 E576.76308
G1 X122.805 Y97.568 E576.8615
G1 X153.035 Y127.798 E577.45124
G1 X153.38 Y127.798 E577.456
G1 X153.38 Y128.08 E577.45989
G1 X153.036 Y128.08 E577.46463
G1 X145.433 Y135.683 E577.61295
G1 X138.293 Y135.682 E577.71145
G1 X115.607 Y112.996 E578.15401
G1 X115.263 Y112.996 E578.15876
G1 X115.262 Y112.714 E578.16265
G1 X115.608 Y112.714 E578.16742
G1 X130.754 Y97.568 E578.46289
G1 X137.889 Y97.568 E578.56131
G1 X153.035 Y112.714 E578.85678
G1 X153.38 Y112.714 E578.86154
G1 X153.38 Y112.996 E578.86543
G1 X153.036 Y112.996 E578.87018
G1 X130.348 Y135.684 E579.31278
G1 X123.21 Y135.683 E579.41125
G1 X115.607 Y128.08 E579.55957
G1 X115.261 Y128.081 E579.56434
G1 X115.261 Y127.799 E579.56823
G1 X115.608 Y127.798 E579.57302
G1 X145.838 Y97.568 E580.16275
G1 X153.246 Y97.568 E580.26494
G1 X152.973 Y97.568 E580.26871
G1 X153.38 Y97.975 E580.27665
G1 X153.38 Y97.616 E580.2816
G1 X153.345 Y97.603 E580.28211
G1 X115.264 Y135.684 E581.02501
G1 X115.26 Y135.684 E581.02506
G1 X115.26 Y135.275 E581.0307
G1 X115.668 Y135.683 E581.03866
G1 X122.806 Y135.684 E581.13713
G1 X153.036 Y105.454 E581.72686
G1 X153.38 Y105.454 E581.73161
G1 X153.38 Y105.172 E581.7355
G1 X153.035 Y105.172 E581.74026
G1 X145.431 Y97.568 E581.8886
G1 X143.379 Y97.568 E581.9169
G1 F5727.3 X138.296 Y97.568 E581.98702
G1 X128.391 Y107.473 E582.18025
G1 F5454.5 X115.607 Y120.257 E582.42964
G1 X115.505 Y120.257 E582.43105
G1 F5181.8 X115.261 Y120.257 E582.43442
G1 X115.262 Y120.539 E582.43831
G1 X115.607 Y120.539 E582.44306
G1 X127.205 Y132.136 E582.66931
G1 F4909.1 X130.752 Y135.683 E582.73851
G1 X137.891 Y135.683 E582.83699
G1 X140.866 Y132.708 E582.89502
G1 F4636.4 X151.794 Y121.78 E583.10821
G1 F4363.6 X153.036 Y120.538 E583.13244
G1 X153.38 Y120.538 E583.13718
G1 X153.38 Y120.256 E583.14107
G1 X153.035 Y120.256 E583.14583
G1 X144.679 Y111.9 E583.30884
G1 F4090.9 X135.037 Y102.258 E583.49694
G1 F3818.2 X130.347 Y97.568 E583.58843
G1 X124.253 Y97.568 E583.6725
G1 F3545.5 X123.212 Y97.568 E583.68686
G1 X115.608 Y105.172 E583.8352
G1 X115.585 Y105.172 E583.83552
G1 F3272.7 X115.263 Y105.172 E583.83996
G1 X115.263 Y105.454 E583.84385
G1 X115.607 Y105.454 E583.84859
G1 X122.65 Y112.497 E583.98599
G1 F3000 X129.721 Y119.568 E584.12393
G1 F2727.3 X136.149 Y125.996 E584.24933
G1 F2454.5 X141.934 Y131.781 E584.36219
G1 F2181.8 X145.835 Y135.682 E584.43829
G1 X147.59 Y135.683 E584.4625
M205 X30 Y30
G1 F1909.1 X152.975 Y135.683 E584.53678
G1 X153.38 Y135.278 E584.54468
G1 X153.38 Y135.683 E584.55027
M204 S1500
G1 F2700 E578.05027
G0 F9000 X115.366 Y135.748
G0 X115.298 Y136.444
M205 X50 Y50
;TYPE:WALL-OUTER
G1 F2700 E584.55027
G1 F1800 X153.343 Y136.443 E585.02737
G1 X153.615 Y136.396 E585.03083
G1 X153.984 Y136.128 E585.03655
G1 X154.14 Y135.65 E585.04285
G1 X154.14 Y97.602 E585.51999
G1 X154.092 Y97.33 E585.52345
G1 X153.834 Y96.973 E585.52898
G1 X153.38 Y96.808 E585.53503
G1 X115.266 Y96.808 E586.013
G1 X115.027 Y96.852 E586.01604
G1 X114.666 Y97.114 E586.02164
G1 X114.504 Y97.563 E586.02762
G1 X114.5 Y135.68 E586.50563
G1 X114.656 Y136.128 E586.51157
G1 X115.025 Y136.396 E586.51729
G1 X115.298 Y136.444 E586.52077
M204 S3500
G0 F9000 X116.098 Y136.444
G0 X115.333 Y136.044
;TYPE:WALL-INNER
G1 F1909.1 X121.696 Y136.044 E586.60854
G1 F2181.8 X128.968 Y136.044 E586.70886
G1 F2454.5 X137.149 Y136.044 E586.82171
G1 F2727.3 X146.239 Y136.044 E586.9471
G1 F3000 X153.443 Y136.043 E587.04647
G1 X153.657 Y135.889 E587.05011
G1 X153.74 Y135.615 E587.05406
G1 X153.74 Y133.369 E587.08504
G1 F3272.7 X153.74 Y122.46 E587.23553
G1 F3545.5 X153.74 Y110.642 E587.39855
G1 F3818.2 X153.74 Y97.915 E587.57411
G1 F4090.9 X153.74 Y97.506 E587.57975
G1 X153.614 Y97.318 E587.58287
G1 X153.31 Y97.208 E587.58733
G1 X140.633 Y97.208 E587.7622
G1 F4363.6 X126.088 Y97.208 E587.96284
G1 F4636.4 X115.197 Y97.208 E588.11308
G1 X115.012 Y97.334 E588.11617
G1 X114.904 Y97.633 E588.12055
G1 X114.904 Y101.654 E588.17602
G1 F4909.1 X114.903 Y118.017 E588.40174
G1 F5181.8 X114.901 Y135.289 E588.63999
G1 F5454.5 X114.9 Y135.743 E588.64626
G1 X115.055 Y135.961 E588.64995
G1 X115.333 Y136.044 E588.65395
G0 F9000 X115.503 Y135.449
G1 F2700 E582.15395
;MESH:NONMESH
G0 F600 X115.503 Y135.449 Z5.8
G0 F9000 X153.38 Y135.683
;TIME_ELAPSED:808.123805
;LAYER:28
;TYPE:FILL
;MESH:square.stl
G1 F2700 E588.65395
G1 F6000 X153.38 Y135.278 E588.65954
G1 X152.975 Y135.683 E588.66744
G1 X145.835 Y135.682 E588.76593
G1 X115.607 Y105.454 E589.35562
G1 X115.263 Y105.454 E589.36037
G1 X115.263 Y105.172 E589.36426
G1 X115.608 Y105.172 E589.36902
G1 X123.212 Y97.568 E589.51736
G1 X130.347 Y97.568 E589.61578
G1 X153.035 Y120.256 E590.05838
G1 X153.38 Y120.256 E590.06314
G1 X153.38 Y120.538 E590.06703
G1 X153.036 Y120.538 E590.07178
G1 X137.891 Y135.683 E590.36723
G1 X130.752 Y135.683 E590.46571
G1 X115.607 Y120.539 E590.76115
G1 X115.262 Y120.539 E590.76591
G1 X115.261 Y120.257 E590.7698
G1 X115.607 Y120.257 E590.77457
G1 X138.296 Y97.568 E591.2172
G1 X145.431 Y97.568 E591.31562
G1 X153.035 Y105.172 E591.46396
G1 X153.38 Y105.172 E591.46872
G1 X153.38 Y105.454 E591.47261
G1 X153.036 Y105.454 E591.47735
G1 X122.806 Y135.684 E592.06709
G1 X115.668 Y135.683 E592.16555
G1 X115.26 Y135.275 E592.17351
G1 X115.26 Y135.684 E592.17915
G1 X115.264 Y135.684 E592.17921
G1 X153.036 Y97.912 E592.91607
G1 X153.38 Y97.912 E592.92082
G1 X153.38 Y97.63 E592.92471
G1 X153.035 Y97.63 E592.92947
G1 X152.973 Y97.568 E592.93068
G1 X145.838 Y97.568 E593.0291
G1 X115.608 Y127.798 E593.61884
G1 X115.261 Y127.799 E593.62362
G1 X115.261 Y128.081 E593.62751
G1 X115.607 Y128.08 E593.63229
G1 X123.21 Y135.683 E593.78061
G1 X130.348 Y135.684 E593.87907
G1 X153.036 Y112.996 E594.32167
G1 X153.38 Y112.996 E594.32642
G1 X153.38 Y112.714 E594.33031
G1 X153.035 Y112.714 E594.33507
G1 X141.892 Y101.571 E594.55245
G1 F5727.3 X137.889 Y97.568 E594.63054
G1 X130.754 Y97.568 E594.72896
G1 X126.303 Y102.019 E594.81579
G1 F5454.5 X115.608 Y112.714 E595.02444
G1 X115.262 Y112.714 E595.02921
G1 X115.263 Y112.996 E595.0331
G1 X115.607 Y112.996 E595.03784
G1 X117.081 Y114.47 E595.0666
G1 F5181.8 X129.294 Y126.683 E595.30485
G1 F4909.1 X138.293 Y135.682 E595.48041
G1 X141.93 Y135.683 E595.53058
G1 F4636.4 X145.433 Y135.683 E595.5789
G1 X153.036 Y128.08 E595.72722
G1 X153.38 Y128.08 E595.73197
G1 X153.38 Y127.798 E595.73586
G1 X153.035 Y127.798 E595.74061
G1 X152.874 Y127.637 E595.74376
G1 F4363.6 X142.589 Y117.352 E595.9444
G1 F4090.9 X132.947 Y107.71 E596.1325
G1 F3818.2 X123.948 Y98.711 E596.30805
G1 F3545.5 X122.805 Y97.568 E596.33035
G1 X115.67 Y97.568 E596.42877
G1 X115.264 Y97.974 E596.43669
G1 X115.264 Y97.703 E596.44043
G1 X115.312 Y97.568 E596.44241
G1 X115.299 Y97.604 E596.44294
G1 X116.741 Y99.046 E596.47107
G1 F3272.7 X124.454 Y106.759 E596.62153
G1 F3000 X131.525 Y113.83 E596.75948
G1 F2727.3 X137.953 Y120.258 E596.88487
G1 F2454.5 X143.738 Y126.043 E596.99773
G1 F2181.8 X148.88 Y131.185 E597.09804
M205 X30 Y30
G1 F1909.1 X153.377 Y135.682 E597.18577
G1 X153.38 Y135.683 E597.18581
M204 S1500
G1 F2700 E590.68581
G0 F9000 X115.366 Y135.748
G0 X115.298 Y136.444
M205 X50 Y50
;TYPE:WALL-OUTER
G1 F2700 E597.18581
G1 F1800 X153.343 Y136.443 E597.66291
G1 X153.615 Y136.396 E597.66637
G1 X153.984 Y136.128 E597.67209
G1 X154.14 Y135.65 E597.6784
G1 X154.14 Y97.602 E598.15553
G1 X154.092 Y97.33 E598.159
G1 X153.823 Y96.963 E598.1647
G1 X153.389 Y96.808 E598.17048
G1 X115.266 Y96.808 E598.64856
G1 X115.027 Y96.852 E598.65161
G1 X114.666 Y97.114 E598.6572
G1 X114.504 Y97.571 E598.66328
G1 X114.5 Y135.68 E599.14118
G1 X114.656 Y136.128 E599.14713
G1 X115.025 Y136.396 E599.15285
G1 X115.298 Y136.444 E599.15633
M204 S3500
G0 F9000 X116.098 Y136.444
G0 X115.333 Y136.044
;TYPE:WALL-INNER
G1 F1909.1 X121.696 Y136.044 E599.2441
G1 F2181.8 X128.968 Y136.044 E599.34441
G1 F2454.5 X137.149 Y136.044 E599.45727
G1 F2727.3 X146.239 Y136.044 E599.58266
G1 F3000 X153.443 Y136.043 E599.68203
G1 X153.657 Y135.889 E599.68567
G1 X153.74 Y135.615 E599.68962
G1 X153.74 Y133.369 E599.7206
G1 F3272.7 X153.74 Y122.46 E599.87108
G1 F3545.5 X153.74 Y110.642 E600.03411
G1 F3818.2 X153.74 Y97.915 E600.20967
G1 F4090.9 X153.74 Y97.502 E600.21536
G1 X153.583 Y97.288 E600.21902
G1 X153.351 Y97.208 E600.22241
G1 X140.639 Y97.208 E600.39776
G1 F4363.6 X126.094 Y97.208 E600.5984
G1 F4636.4 X115.197 Y97.208 E600.74872
G1 X115.013 Y97.333 E600.75179
G1 X114.904 Y97.639 E600.75627
G1 X114.904 Y101.649 E600.81159
G1 F4909.1 X114.903 Y118.012 E601.0373
G1 F5181.8 X114.901 Y135.284 E601.27556
G1 F5454.5 X114.9 Y135.743 E601.28189
G1 X115.055 Y135.961 E601.28558
G1 X115.333 Y136.044 E601.28959
G0 F9000 X115.503 Y135.449
G1 F2700 E594.78959
;MESH:NONMESH
G0 F600 X115.503 Y135.449 Z6
G0 F9000 X153.38 Y135.684
;TIME_ELAPSED:824.906806
;LAYER:29
;TYPE:FILL
;MESH:square.stl
G1 F2700 E601.28959
G1 F6000 X153.378 Y135.683 E601.28962
G1 X115.29 Y97.596 E602.03264
G1 X115.26 Y97.61 E602.03309
G1 X115.26 Y97.978 E602.03817
G1 X115.67 Y97.568 E602.04617
G1 X122.805 Y97.568 E602.14459
G1 X153.035 Y127.798 E602.73432
G1 X153.38 Y127.798 E602.73908
G1 X153.38 Y128.08 E602.74297
G1 X153.036 Y128.08 E602.74772
G1 X145.432 Y135.684 E602.89606
G1 X138.294 Y135.683 E602.99452
G1 X115.607 Y112.996 E603.43711
G1 X115.26 Y112.996 E603.44189
G1 X115.26 Y112.714 E603.44578
G1 X115.608 Y112.714 E603.45058
G1 X130.754 Y97.568 E603.74606
G1 X137.889 Y97.568 E603.84448
G1 X153.035 Y112.714 E604.13995
G1 X153.38 Y112.714 E604.14471
G1 X153.38 Y112.996 E604.1486
G1 X153.036 Y112.996 E604.15335
G1 X130.348 Y135.684 E604.59595
G1 X123.21 Y135.683 E604.69441
G1 X115.607 Y128.08 E604.84273
G1 X115.26 Y128.08 E604.84752
G1 X115.26 Y127.798 E604.85141
G1 X115.608 Y127.798 E604.85621
G1 X145.838 Y97.568 E605.44595
G1 X153.294 Y97.568 E605.5488
G1 X152.973 Y97.568 E605.55322
G1 X153.38 Y97.975 E605.56116
G1 X153.38 Y97.61 E605.5662
G1 X153.352 Y97.596 E605.56663
G1 X115.302 Y135.646 E606.30892
G1 X115.26 Y135.603 E606.30975
G1 X115.26 Y135.275 E606.31427
G1 X115.668 Y135.683 E606.32223
G1 X122.806 Y135.684 E606.4207
G1 X153.036 Y105.454 E607.01043
G1 X153.38 Y105.454 E607.01518
G1 X153.38 Y105.172 E607.01907
G1 X153.035 Y105.172 E607.02383
G1 X145.431 Y97.568 E607.17217
G1 X143.367 Y97.568 E607.20064
G1 F5727.3 X138.296 Y97.568 E607.27059
G1 X128.383 Y107.481 E607.46397
G1 F5454.5 X115.608 Y120.256 E607.71319
G1 X115.494 Y120.256 E607.71477
G1 F5181.8 X115.26 Y120.256 E607.71799
G1 X115.26 Y120.538 E607.72188
G1 X115.607 Y120.538 E607.72667
G1 X127.21 Y132.141 E607.95302
G1 F4909.1 X130.752 Y135.683 E608.02212
G1 X137.89 Y135.684 E608.12059
G1 X140.871 Y132.703 E608.17874
G1 F4636.4 X151.799 Y121.775 E608.39193
G1 F4363.6 X153.036 Y120.538 E608.41606
G1 X153.38 Y120.538 E608.4208
G1 X153.38 Y120.256 E608.42469
G1 X153.035 Y120.256 E608.42945
G1 X144.674 Y111.895 E608.59256
G1 F4090.9 X135.032 Y102.253 E608.78066
G1 F3818.2 X130.347 Y97.568 E608.87206
G1 X124.246 Y97.568 E608.95622
G1 F3545.5 X123.212 Y97.568 E608.97048
G1 X115.608 Y105.172 E609.11882
G1 X115.578 Y105.172 E609.11923
G1 F3272.7 X115.26 Y105.172 E609.12362
G1 X115.26 Y105.454 E609.12751
G1 X115.607 Y105.454 E609.1323
G1 X122.651 Y112.498 E609.26971
G1 F3000 X129.722 Y119.569 E609.40766
G1 F2727.3 X136.15 Y125.997 E609.53305
G1 F2454.5 X141.935 Y131.782 E609.64591
G1 F2181.8 X145.836 Y135.683 E609.72201
G1 X147.591 Y135.684 E609.74622
M205 X30 Y30
G1 F1909.1 X152.974 Y135.684 E609.82048
G1 X153.38 Y135.278 E609.8284
G1 X153.38 Y135.684 E609.834
M204 S1500
G0 F9000 X153.343 Y136.444
M205 X50 Y50
;TYPE:WALL-OUTER
G1 F1800 X153.611 Y136.399 E609.8374
G1 X153.98 Y136.132 E609.84312
G1 X154.14 Y135.68 E609.84913
G1 X154.14 Y97.602 E610.32664
G1 X153.984 Y97.124 E610.33295
G1 X153.617 Y96.855 E610.33865
G1 X153.376 Y96.808 E610.34173
G1 X115.267 Y96.808 E610.81963
G1 X114.816 Y96.963 E610.82561
G1 X114.547 Y97.329 E610.83131
G1 X114.5 Y97.568 E610.83436
G1 X114.5 Y135.685 E611.31237
G1 X114.542 Y135.906 E611.31519
G1 X114.73 Y136.211 E611.31968
G1 X115.031 Y136.398 E611.32412
G1 X115.264 Y136.443 E611.3271
G1 X153.343 Y136.444 E611.80462
M204 S3500
G0 F9000 X153.611 Y136.399
G0 X153.98 Y136.132
G0 X154.004 Y136.064
G1 F2700 E605.30462
G0 F9000 X153.416 Y135.711
G0 X115.277 Y135.736
G0 X115.219 Y136.043
;TYPE:WALL-INNER
G1 F2700 E611.80462
G1 F6000 X153.443 Y136.044 E612.3319
G1 X153.654 Y135.892 E612.33549
G1 X153.74 Y135.641 E612.33915
G1 X153.74 Y97.505 E612.86521
G1 X153.584 Y97.29 E612.86888
G1 X153.338 Y97.208 E612.87245
G1 X115.198 Y97.208 E613.39857
G1 X114.983 Y97.362 E613.40222
G1 X114.9 Y97.608 E613.4058
G1 X114.9 Y135.723 E613.93158
G1 X115.022 Y135.921 E613.93478
G1 X115.219 Y136.043 E613.93798
G0 F9000 X115.503 Y135.441
G1 F2700 E607.43798
;MESH:NONMESH
G0 F600 X115.503 Y135.441 Z6.2
G0 F9000 X153.38 Y135.684
;TIME_ELAPSED:840.567139
;LAYER:30
;TYPE:FILL
;MESH:square.stl
G1 F2700 E613.93798
G1 F6000 X153.379 Y135.684 E613.93799
G1 X115.298 Y97.603 E614.68089
G1 X115.26 Y97.649 E614.68171
G1 X115.26 Y97.978 E614.68625
G1 X115.671 Y97.567 E614.69427
G1 X122.805 Y97.568 E614.79268
G1 X153.035 Y127.798 E615.38241
G1 X153.38 Y127.798 E615.38717
G1 X153.38 Y128.08 E615.39106
G1 X153.036 Y128.08 E615.3958
G1 X145.432 Y135.684 E615.54414
G1 X138.295 Y135.684 E615.6426
G1 X115.607 Y112.996 E616.0852
G1 X115.26 Y112.996 E616.08999
G1 X115.26 Y112.714 E616.09388
G1 X115.608 Y112.714 E616.09868
G1 X130.756 Y97.566 E616.39419
G1 X137.887 Y97.567 E616.49255
G1 X153.036 Y112.715 E616.78807
G1 X153.38 Y112.715 E616.79282
G1 X153.38 Y112.997 E616.79671
G1 X153.035 Y112.997 E616.80147
G1 X130.348 Y135.684 E617.24405
G1 X123.211 Y135.684 E617.3425
G1 X115.607 Y128.08 E617.49084
G1 X115.26 Y128.08 E617.49563
G1 X115.26 Y127.798 E617.49952
G1 X115.608 Y127.798 E617.50432
G1 X145.841 Y97.564 E618.09412
G1 X153.297 Y97.564 E618.19697
G1 X152.97 Y97.565 E618.20149
G1 X153.38 Y97.975 E618.20948
G1 X153.38 Y97.633 E618.2142
G1 X153.345 Y97.603 E618.21484
G1 X115.313 Y135.635 E618.95677
G1 X115.26 Y135.576 E618.95787
G1 X115.26 Y135.275 E618.96202
G1 X115.669 Y135.684 E618.97
G1 X122.806 Y135.684 E619.06845
G1 X153.036 Y105.454 E619.65818
G1 X153.38 Y105.454 E619.66293
G1 X153.38 Y105.172 E619.66682
G1 X153.035 Y105.172 E619.67158
G1 X145.429 Y97.566 E619.81996
G1 X143.366 Y97.565 E619.84842
G1 F5727.3 X138.299 Y97.565 E619.91831
G1 X128.383 Y107.481 E620.11176
G1 F5454.5 X115.608 Y120.256 E620.36097
G1 X115.494 Y120.256 E620.36255
G1 F5181.8 X115.26 Y120.256 E620.36577
G1 X115.26 Y120.538 E620.36966
G1 X115.607 Y120.538 E620.37445
G1 X127.21 Y132.141 E620.60081
G1 F4909.1 X130.753 Y135.684 E620.66992
G1 X137.89 Y135.684 E620.76837
G1 X140.871 Y132.703 E620.82653
G1 F4636.4 X151.799 Y121.775 E621.03971
G1 F4363.6 X153.036 Y120.538 E621.06385
G1 X153.38 Y120.538 E621.06859
G1 X153.38 Y120.256 E621.07248
G1 X153.035 Y120.256 E621.07724
G1 X144.674 Y111.895 E621.24035
G1 F4090.9 X135.032 Y102.253 E621.42845
G1 F3818.2 X130.346 Y97.567 E621.51986
G1 X124.246 Y97.567 E621.60401
G1 F3545.5 X123.213 Y97.567 E621.61826
G1 X115.608 Y105.172 E621.76662
G1 X115.578 Y105.172 E621.76703
G1 F3272.7 X115.26 Y105.172 E621.77142
G1 X115.26 Y105.454 E621.77531
G1 X115.607 Y105.454 E621.7801
G1 X122.651 Y112.498 E621.91751
G1 F3000 X129.722 Y119.569 E622.05545
G1 F2727.3 X136.15 Y125.997 E622.18085
G1 F2454.5 X141.935 Y131.782 E622.29371
G1 F2181.8 X145.837 Y135.684 E622.36983
G1 X147.591 Y135.684 E622.39402
M205 X30 Y30
G1 F1909.1 X152.974 Y135.684 E622.46828
G1 X153.38 Y135.278 E622.4762
G1 X153.38 Y135.684 E622.4818
M204 S1500
G0 F9000 X153.342 Y136.444
M205 X50 Y50
;TYPE:WALL-OUTER
G1 F1800 X153.614 Y136.396 E622.48526
G1 X153.979 Y136.132 E622.49091
G1 X154.14 Y135.762 E622.49597
G1 X154.14 Y97.486 E622.97597
G1 X154.051 Y97.23 E622.97937
G1 X153.822 Y96.962 E622.98379
G1 X153.454 Y96.804 E622.98881
G1 X115.182 Y96.808 E623.46876
G1 X114.925 Y96.897 E623.47217
G1 X114.658 Y97.123 E623.47655
G1 X114.5 Y97.493 E623.4816
G1 X114.5 Y135.759 E623.96147
G1 X114.654 Y136.122 E623.96641
G1 X114.926 Y136.355 E623.9709
G1 X115.179 Y136.444 E623.97427
G1 X153.342 Y136.444 E624.45285
M204 S3500
G0 F9000 X153.614 Y136.396
G0 X153.979 Y136.132
G0 X154.008 Y136.065
G1 F2700 E617.95285
G0 F9000 X153.391 Y135.737
G0 X115.298 Y135.747
G0 X115.247 Y136.044
;TYPE:WALL-INNER
G1 F2700 E624.45285
G1 F6000 X153.438 Y136.044 E624.97967
G1 X153.643 Y135.901 E624.98312
G1 X153.74 Y135.68 E624.98645
G1 X153.74 Y97.553 E625.51238
G1 X153.579 Y97.293 E625.5166
G1 X153.372 Y97.204 E625.51971
G1 X115.249 Y97.208 E626.0456
G1 X114.988 Y97.367 E626.04981
G1 X114.9 Y97.575 E626.05293
G1 X114.9 Y135.678 E626.57854
G1 X114.986 Y135.88 E626.58156
G1 X115.247 Y136.044 E626.58582
G0 F9000 X115.503 Y135.452
G1 F2700 E620.08582
;MESH:NONMESH
G0 F600 X115.503 Y135.452 Z6.4
G0 F9000 X153.38 Y97.564
;TIME_ELAPSED:856.334046
;LAYER:31
;TYPE:FILL
;MESH:square.stl
G1 F2700 E626.58582
G1 F6000 X145.841 Y97.564 E626.68981
G1 X115.608 Y127.798 E627.27961
G1 X115.26 Y127.798 E627.28441
G1 X115.26 Y128.08 E627.2883
G1 X115.607 Y128.08 E627.29309
G1 X123.211 Y135.684 E627.44143
G1 X130.348 Y135.684 E627.53988
G1 X153.036 Y112.996 E627.98249
G1 X153.38 Y112.996 E627.98723
G1 X153.38 Y112.714 E627.99112
G1 X153.035 Y112.714 E627.99588
G1 X137.887 Y97.566 E628.29139
G1 X130.756 Y97.566 E628.38976
G1 X115.608 Y112.714 E628.68527
G1 X115.26 Y112.714 E628.69007
G1 X115.26 Y112.996 E628.69396
G1 X115.607 Y112.996 E628.69875
G1 X138.295 Y135.684 E629.14135
G1 X145.432 Y135.684 E629.2398
G1 X153.036 Y128.08 E629.38814
G1 X153.38 Y128.08 E629.39289
G1 X153.38 Y127.798 E629.39678
G1 X153.035 Y127.798 E629.40154
G1 X122.804 Y97.567 E629.99129
G1 X115.671 Y97.567 E630.08968
G1 X115.26 Y97.978 E630.0977
G1 X115.26 Y97.568 E630.10336
G1 X153.347 Y135.652 E630.84634
G1 X153.38 Y135.278 E630.85152
G1 X152.974 Y135.684 E630.85944
G1 X145.837 Y135.684 E630.95789
G1 X115.607 Y105.454 E631.54762
G1 X115.26 Y105.454 E631.55241
G1 X115.26 Y105.172 E631.5563
G1 X115.608 Y105.172 E631.5611
G1 X123.213 Y97.567 E631.70946
G1 X130.345 Y97.567 E631.80784
G1 X153.036 Y120.257 E632.25049
G1 X153.38 Y120.257 E632.25524
G1 X153.38 Y120.539 E632.25913
G1 X153.035 Y120.539 E632.26389
G1 X141.515 Y132.059 E632.48862
G1 F5727.3 X137.89 Y135.684 E632.55934
G1 X130.753 Y135.684 E632.65779
G1 X125.926 Y130.857 E632.75196
G1 F5454.5 X115.607 Y120.538 E632.95326
G1 X115.26 Y120.538 E632.95805
G1 X115.26 Y120.256 E632.96194
G1 X115.608 Y120.256 E632.96674
G1 X117.454 Y118.41 E633.00275
G1 F5181.8 X129.667 Y106.197 E633.24101
G1 F4909.1 X138.299 Y97.565 E633.4094
G1 X142.455 Y97.565 E633.46673
G1 F4636.4 X145.428 Y97.565 E633.50774
G1 X153.035 Y105.172 E633.65614
G1 X153.38 Y105.172 E633.6609
G1 X153.38 Y105.454 E633.66479
G1 X153.036 Y105.454 E633.66954
G1 X152.504 Y105.986 E633.67991
G1 F4363.6 X142.219 Y116.271 E633.88056
G1 F4090.9 X132.577 Y125.913 E634.06865
G1 F3818.2 X123.578 Y134.912 E634.24421
G1 F3545.5 X122.806 Y135.684 E634.25927
G1 X115.669 Y135.684 E634.35772
G1 X115.26 Y135.275 E634.3657
G1 X115.292 Y135.656 E634.37097
G1 X117.15 Y133.798 E634.40722
G1 F3272.7 X124.863 Y126.085 E634.55769
G1 F3000 X131.934 Y119.014 E634.69563
G1 F2727.3 X138.362 Y112.586 E634.82103
G1 F2454.5 X144.147 Y106.801 E634.93388
G1 F2181.8 X149.289 Y101.659 E635.03419
M205 X30 Y30
G1 F1909.1 X153.036 Y97.912 E635.10729
G1 X153.38 Y97.912 E635.11204
G1 X153.38 Y97.63 E635.11593
G1 X153.035 Y97.63 E635.12069
G1 X152.969 Y97.564 E635.12197
M204 S1500
G1 F2700 E628.62197
G0 F9000 X153.28 Y135.748
G0 X153.343 Y136.444
M205 X50 Y50
;TYPE:WALL-OUTER
G1 F2700 E635.12197
G1 F1800 X153.61 Y136.4 E635.12537
G1 X153.988 Y136.12 E635.13127
G1 X154.14 Y135.681 E635.13709
G1 X154.14 Y97.601 E635.61463
G1 X153.985 Y97.129 E635.62086
G1 X153.609 Y96.848 E635.62675
G1 X153.37 Y96.804 E635.62979
G1 X115.267 Y96.808 E636.10762
G1 X115.03 Y96.852 E636.11064
G1 X114.651 Y97.129 E636.11653
G1 X114.5 Y97.567 E636.12234
G1 X114.5 Y135.681 E636.6003
G1 X114.652 Y136.124 E636.60618
G1 X115.031 Y136.4 E636.61206
G1 X115.27 Y136.444 E636.6151
G1 X153.343 Y136.444 E637.09255
M204 S3500
G0 F9000 X153.61 Y136.4
G0 X153.988 Y136.12
G0 X154.007 Y136.065
G1 F2700 E630.59255
G0 F9000 X153.416 Y135.71
G0 X115.334 Y135.747
G0 X115.306 Y136.044
;TYPE:WALL-INNER
G1 F2700 E637.09255
G1 F6000 X153.44 Y136.044 E637.61859
G1 X153.662 Y135.88 E637.6224
G1 X153.74 Y135.644 E637.62582
G1 X153.74 Y97.634 E638.15015
G1 X153.66 Y97.369 E638.15397
G1 X153.44 Y97.204 E638.15776
G1 X115.197 Y97.208 E638.6853
G1 X114.976 Y97.371 E638.68909
G1 X114.9 Y97.604 E638.69247
G1 X114.9 Y135.747 E639.21863
G1 X115.053 Y135.959 E639.22224
G1 X115.306 Y136.044 E639.22592
G0 F9000 X115.503 Y135.449
G1 F2700 E632.72592
;MESH:NONMESH
G0 F600 X115.503 Y135.449 Z6.6
G0 F9000 X153.38 Y135.684
;TIME_ELAPSED:872.645853
;LAYER:32
;TYPE:FILL
;MESH:square.stl
G1 F2700 E639.22592
G1 F6000 X153.379 Y135.684 E639.22593
G1 X115.263 Y97.568 E639.96951
G1 X115.26 Y97.568 E639.96955
G1 X115.26 Y97.978 E639.97521
G1 X115.671 Y97.567 E639.98322
G1 X122.805 Y97.568 E640.08163
G1 X153.035 Y127.798 E640.67137
G1 X153.38 Y127.798 E640.67613
G1 X153.38 Y128.08 E640.68002
G1 X153.036 Y128.08 E640.68476
G1 X145.432 Y135.684 E640.8331
G1 X138.295 Y135.684 E640.93155
G1 X115.607 Y112.996 E641.37416
G1 X115.26 Y112.996 E641.37894
G1 X115.26 Y112.714 E641.38283
G1 X115.608 Y112.714 E641.38763
G1 X130.756 Y97.566 E641.68314
G1 X137.887 Y97.567 E641.78151
G1 X153.036 Y112.715 E642.07703
G1 X153.38 Y112.715 E642.08178
G1 X153.38 Y112.997 E642.08567
G1 X153.035 Y112.997 E642.09043
G1 X130.348 Y135.684 E642.53301
G1 X123.211 Y135.684 E642.63146
G1 X115.607 Y128.08 E642.7798
G1 X115.26 Y128.08 E642.78459
G1 X115.26 Y127.798 E642.78848
G1 X115.608 Y127.798 E642.79328
G1 X145.841 Y97.564 E643.38308
G1 X153.269 Y97.564 E643.48555
G1 X152.97 Y97.565 E643.48967
G1 X153.38 Y97.975 E643.49767
G1 X153.38 Y97.613 E643.50266
G1 X153.349 Y97.599 E643.50313
G1 X115.264 Y135.684 E644.2461
G1 X115.26 Y135.684 E644.24616
G1 X115.26 Y135.275 E644.2518
G1 X115.669 Y135.684 E644.25978
G1 X122.806 Y135.684 E644.35823
G1 X153.036 Y105.454 E644.94796
G1 X153.38 Y105.454 E644.95271
G1 X153.38 Y105.172 E644.9566
G1 X153.035 Y105.172 E644.96136
G1 X145.429 Y97.566 E645.10974
G1 X143.366 Y97.565 E645.1382
G1 F5727.3 X138.299 Y97.565 E645.20809
G1 X128.383 Y107.481 E645.40154
G1 F5454.5 X115.608 Y120.256 E645.65075
G1 X115.494 Y120.256 E645.65233
G1 F5181.8 X115.26 Y120.256 E645.65555
G1 X115.26 Y120.538 E645.65944
G1 X115.607 Y120.538 E645.66423
G1 X127.21 Y132.141 E645.89058
G1 F4909.1 X130.753 Y135.684 E645.9597
G1 X137.89 Y135.684 E646.05815
G1 X140.871 Y132.703 E646.11631
G1 F4636.4 X151.799 Y121.775 E646.32949
G1 F4363.6 X153.036 Y120.538 E646.35362
G1 X153.38 Y120.538 E646.35837
G1 X153.38 Y120.256 E646.36226
G1 X153.035 Y120.256 E646.36702
G1 X144.674 Y111.895 E646.53013
G1 F4090.9 X135.032 Y102.253 E646.71823
G1 F3818.2 X130.346 Y97.567 E646.80964
G1 X124.246 Y97.567 E646.89379
G1 F3545.5 X123.213 Y97.567 E646.90804
G1 X115.608 Y105.172 E647.0564
G1 X115.578 Y105.172 E647.05681
G1 F3272.7 X115.26 Y105.172 E647.0612
G1 X115.26 Y105.454 E647.06509
G1 X115.607 Y105.454 E647.06987
G1 X122.651 Y112.498 E647.20729
G1 F3000 X129.722 Y119.569 E647.34523
G1 F2727.3 X136.15 Y125.997 E647.47063
G1 F2454.5 X141.935 Y131.782 E647.58349
G1 F2181.8 X145.837 Y135.684 E647.65961
G1 X147.591 Y135.684 E647.6838
M205 X30 Y30
G1 F1909.1 X152.974 Y135.684 E647.75806
G1 X153.38 Y135.278 E647.76598
G1 X153.38 Y135.684 E647.77158
M204 S1500
G0 F9000 X153.343 Y136.444
M205 X50 Y50
;TYPE:WALL-OUTER
G1 F1800 X153.812 Y136.296 E647.77775
G1 X154.089 Y135.931 E647.78349
G1 X154.14 Y135.672 E647.7868
G1 X154.14 Y97.601 E648.26423
G1 X153.988 Y97.132 E648.27041
G1 X153.812 Y96.955 E648.27354
G1 X153.363 Y96.804 E648.27948
G1 X115.27 Y96.808 E648.75718
G1 X114.828 Y96.952 E648.76301
G1 X114.551 Y97.32 E648.76879
G1 X114.5 Y97.58 E648.77211
G1 X114.5 Y135.681 E649.24991
G1 X114.648 Y136.116 E649.25567
G1 X114.821 Y136.29 E649.25875
G1 X115.2 Y136.444 E649.26388
G1 X153.343 Y136.444 E649.74221
M204 S3500
G0 F9000 X153.812 Y136.296
G0 X153.998 Y136.051
G0 X153.31 Y136.044
;TYPE:WALL-INNER
G1 F1909.1 X153.572 Y135.969 E649.74597
G1 X153.74 Y135.753 E649.74974
G1 X153.74 Y129.936 E649.82998
G1 F2181.8 X153.74 Y122.664 E649.9303
G1 F2454.5 X153.74 Y114.483 E650.04315
G1 F2727.3 X153.74 Y105.393 E650.16854
G1 F3000 X153.74 Y97.635 E650.27556
G1 X153.661 Y97.371 E650.27936
G1 X153.447 Y97.204 E650.2831
G1 X151.753 Y97.204 E650.30647
G1 F3272.7 X140.844 Y97.205 E650.45695
G1 F3545.5 X129.026 Y97.206 E650.61998
G1 F3818.2 X116.299 Y97.207 E650.79554
G1 F4090.9 X115.306 Y97.208 E650.80923
G1 X115.066 Y97.28 E650.81269
G1 X114.9 Y97.498 E650.81647
G1 X114.9 Y109.616 E650.98363
G1 F4363.6 X114.9 Y124.161 E651.18427
G1 F4636.4 X114.9 Y135.747 E651.34409
G1 X115.047 Y135.95 E651.34755
G1 X115.278 Y136.044 E651.35099
G1 X118.646 Y136.044 E651.39745
G1 F4909.1 X135.009 Y136.044 E651.62317
G1 F5181.8 X152.281 Y136.044 E651.86143
G1 F5454.5 X153.31 Y136.044 E651.87562
G0 F9000 X153.142 Y135.449
G1 F2700 E645.37562
;MESH:NONMESH
G0 F600 X153.142 Y135.449 Z6.8
G0 F9000 X115.261 Y97.977
;TIME_ELAPSED:888.872652
;LAYER:33
;TYPE:FILL
;MESH:square.stl
G1 F2700 E651.87562
G1 F6000 X115.326 Y97.912 E651.87689
G1 X115.326 Y97.568 E651.88163
G1 X115.608 Y97.567 E651.88552
G1 X115.608 Y97.913 E651.8903
G1 X153.339 Y135.644 E652.62636
G1 X152.974 Y135.684 E652.63143
G1 X153.38 Y135.278 E652.63935
G1 X153.38 Y128.143 E652.73777
G1 X123.15 Y97.913 E653.3275
G1 X123.15 Y97.567 E653.33228
G1 X122.868 Y97.567 E653.33617
G1 X122.868 Y97.912 E653.34093
G1 X115.261 Y105.519 E653.48933
G1 X115.26 Y112.649 E653.58768
G1 X137.952 Y135.341 E654.03036
G1 X137.952 Y135.684 E654.03509
G1 X138.234 Y135.684 E654.03898
G1 X138.234 Y135.34 E654.04373
G1 X153.38 Y120.194 E654.3392
G1 X153.38 Y113.059 E654.43762
G1 X138.234 Y97.913 E654.73309
G1 X138.234 Y97.565 E654.73789
G1 X137.952 Y97.566 E654.74178
G1 X137.952 Y97.912 E654.74656
G1 X115.261 Y120.603 E655.18922
G1 X115.261 Y127.734 E655.28759
G1 X122.868 Y135.341 E655.43599
G1 X122.868 Y135.684 E655.44072
G1 X123.15 Y135.684 E655.44461
G1 X123.15 Y135.34 E655.44935
G1 X153.38 Y105.11 E656.03909
G1 X153.38 Y97.975 E656.13751
G1 X152.969 Y97.564 E656.14553
G1 X153.38 Y97.564 E656.1512
G1 X115.294 Y135.654 E656.89423
G1 X115.669 Y135.684 E656.89942
G1 X115.261 Y135.276 E656.90738
G1 X115.261 Y128.145 E657.00574
G1 X145.493 Y97.912 E657.59553
G1 X145.493 Y97.565 E657.60031
G1 X145.775 Y97.564 E657.6042
G1 X145.775 Y97.912 E657.609
G1 X153.38 Y105.517 E657.75736
G1 X153.38 Y106.998 E657.77779
G1 F5727.3 X153.38 Y112.652 E657.85579
G1 X143.879 Y122.153 E658.04113
G1 F5454.5 X131.023 Y135.009 E658.29193
G1 F5181.8 X130.692 Y135.34 E658.29839
G1 X130.692 Y135.684 E658.30313
G1 X130.41 Y135.684 E658.30702
G1 X130.41 Y135.341 E658.31176
G1 X119.213 Y124.144 E658.53019
G1 F4909.1 X115.261 Y120.192 E658.60729
G1 X115.261 Y113.061 E658.70565
G1 X117.837 Y110.485 E658.75591
G1 F4636.4 X128.765 Y99.557 E658.96909
G1 F4363.6 X130.409 Y97.913 E659.00117
G1 X130.409 Y97.567 E659.00594
G1 X130.691 Y97.566 E659.00983
G1 X130.691 Y97.913 E659.01462
G1 X138.643 Y105.864 E659.16973
G1 F4090.9 X148.285 Y115.506 E659.35783
G1 F3818.2 X153.38 Y120.601 E659.45723
G1 X153.38 Y126.122 E659.53339
G1 F3545.5 X153.38 Y127.736 E659.55565
G1 X146.165 Y134.951 E659.6964
G1 F3272.7 X145.776 Y135.34 E659.70399
G1 X145.776 Y135.684 E659.70874
G1 X145.494 Y135.684 E659.71263
G1 X145.494 Y135.341 E659.71736
G1 X138.855 Y128.702 E659.84687
G1 F3000 X131.784 Y121.631 E659.98482
G1 F2727.3 X125.356 Y115.203 E660.11022
G1 F2454.5 X119.571 Y109.418 E660.22307
G1 F2181.8 X115.26 Y105.107 E660.30717
G1 X115.26 Y103.931 E660.32339
M205 X30 Y30
G1 F1909.1 X115.26 Y97.568 E660.41117
M204 S1500
G1 F2700 E653.91117
G0 F9000 X153.334 Y135.749
G0 X153.447 Y136.444
M205 X50 Y50
;TYPE:WALL-OUTER
G1 F2700 E660.41117
G1 F1800 X153.705 Y136.357 E660.41458
G1 X153.975 Y136.136 E660.41896
G1 X154.14 Y135.751 E660.42421
G1 X154.14 Y97.601 E660.90262
G1 X154.095 Y97.339 E660.90596
G1 X153.84 Y96.976 E660.91152
G1 X153.446 Y96.804 E660.91691
G1 X115.269 Y96.808 E661.39567
G1 X114.826 Y96.953 E661.40151
G1 X114.672 Y97.104 E661.40422
G1 X114.5 Y97.502 E661.40965
G1 X114.501 Y135.677 E661.88838
G1 X114.645 Y136.109 E661.89409
G1 X114.937 Y136.358 E661.8989
G1 X115.189 Y136.444 E661.90224
G1 X153.447 Y136.444 E662.38201
M204 S3500
G0 F9000 X153.705 Y136.357
G0 X153.975 Y136.136
G0 X154.045 Y135.972
G0 X153.382 Y136.044
;TYPE:WALL-INNER
G1 F1909.1 X153.645 Y135.889 E662.38622
G1 X153.74 Y135.669 E662.38953
G1 X153.74 Y129.851 E662.46979
G1 F2181.8 X153.74 Y122.579 E662.5701
G1 F2454.5 X153.74 Y114.398 E662.68295
G1 F2727.3 X153.74 Y105.308 E662.80834
G1 F3000 X153.74 Y97.508 E662.91594
G1 X153.609 Y97.312 E662.91919
G1 X153.363 Y97.204 E662.9229
G1 X151.668 Y97.204 E662.94628
G1 F3272.7 X140.759 Y97.205 E663.09676
G1 F3545.5 X128.941 Y97.206 E663.25978
G1 F3818.2 X116.214 Y97.207 E663.43535
G1 F4090.9 X115.195 Y97.208 E663.4494
G1 X115.008 Y97.335 E663.45252
G1 X114.9 Y97.584 E663.45626
G1 X114.9 Y109.703 E663.62344
G1 F4363.6 X114.9 Y124.248 E663.82408
G1 F4636.4 X114.901 Y135.64 E663.98122
G1 X114.965 Y135.857 E663.98434
G1 X115.255 Y136.044 E663.9891
G1 X118.746 Y136.044 E664.03726
G1 F4909.1 X135.109 Y136.044 E664.26298
G1 F5181.8 X152.381 Y136.044 E664.50124
G1 F5454.5 X153.382 Y136.044 E664.51504
G0 F9000 X153.142 Y135.453
;MESH:NONMESH
G0 F600 X153.142 Y135.453 Z7
G0 F9000 X153.352 Y135.657
;TIME_ELAPSED:905.318168
;LAYER:34
;TYPE:FILL
;MESH:square.stl
G1 F6000 X115.288 Y97.593 E665.25761
G1 X115.26 Y97.659 E665.25859
G1 X115.26 Y97.978 E665.263
G1 X115.674 Y97.564 E665.27107
G1 X122.801 Y97.564 E665.36938
G1 X153.035 Y127.798 E665.9592
G1 X153.38 Y127.798 E665.96396
G1 X153.38 Y128.08 E665.96785
G1 X153.036 Y128.08 E665.97259
G1 X145.432 Y135.684 E666.12093
G1 X138.295 Y135.684 E666.21938
G1 X115.607 Y112.996 E666.66198
G1 X115.26 Y112.996 E666.66677
G1 X115.26 Y112.714 E666.67066
G1 X115.608 Y112.714 E666.67546
G1 X130.758 Y97.564 E666.97101
G1 X137.885 Y97.564 E667.06932
G1 X153.035 Y112.714 E667.36487
G1 X153.38 Y112.714 E667.36963
G1 X153.38 Y112.996 E667.37352
G1 X153.036 Y112.996 E667.37827
G1 X130.348 Y135.684 E667.82087
G1 X123.211 Y135.684 E667.91932
G1 X115.607 Y128.08 E668.06766
G1 X115.26 Y128.08 E668.07245
G1 X115.26 Y127.798 E668.07634
G1 X115.608 Y127.798 E668.08114
G1 X145.842 Y97.564 E668.67095
G1 X153.283 Y97.564 E668.7736
G1 X152.969 Y97.564 E668.77793
G1 X153.38 Y97.975 E668.78595
G1 X153.38 Y97.61 E668.79098
G1 X153.352 Y97.596 E668.79141
G1 X115.264 Y135.684 E669.53444
G1 X115.26 Y135.684 E669.5345
G1 X115.26 Y135.275 E669.54014
G1 X115.669 Y135.684 E669.54812
G1 X122.806 Y135.684 E669.64657
G1 X153.036 Y105.454 E670.2363
G1 X153.38 Y105.454 E670.24105
G1 X153.38 Y105.172 E670.24494
G1 X153.035 Y105.172 E670.2497
G1 X145.427 Y97.564 E670.39812
G1 X143.383 Y97.564 E670.42631
G1 F5727.3 X138.3 Y97.564 E670.49643
G1 X128.395 Y107.469 E670.68966
G1 F5454.5 X115.608 Y120.256 E670.93911
G1 X115.511 Y120.256 E670.94045
G1 F5181.8 X115.26 Y120.256 E670.94391
G1 X115.26 Y120.538 E670.9478
G1 X115.607 Y120.538 E670.95259
G1 X127.198 Y132.129 E671.17871
G1 F4909.1 X130.753 Y135.684 E671.24806
G1 X137.89 Y135.684 E671.34651
G1 X140.859 Y132.715 E671.40443
G1 F4636.4 X151.787 Y121.787 E671.61762
G1 F4363.6 X153.036 Y120.538 E671.64198
G1 X153.38 Y120.538 E671.64673
G1 X153.38 Y120.256 E671.65062
G1 X153.035 Y120.256 E671.65538
G1 X144.686 Y111.907 E671.81825
G1 F4090.9 X135.044 Y102.265 E672.00635
G1 F3818.2 X130.343 Y97.564 E672.09806
G1 X124.265 Y97.564 E672.1819
G1 F3545.5 X123.216 Y97.564 E672.19637
G1 X115.608 Y105.172 E672.34479
G1 X115.599 Y105.172 E672.34491
G1 F3272.7 X115.26 Y105.172 E672.34959
G1 X115.26 Y105.454 E672.35348
G1 X115.607 Y105.454 E672.35827
G1 X122.636 Y112.483 E672.49539
G1 F3000 X129.707 Y119.554 E672.63333
G1 F2727.3 X136.135 Y125.982 E672.75873
G1 F2454.5 X141.92 Y131.767 E672.87159
G1 F2181.8 X145.837 Y135.684 E672.948
G1 X147.57 Y135.684 E672.9719
M205 X30 Y30
G1 F1909.1 X152.974 Y135.684 E673.04645
G1 X153.38 Y135.278 E673.05437
G1 X153.38 Y135.597 E673.05877
G1 X153.352 Y135.657 E673.05968
M204 S1500
G1 F2700 E666.55968
G0 F9000 X115.255 Y135.731
G0 X115.099 Y136.444
M205 X50 Y50
;TYPE:WALL-OUTER
G1 F2700 E673.05968
G1 F1800 X153.547 Y136.444 E673.54184
G1 X153.974 Y136.14 E673.54841
G1 X154.14 Y135.675 E673.5546
G1 X154.14 Y97.402 E674.03456
G1 X153.837 Y96.974 E674.04113
G1 X153.365 Y96.804 E674.04743
G1 X115.298 Y96.804 E674.5248
G1 X114.833 Y96.95 E674.53091
G1 X114.672 Y97.105 E674.53372
G1 X114.5 Y97.502 E674.53914
G1 X114.5 Y135.746 E675.01873
G1 X114.672 Y136.146 E675.02419
G1 X115.099 Y136.444 E675.03072
M204 S3500
G0 F9000 X115.899 Y136.444
G0 X115.206 Y136.044
;TYPE:WALL-INNER
G1 F1909.1 X121.569 Y136.044 E675.1185
G1 F2181.8 X128.841 Y136.044 E675.21881
G1 F2454.5 X137.022 Y136.044 E675.33166
G1 F2727.3 X146.112 Y136.044 E675.45705
G1 F3000 X153.441 Y136.044 E675.55815
G1 X153.652 Y135.894 E675.56173
G1 X153.74 Y135.641 E675.56542
G1 X153.74 Y133.497 E675.595
G1 F3272.7 X153.74 Y122.588 E675.74548
G1 F3545.5 X153.74 Y110.77 E675.9085
G1 F3818.2 X153.74 Y98.043 E676.08406
G1 F4090.9 X153.74 Y97.505 E676.09148
G1 X153.591 Y97.296 E676.09502
G1 X153.328 Y97.204 E676.09887
G1 X140.765 Y97.204 E676.27217
G1 F4363.6 X126.22 Y97.204 E676.47281
G1 F4636.4 X115.206 Y97.204 E676.62474
G1 X115.007 Y97.337 E676.62804
G1 X114.9 Y97.585 E676.63177
G1 X114.9 Y101.516 E676.68599
G1 F4909.1 X114.9 Y117.879 E676.91171
G1 F5181.8 X114.9 Y135.151 E677.14997
G1 F5454.5 X114.9 Y135.664 E677.15704
G1 X115.006 Y135.91 E677.16074
G1 X115.206 Y136.044 E677.16406
G0 F9000 X115.502 Y135.436
G1 F2700 E670.66406
;MESH:NONMESH
G0 F600 X115.502 Y135.436 Z7.2
G0 F9000 X153.38 Y135.624
;TIME_ELAPSED:921.960154
;LAYER:35
;TYPE:FILL
;MESH:square.stl
G1 F2700 E677.16406
G1 F6000 X153.344 Y135.649 E677.16466
G1 X115.306 Y97.612 E677.90671
G1 X115.26 Y97.676 E677.9078
G1 X115.26 Y97.978 E677.91196
G1 X115.674 Y97.564 E677.92004
G1 X122.8 Y97.564 E678.01834
G1 X153.036 Y127.799 E678.60818
G1 X153.38 Y127.799 E678.61292
G1 X153.38 Y128.081 E678.61681
G1 X153.035 Y128.081 E678.62157
G1 X145.432 Y135.684 E678.76989
G1 X138.295 Y135.684 E678.86834
G1 X115.607 Y112.996 E679.31095
G1 X115.26 Y112.996 E679.31573
G1 X115.26 Y112.714 E679.31962
G1 X115.608 Y112.714 E679.32442
G1 X130.758 Y97.564 E679.61997
G1 X137.884 Y97.564 E679.71827
G1 X153.036 Y112.715 E680.01385
G1 X153.38 Y112.715 E680.0186
G1 X153.38 Y112.997 E680.02249
G1 X153.035 Y112.997 E680.02725
G1 X130.348 Y135.684 E680.46983
G1 X123.211 Y135.684 E680.56828
G1 X115.607 Y128.08 E680.71662
G1 X115.26 Y128.08 E680.72141
G1 X115.26 Y127.798 E680.7253
G1 X115.608 Y127.798 E680.7301
G1 X145.842 Y97.564 E681.31991
G1 X153.278 Y97.564 E681.42249
G1 X152.968 Y97.564 E681.42676
G1 X153.38 Y97.975 E681.43479
G1 X153.38 Y97.613 E681.43978
G1 X153.35 Y97.598 E681.44025
G1 X115.312 Y135.636 E682.1823
G1 X115.26 Y135.535 E682.18387
G1 X115.26 Y135.275 E682.18745
G1 X115.669 Y135.684 E682.19543
G1 X122.806 Y135.684 E682.29388
G1 X153.035 Y105.455 E682.8836
G1 X153.38 Y105.455 E682.88836
G1 X153.38 Y105.173 E682.89225
G1 X153.036 Y105.173 E682.89699
G1 X145.426 Y97.564 E683.04544
G1 X143.424 Y97.564 E683.07306
G1 F5727.3 X138.3 Y97.564 E683.14374
G1 X128.424 Y107.44 E683.3364
G1 F5454.5 X115.608 Y120.256 E683.58642
G1 X115.551 Y120.256 E683.58721
G1 F5181.8 X115.26 Y120.256 E683.59122
G1 X115.26 Y120.538 E683.59511
G1 X115.607 Y120.538 E683.5999
G1 X127.17 Y132.101 E683.82547
G1 F4909.1 X130.753 Y135.684 E683.89537
G1 X137.89 Y135.684 E683.99382
G1 X140.831 Y132.743 E684.05119
G1 F4636.4 X151.759 Y121.815 E684.26438
G1 F4363.6 X153.035 Y120.539 E684.28927
G1 X153.38 Y120.539 E684.29403
G1 X153.38 Y120.257 E684.29792
G1 X153.036 Y120.257 E684.30267
G1 X144.714 Y111.935 E684.46501
G1 F4090.9 X135.072 Y102.293 E684.65311
G1 F3818.2 X130.342 Y97.564 E684.74538
G1 X124.304 Y97.564 E684.82867
G1 F3545.5 X123.216 Y97.564 E684.84368
G1 X115.629 Y105.151 E684.99168
G1 F3272.7 X115.608 Y105.172 E684.99209
G1 X115.26 Y105.172 E684.99689
G1 X115.26 Y105.454 E685.00078
G1 X115.607 Y105.454 E685.00557
G1 X122.609 Y112.456 E685.14217
G1 F3000 X129.68 Y119.527 E685.28011
G1 F2727.3 X136.108 Y125.955 E685.40551
G1 F2454.5 X141.893 Y131.74 E685.51837
G1 F2181.8 X145.837 Y135.684 E685.59531
G1 X147.531 Y135.684 E685.61867
M205 X30 Y30
G1 F1909.1 X152.974 Y135.684 E685.69376
G1 X153.38 Y135.278 E685.70168
G1 X153.38 Y135.624 E685.70645
M204 S1500
G0 F9000 X153.443 Y136.444
M205 X50 Y50
;TYPE:WALL-OUTER
G1 F1800 X153.7 Y136.358 E685.70985
G1 X154.002 Y136.102 E685.71481
G1 X154.14 Y135.674 E685.72045
G1 X154.14 Y97.597 E686.19795
G1 X153.999 Y97.142 E686.20393
G1 X153.801 Y96.945 E686.20743
G1 X153.366 Y96.804 E686.21316
G1 X115.298 Y96.804 E686.69055
G1 X114.838 Y96.95 E686.6966
G1 X114.651 Y97.134 E686.69989
G1 X114.5 Y97.507 E686.70494
G1 X114.5 Y135.659 E687.18338
G1 X114.653 Y136.112 E687.18937
G1 X114.941 Y136.362 E687.19416
G1 X115.192 Y136.444 E687.19747
G1 X153.443 Y136.444 E687.67715
M204 S3500
G0 F9000 X153.7 Y136.358
G0 X154.002 Y136.102
G0 X154.042 Y135.976
G0 X153.378 Y136.044
;TYPE:WALL-INNER
G1 F1909.1 X153.68 Y135.851 E687.68209
G1 X153.74 Y135.639 E687.68513
G1 X153.74 Y129.855 E687.76492
G1 F2181.8 X153.74 Y122.583 E687.86523
G1 F2454.5 X153.74 Y114.402 E687.97808
G1 F2727.3 X153.74 Y105.312 E688.10348
G1 F3000 X153.74 Y97.629 E688.20946
G1 X153.67 Y97.378 E688.21305
G1 X153.564 Y97.274 E688.2151
G1 X153.332 Y97.204 E688.21844
G1 X151.667 Y97.204 E688.24141
G1 F3272.7 X140.758 Y97.204 E688.3919
G1 F3545.5 X128.94 Y97.204 E688.55492
G1 F3818.2 X116.213 Y97.204 E688.73048
G1 F4090.9 X115.208 Y97.204 E688.74434
G1 X114.991 Y97.36 E688.74803
G1 X114.9 Y97.585 E688.75138
G1 X114.9 Y109.706 E688.91858
G1 F4363.6 X114.9 Y124.251 E689.11922
G1 F4636.4 X114.9 Y135.593 E689.27567
G1 X114.997 Y135.881 E689.27987
G1 X115.256 Y136.044 E689.28409
G1 X118.758 Y136.044 E689.3324
G1 F4909.1 X135.121 Y136.044 E689.55811
G1 F5181.8 X152.393 Y136.044 E689.79637
G1 F5454.5 X153.378 Y136.044 E689.80996
G0 F9000 X153.142 Y135.453
;MESH:NONMESH
G0 F600 X153.142 Y135.453 Z7.4
G0 F9000 X153.38 Y135.625
;TIME_ELAPSED:937.652706
;LAYER:36
;TYPE:FILL
;MESH:square.stl
G1 F6000 X153.38 Y135.278 E689.81475
G1 X152.973 Y135.685 E689.82269
G1 X145.837 Y135.684 E689.92112
G1 X115.607 Y105.454 E690.51086
G1 X115.261 Y105.454 E690.51563
G1 X115.26 Y105.172 E690.51952
G1 X115.608 Y105.172 E690.52432
G1 X123.216 Y97.564 E690.67274
G1 X130.342 Y97.564 E690.77104
G1 X153.036 Y120.257 E691.21375
G1 X153.38 Y120.257 E691.21849
G1 X153.38 Y120.539 E691.22238
G1 X153.035 Y120.539 E691.22714
G1 X137.889 Y135.685 E691.52261
G1 X130.753 Y135.684 E691.62105
G1 X115.607 Y120.538 E691.91652
G1 X115.261 Y120.538 E691.9213
G1 X115.26 Y120.256 E691.92519
G1 X115.608 Y120.256 E691.92999
G1 X138.3 Y97.564 E692.37267
G1 X145.426 Y97.564 E692.47097
G1 X153.036 Y105.173 E692.61941
G1 X153.38 Y105.173 E692.62416
G1 X153.38 Y105.455 E692.62805
G1 X153.035 Y105.455 E692.63281
G1 X122.805 Y135.685 E693.22254
G1 X115.669 Y135.684 E693.32098
G1 X115.26 Y135.275 E693.32896
G1 X115.26 Y135.604 E693.3335
G1 X115.297 Y135.651 E693.33432
G1 X153.348 Y97.6 E694.07663
G1 X153.38 Y97.675 E694.07775
G1 X153.38 Y97.975 E694.08189
G1 X152.968 Y97.564 E694.08992
G1 X145.842 Y97.564 E694.18822
G1 X115.608 Y127.798 E694.77803
G1 X115.26 Y127.798 E694.78283
G1 X115.261 Y128.08 E694.78672
G1 X115.607 Y128.08 E694.79149
G1 X123.211 Y135.684 E694.93983
G1 X130.347 Y135.685 E695.03827
G1 X153.035 Y112.997 E695.48087
G1 X153.38 Y112.997 E695.48563
G1 X153.38 Y112.715 E695.48952
G1 X153.036 Y112.715 E695.49427
G1 X141.872 Y101.552 E695.71205
G1 F5727.3 X137.884 Y97.564 E695.78985
G1 X130.758 Y97.564 E695.88815
G1 X126.286 Y102.036 E695.97539
G1 F5454.5 X115.608 Y112.714 E696.1837
G1 X115.26 Y112.714 E696.1885
G1 X115.261 Y112.996 E696.19239
G1 X115.607 Y112.996 E696.19716
G1 X117.095 Y114.484 E696.22619
G1 F5181.8 X129.308 Y126.697 E696.46444
G1 F4909.1 X138.295 Y135.684 E696.63976
G1 X141.948 Y135.685 E696.69015
G1 F4636.4 X145.431 Y135.685 E696.7382
G1 X153.035 Y128.081 E696.88654
G1 X153.38 Y128.081 E696.8913
G1 X153.38 Y127.799 E696.89519
G1 X153.036 Y127.799 E696.89994
G1 X152.862 Y127.625 E696.90333
G1 F4363.6 X142.577 Y117.341 E697.10396
G1 F4090.9 X132.935 Y107.699 E697.29206
G1 F3818.2 X123.936 Y98.7 E697.46762
G1 F3545.5 X122.8 Y97.564 E697.48978
G1 X115.674 Y97.564 E697.58808
G1 X115.261 Y97.977 E697.59613
G1 X115.26 Y97.564 E697.60183
G1 X115.26 Y97.565 E697.60184
G1 X116.736 Y99.041 E697.63064
G1 F3272.7 X124.449 Y106.754 E697.7811
G1 F3000 X131.52 Y113.825 E697.91905
G1 F2727.3 X137.948 Y120.253 E698.04445
G1 F2454.5 X143.733 Y126.038 E698.1573
G1 F2181.8 X148.875 Y131.18 E698.25761
M205 X30 Y30
G1 F1909.1 X153.344 Y135.649 E698.3448
G1 X153.38 Y135.625 E698.34539
M204 S1500
G1 F2700 E691.84539
G0 F9000 X115.345 Y135.748
G0 X115.278 Y136.444
M205 X50 Y50
;TYPE:WALL-OUTER
G1 F2700 E698.34539
G1 F1800 X153.444 Y136.444 E698.82401
G1 X153.696 Y136.362 E698.82733
G1 X154.002 Y136.098 E698.8324
G1 X154.14 Y135.67 E698.83804
G1 X154.14 Y97.518 E699.31648
G1 X153.96 Y97.097 E699.32222
G1 X153.538 Y96.804 E699.32866
G1 X115.196 Y96.804 E699.80949
G1 X114.937 Y96.889 E699.8129
G1 X114.71 Y97.057 E699.81645
G1 X114.5 Y97.497 E699.82256
G1 X114.5 Y135.752 E700.30229
G1 X114.582 Y135.999 E700.30556
G1 X114.849 Y136.306 E700.31066
G1 X115.278 Y136.444 E700.31631
M204 S3500
G0 F9000 X116.078 Y136.444
G0 X115.312 Y136.044
;TYPE:WALL-INNER
G1 F1909.1 X121.675 Y136.044 E700.40408
G1 F2181.8 X128.947 Y136.044 E700.5044
G1 F2454.5 X137.128 Y136.044 E700.61725
G1 F2727.3 X146.218 Y136.044 E700.74264
G1 F3000 X153.38 Y136.044 E700.84143
G1 X153.679 Y135.848 E700.84637
G1 X153.74 Y135.636 E700.84941
G1 X153.74 Y133.377 E700.88057
G1 F3272.7 X153.74 Y122.468 E701.03105
G1 F3545.5 X153.74 Y110.65 E701.19408
G1 F3818.2 X153.74 Y97.923 E701.36964
G1 F4090.9 X153.74 Y97.6 E701.37409
G1 X153.625 Y97.331 E701.37813
G1 X153.434 Y97.204 E701.38129
G1 X140.643 Y97.204 E701.55774
G1 F4363.6 X126.098 Y97.204 E701.75838
G1 F4636.4 X115.26 Y97.204 E701.90788
G1 X115.002 Y97.339 E701.9119
G1 X114.9 Y97.562 E701.91528
G1 X114.9 Y101.642 E701.97156
G1 F4909.1 X114.9 Y118.005 E702.19728
G1 F5181.8 X114.9 Y135.277 E702.43554
G1 F5454.5 X114.9 Y135.688 E702.44121
G1 X115.099 Y135.984 E702.44613
G1 X115.312 Y136.044 E702.44918
G0 F9000 X115.502 Y135.449
G1 F2700 E695.94918
;MESH:NONMESH
G0 F600 X115.502 Y135.449 Z7.6
G0 F9000 X153.38 Y135.684
;TIME_ELAPSED:954.288072
;LAYER:37
;TYPE:FILL
;MESH:square.stl
G1 F2700 E702.44918
G1 F6000 X153.379 Y135.684 E702.44919
G1 X115.295 Y97.601 E703.19213
G1 X115.26 Y97.65 E703.19296
G1 X115.26 Y97.978 E703.19749
G1 X115.674 Y97.564 E703.20557
G1 X122.8 Y97.564 E703.30386
G1 X153.036 Y127.799 E703.89371
G1 X153.38 Y127.799 E703.89845
G1 X153.38 Y128.081 E703.90234
G1 X153.035 Y128.081 E703.9071
G1 X145.432 Y135.684 E704.05542
G1 X138.295 Y135.684 E704.15387
G1 X115.607 Y112.996 E704.59648
G1 X115.26 Y112.996 E704.60126
G1 X115.26 Y112.714 E704.60515
G1 X115.608 Y112.714 E704.60995
G1 X130.758 Y97.564 E704.9055
G1 X137.884 Y97.564 E705.0038
G1 X153.036 Y112.715 E705.29938
G1 X153.38 Y112.715 E705.30413
G1 X153.38 Y112.997 E705.30802
G1 X153.035 Y112.997 E705.31277
G1 X130.348 Y135.684 E705.75536
G1 X123.211 Y135.684 E705.85381
G1 X115.607 Y128.08 E706.00215
G1 X115.26 Y128.08 E706.00694
G1 X115.26 Y127.798 E706.01083
G1 X115.608 Y127.798 E706.01563
G1 X145.842 Y97.564 E706.60544
G1 X153.302 Y97.564 E706.70834
G1 X152.968 Y97.564 E706.71295
G1 X153.38 Y97.975 E706.72098
G1 X153.38 Y97.678 E706.72508
G1 X153.335 Y97.613 E706.72617
G1 X115.264 Y135.684 E707.46887
G1 X115.26 Y135.684 E707.46892
G1 X115.26 Y135.275 E707.47456
G1 X115.669 Y135.684 E707.48254
G1 X122.806 Y135.684 E707.58099
G1 X153.035 Y105.455 E708.17071
G1 X153.38 Y105.455 E708.17547
G1 X153.38 Y105.173 E708.17936
G1 X153.036 Y105.173 E708.1841
G1 X145.426 Y97.564 E708.33255
G1 X143.363 Y97.564 E708.36101
G1 F5727.3 X138.3 Y97.564 E708.43085
G1 X128.381 Y107.483 E708.62435
G1 F5454.5 X115.608 Y120.256 E708.87353
G1 X115.491 Y120.256 E708.87514
G1 F5181.8 X115.26 Y120.256 E708.87833
G1 X115.26 Y120.538 E708.88222
G1 X115.607 Y120.538 E708.88701
G1 X127.212 Y132.143 E709.1134
G1 F4909.1 X130.753 Y135.684 E709.18248
G1 X137.89 Y135.684 E709.28093
G1 X140.873 Y132.701 E709.33912
G1 F4636.4 X151.801 Y121.773 E709.55231
G1 F4363.6 X153.035 Y120.539 E709.57638
G1 X153.38 Y120.539 E709.58114
G1 X153.38 Y120.257 E709.58503
G1 X153.036 Y120.257 E709.58978
G1 X144.671 Y111.893 E709.75295
G1 F4090.9 X135.029 Y102.251 E709.94105
G1 F3818.2 X130.342 Y97.564 E710.03249
G1 X124.244 Y97.564 E710.1166
G1 F3545.5 X123.216 Y97.564 E710.13078
G1 X115.608 Y105.172 E710.2792
G1 X115.578 Y105.172 E710.27962
G1 F3272.7 X115.26 Y105.172 E710.284
G1 X115.26 Y105.454 E710.28789
G1 X115.607 Y105.454 E710.29268
G1 X122.651 Y112.498 E710.4301
G1 F3000 X129.722 Y119.569 E710.56804
G1 F2727.3 X136.15 Y125.997 E710.69344
G1 F2454.5 X141.935 Y131.782 E710.80629
G1 F2181.8 X145.837 Y135.684 E710.88241
G1 X147.591 Y135.684 E710.90661
M205 X30 Y30
G1 F1909.1 X152.974 Y135.684 E710.98087
G1 X153.38 Y135.278 E710.98879
G1 X153.38 Y135.684 E710.99439
M204 S1500
G0 F9000 X153.344 Y136.444
M205 X50 Y50
;TYPE:WALL-OUTER
G1 F1800 X153.794 Y136.307 E711.00028
G1 X154.003 Y136.097 E711.004
G1 X154.14 Y135.668 E711.00965
G1 X154.14 Y97.514 E711.48811
G1 X153.993 Y97.14 E711.49315
G1 X153.794 Y96.942 E711.49667
G1 X153.362 Y96.804 E711.50236
G1 X115.297 Y96.804 E711.97971
G1 X114.849 Y96.943 E711.98559
G1 X114.582 Y97.253 E711.99072
G1 X114.5 Y97.501 E711.994
G1 X114.5 Y135.655 E712.47246
G1 X114.638 Y136.098 E712.47828
G1 X114.847 Y136.307 E712.48199
G1 X115.276 Y136.444 E712.48764
G1 X153.344 Y136.444 E712.96502
M204 S3500
G0 F9000 X153.794 Y136.307
G0 X154.003 Y136.097
G0 X154.013 Y136.065
G0 X153.312 Y136.044
;TYPE:WALL-INNER
G1 F1909.1 X153.558 Y135.977 E712.96854
G1 X153.674 Y135.86 E712.97081
G1 X153.74 Y135.636 E712.97403
G1 X153.74 Y129.926 E713.0528
G1 F2181.8 X153.74 Y122.654 E713.15311
G1 F2454.5 X153.74 Y114.473 E713.26596
G1 F2727.3 X153.74 Y105.383 E713.39136
G1 F3000 X153.74 Y97.59 E713.49886
G1 X153.559 Y97.272 E713.5039
G1 X153.327 Y97.204 E713.50724
G1 X151.728 Y97.204 E713.5293
G1 F3272.7 X140.819 Y97.204 E713.67978
G1 F3545.5 X129.001 Y97.204 E713.8428
G1 F3818.2 X116.274 Y97.204 E714.01836
G1 F4090.9 X115.33 Y97.204 E714.03138
G1 X115.097 Y97.268 E714.03472
G1 X114.9 Y97.565 E714.03963
G1 X114.9 Y109.659 E714.20646
G1 F4363.6 X114.9 Y124.204 E714.4071
G1 F4636.4 X114.9 Y135.621 E714.56459
G1 X114.97 Y135.864 E714.56808
G1 X115.084 Y135.978 E714.57031
G1 X115.308 Y136.044 E714.57353
G1 X118.697 Y136.044 E714.62028
G1 F4909.1 X135.06 Y136.044 E714.84599
G1 F5181.8 X152.332 Y136.044 E715.08425
G1 F5454.5 X153.312 Y136.044 E715.09777
G0 F9000 X153.142 Y135.449
;MESH:NONMESH
G0 F600 X153.142 Y135.449 Z7.8
G0 F9000 X153.38 Y135.608
;TIME_ELAPSED:969.982444
;LAYER:38
;TYPE:FILL
;MESH:square.stl
G1 F6000 X153.344 Y135.649 E715.09852
G1 X115.293 Y97.598 E715.84083
G1 X115.26 Y97.608 E715.84131
G1 X115.26 Y97.978 E715.84641
G1 X115.674 Y97.564 E715.85449
G1 X122.801 Y97.564 E715.9528
G1 X153.035 Y127.798 E716.54261
G1 X153.38 Y127.798 E716.54737
G1 X153.38 Y128.08 E716.55126
G1 X153.036 Y128.08 E716.55601
G1 X145.433 Y135.683 E716.70433
G1 X138.292 Y135.681 E716.80283
G1 X115.607 Y112.996 E717.24538
G1 X115.26 Y112.996 E717.25016
G1 X115.26 Y112.714 E717.25405
G1 X115.608 Y112.714 E717.25885
G1 X130.758 Y97.564 E717.5544
G1 X137.885 Y97.564 E717.65272
G1 X153.035 Y112.714 E717.94827
G1 X153.38 Y112.714 E717.95303
G1 X153.38 Y112.996 E717.95692
G1 X153.036 Y112.996 E717.96166
G1 X130.351 Y135.681 E718.40421
G1 X123.206 Y135.679 E718.50277
G1 X115.607 Y128.08 E718.65101
G1 X115.26 Y128.08 E718.6558
G1 X115.26 Y127.798 E718.65969
G1 X115.608 Y127.798 E718.66449
G1 X145.842 Y97.564 E719.2543
G1 X153.265 Y97.564 E719.35669
G1 X152.969 Y97.564 E719.36078
G1 X153.38 Y97.975 E719.3688
G1 X153.38 Y97.613 E719.37379
G1 X153.349 Y97.599 E719.37426
G1 X115.299 Y135.649 E720.11655
G1 X115.26 Y135.622 E720.1172
G1 X115.26 Y135.275 E720.12199
G1 X115.663 Y135.678 E720.12985
G1 X122.81 Y135.68 E720.22844
G1 X153.036 Y105.454 E720.81809
G1 X153.38 Y105.454 E720.82284
G1 X153.38 Y105.172 E720.82673
G1 X153.035 Y105.172 E720.83149
G1 X145.427 Y97.564 E720.97991
G1 X143.441 Y97.564 E721.0073
G1 F5727.3 X138.3 Y97.564 E721.07822
G1 X128.436 Y107.428 E721.27065
G1 F5454.5 X115.608 Y120.256 E721.5209
G1 X115.569 Y120.256 E721.52144
G1 F5181.8 X115.26 Y120.256 E721.5257
G1 X115.26 Y120.538 E721.52959
G1 X115.607 Y120.538 E721.53438
G1 X127.157 Y132.088 E721.7597
G1 F4909.1 X130.749 Y135.68 E721.82977
G1 X137.892 Y135.682 E721.92831
G1 X140.819 Y132.755 E721.98541
G1 F4636.4 X151.747 Y121.827 E722.19859
G1 F4363.6 X153.036 Y120.538 E722.22374
G1 X153.38 Y120.538 E722.22848
G1 X153.38 Y120.256 E722.23237
G1 X153.035 Y120.256 E722.23713
G1 X144.726 Y111.947 E722.39923
G1 F4090.9 X135.084 Y102.305 E722.58733
G1 F3818.2 X130.343 Y97.564 E722.67981
G1 X124.321 Y97.564 E722.76288
G1 F3545.5 X123.216 Y97.564 E722.77813
G1 X115.641 Y105.139 E722.9259
G1 F3272.7 X115.608 Y105.172 E722.92655
G1 X115.26 Y105.172 E722.93135
G1 X115.26 Y105.454 E722.93524
G1 X115.607 Y105.454 E722.94002
G1 X122.597 Y112.444 E723.07638
G1 F3000 X129.668 Y119.515 E723.21433
G1 F2727.3 X136.096 Y125.943 E723.33973
G1 F2454.5 X141.881 Y131.728 E723.45258
G1 F2181.8 X145.835 Y135.682 E723.52972
G1 X147.515 Y135.683 E723.55289
M205 X30 Y30
G1 F1909.1 X152.974 Y135.684 E723.6282
G1 X153.38 Y135.278 E723.63612
G1 X153.38 Y135.608 E723.64067
M204 S1500
G1 F2700 E717.14067
G0 F9000 X115.343 Y135.726
G0 X115.115 Y136.444
M205 X50 Y50
;TYPE:WALL-OUTER
G1 F2700 E723.64067
G1 F1800 X153.535 Y136.444 E724.12247
G1 X153.959 Y136.155 E724.1289
G1 X154.14 Y135.822 E724.13366
G1 X154.14 Y97.612 E724.61282
G1 X154.019 Y97.185 E724.61839
G1 X153.854 Y96.99 E724.62159
G1 X153.422 Y96.804 E724.62749
G1 X115.308 Y96.804 E725.10546
G1 X114.881 Y96.925 E725.11102
G1 X114.685 Y97.091 E725.11424
G1 X114.5 Y97.507 E725.11995
G1 X114.5 Y135.818 E725.60039
G1 X114.674 Y136.142 E725.605
G1 X115.115 Y136.444 E725.6117
M204 S3500
G0 F9000 X115.915 Y136.444
G0 X115.239 Y136.044
;TYPE:WALL-INNER
G1 F1909.1 X121.602 Y136.044 E725.69947
G1 F2181.8 X128.874 Y136.044 E725.79979
G1 F2454.5 X137.055 Y136.044 E725.91264
G1 F2727.3 X146.145 Y136.044 E726.03803
G1 F3000 X153.434 Y136.044 E726.13858
G1 X153.639 Y135.906 E726.14199
G1 X153.74 Y135.719 E726.14492
G1 X153.74 Y133.468 E726.17597
G1 F3272.7 X153.74 Y122.559 E726.32645
G1 F3545.5 X153.74 Y110.741 E726.48947
G1 F3818.2 X153.74 Y98.014 E726.66504
G1 F4090.9 X153.74 Y97.667 E726.66982
G1 X153.61 Y97.32 E726.67493
G1 X153.34 Y97.204 E726.67899
G1 X140.716 Y97.204 E726.85313
G1 F4363.6 X126.171 Y97.204 E727.05377
G1 F4636.4 X115.363 Y97.204 E727.20286
G1 X115.013 Y97.337 E727.20802
G1 X114.9 Y97.592 E727.21187
G1 X114.9 Y101.585 E727.26695
G1 F4909.1 X114.9 Y117.948 E727.49267
G1 F5181.8 X114.9 Y135.22 E727.73093
G1 F5454.5 X114.9 Y135.719 E727.73781
G1 X114.98 Y135.867 E727.74013
G1 X115.239 Y136.044 E727.74446
G0 F9000 X115.502 Y135.44
G1 F2700 E721.24446
;MESH:NONMESH
G0 F600 X115.502 Y135.44 Z8
G0 F9000 X153.38 Y135.633
;TIME_ELAPSED:986.618285
;LAYER:39
;TYPE:FILL
;MESH:square.stl
G1 F2700 E727.74446
G1 F6000 X153.34 Y135.645 E727.74503
G1 X115.292 Y97.597 E728.48728
G1 X115.261 Y97.633 E728.48794
G1 X115.261 Y97.977 E728.49268
G1 X115.674 Y97.564 E728.50074
G1 X122.8 Y97.564 E728.59904
G1 X153.036 Y127.799 E729.18888
G1 X153.38 Y127.799 E729.19363
G1 X153.381 Y128.081 E729.19752
G1 X153.035 Y128.081 E729.20229
G1 X145.432 Y135.684 E729.35061
G1 X138.295 Y135.684 E729.44906
G1 X115.607 Y112.996 E729.89166
G1 X115.261 Y112.997 E729.89644
G1 X115.261 Y112.715 E729.90033
G1 X115.608 Y112.714 E729.90511
G1 X130.758 Y97.564 E730.20066
G1 X137.884 Y97.564 E730.29896
G1 X153.036 Y112.715 E730.59454
G1 X153.38 Y112.715 E730.59929
G1 X153.381 Y112.997 E730.60318
G1 X153.035 Y112.997 E730.60795
G1 X130.348 Y135.684 E731.05053
G1 X123.211 Y135.684 E731.14898
G1 X115.607 Y128.08 E731.29733
G1 X115.261 Y128.081 E731.3021
G1 X115.261 Y127.799 E731.30599
G1 X115.608 Y127.798 E731.31077
G1 X145.842 Y97.564 E731.90059
G1 X153.299 Y97.564 E732.00345
G1 X152.968 Y97.564 E732.00802
G1 X153.381 Y97.976 E732.01606
G1 X153.38 Y97.679 E732.02016
G1 X153.334 Y97.614 E732.02126
G1 X115.318 Y135.63 E732.76289
G1 X115.26 Y135.522 E732.76458
G1 X115.261 Y135.276 E732.76797
G1 X115.669 Y135.684 E732.77593
G1 X122.806 Y135.684 E732.87438
G1 X153.035 Y105.455 E733.46409
G1 X153.381 Y105.455 E733.46887
G1 X153.38 Y105.173 E733.47276
G1 X153.036 Y105.173 E733.4775
G1 X145.426 Y97.564 E733.62595
G1 X143.417 Y97.564 E733.65366
G1 F5727.3 X138.3 Y97.564 E733.72425
G1 X128.419 Y107.445 E733.91701
G1 F5454.5 X115.608 Y120.256 E734.16693
G1 X115.544 Y120.257 E734.16781
G1 F5181.8 X115.261 Y120.257 E734.17172
G1 X115.261 Y120.539 E734.17561
G1 X115.607 Y120.538 E734.18038
G1 X127.176 Y132.107 E734.40607
G1 F4909.1 X130.753 Y135.684 E734.47585
G1 X137.89 Y135.684 E734.5743
G1 X140.837 Y132.737 E734.63179
G1 F4636.4 X151.765 Y121.809 E734.84498
G1 F4363.6 X153.035 Y120.539 E734.86975
G1 X153.381 Y120.539 E734.87453
G1 X153.38 Y120.257 E734.87842
G1 X153.036 Y120.257 E734.88316
G1 X144.709 Y111.93 E735.04561
G1 F4090.9 X135.067 Y102.288 E735.23371
G1 F3818.2 X130.342 Y97.564 E735.32587
G1 X124.297 Y97.564 E735.40926
G1 F3545.5 X123.216 Y97.564 E735.42417
G1 X115.624 Y105.156 E735.57228
G1 F3272.7 X115.608 Y105.172 E735.57259
G1 X115.261 Y105.173 E735.57738
G1 X115.261 Y105.455 E735.58127
G1 X115.607 Y105.454 E735.58604
G1 X122.615 Y112.462 E735.72275
G1 F3000 X129.686 Y119.533 E735.8607
G1 F2727.3 X136.114 Y125.961 E735.9861
G1 F2454.5 X141.899 Y131.746 E736.09895
G1 F2181.8 X145.837 Y135.684 E736.17577
G1 X147.54 Y135.684 E736.19927
M205 X30 Y30
G1 F1909.1 X152.974 Y135.684 E736.27423
G1 X153.38 Y135.278 E736.28215
G1 X153.38 Y135.633 E736.28704
M204 S1500
G0 F9000 X153.329 Y136.444
M205 X50 Y50
;TYPE:WALL-OUTER
G1 F1800 X153.8 Y136.299 E736.29322
G1 X153.995 Y136.101 E736.29671
G1 X154.14 Y135.649 E736.30266
G1 X154.14 Y97.514 E736.78089
G1 X153.997 Y97.148 E736.78582
G1 X153.789 Y96.941 E736.7895
G1 X153.356 Y96.804 E736.79519
G1 X115.296 Y96.804 E737.27248
G1 X114.853 Y96.939 E737.27828
G1 X114.579 Y97.26 E737.28358
G1 X114.501 Y97.504 E737.28679
G1 X114.5 Y135.641 E737.76504
G1 X114.646 Y136.101 E737.77109
G1 X114.956 Y136.365 E737.7762
G1 X115.203 Y136.444 E737.77945
G1 X153.329 Y136.444 E738.25757
M204 S3500
G0 F9000 X153.8 Y136.299
G0 X153.995 Y136.101
G0 X154.003 Y136.074
G0 X153.269 Y136.044
;TYPE:WALL-INNER
G1 F1909.1 X153.586 Y135.946 E738.26214
G1 X153.74 Y135.587 E738.26753
G1 X153.74 Y129.946 E738.34535
G1 F2181.8 X153.74 Y122.674 E738.44566
G1 F2454.5 X153.74 Y114.493 E738.55851
G1 F2727.3 X153.74 Y105.403 E738.6839
G1 F3000 X153.74 Y97.59 E738.79168
G1 X153.553 Y97.271 E738.79678
G1 X153.324 Y97.204 E738.80007
G1 X151.746 Y97.204 E738.82184
G1 F3272.7 X140.837 Y97.204 E738.97232
G1 F3545.5 X129.019 Y97.204 E739.13534
G1 F3818.2 X116.292 Y97.204 E739.3109
G1 F4090.9 X115.327 Y97.204 E739.32422
G1 X115.102 Y97.263 E739.32742
G1 X114.901 Y97.566 E739.33244
G1 X114.901 Y109.641 E739.49901
G1 F4363.6 X114.901 Y124.186 E739.69965
G1 F4636.4 X114.9 Y135.579 E739.85681
G1 X114.993 Y135.871 E739.86103
G1 X115.265 Y136.044 E739.86548
G1 X118.697 Y136.044 E739.91282
G1 F4909.1 X135.06 Y136.044 E740.13854
G1 F5181.8 X152.332 Y136.044 E740.3768
G1 F5454.5 X153.269 Y136.044 E740.38972
G0 F9000 X153.142 Y135.447
;MESH:NONMESH
G0 F600 X153.142 Y135.447 Z8.2
G0 F9000 X153.38 Y135.635
;TIME_ELAPSED:1002.312231
;LAYER:40
;TYPE:FILL
;MESH:square.stl
G1 F6000 X153.34 Y135.646 E740.3903
G1 X115.608 Y97.913 E741.12639
G1 X115.261 Y97.913 E741.13118
G1 X115.26 Y97.631 E741.13507
G1 X115.607 Y97.631 E741.13985
G1 X115.674 Y97.564 E741.14116
G1 X122.801 Y97.564 E741.23947
G1 X153.035 Y127.798 E741.82929
G1 X153.38 Y127.798 E741.83405
G1 X153.38 Y128.08 E741.83794
G1 X153.036 Y128.08 E741.84268
G1 X145.432 Y135.684 E741.99102
G1 X138.295 Y135.684 E742.08947
G1 X115.607 Y112.996 E742.53208
G1 X115.261 Y112.996 E742.53685
G1 X115.26 Y112.714 E742.54074
G1 X115.608 Y112.714 E742.54554
G1 X130.758 Y97.564 E742.84109
G1 X137.885 Y97.564 E742.9394
G1 X153.035 Y112.714 E743.23495
G1 X153.38 Y112.714 E743.23971
G1 X153.38 Y112.996 E743.2436
G1 X153.036 Y112.996 E743.24835
G1 X130.348 Y135.684 E743.69095
G1 X123.211 Y135.684 E743.7894
G1 X115.607 Y128.08 E743.93774
G1 X115.261 Y128.081 E743.94251
G1 X115.261 Y127.799 E743.9464
G1 X115.608 Y127.798 E743.95119
G1 X145.842 Y97.564 E744.541
G1 X153.262 Y97.564 E744.64336
G1 X152.969 Y97.564 E744.6474
G1 X153.38 Y97.975 E744.65542
G1 X153.38 Y97.653 E744.65986
G1 X153.332 Y97.616 E744.66069
G1 X115.294 Y135.653 E745.40274
G1 X115.261 Y135.63 E745.40329
G1 X115.261 Y135.276 E745.40818
G1 X115.669 Y135.684 E745.41614
G1 X122.806 Y135.684 E745.51459
G1 X153.036 Y105.454 E746.10432
G1 X153.38 Y105.454 E746.10907
G1 X153.38 Y105.172 E746.11296
G1 X153.035 Y105.172 E746.11771
G1 X145.427 Y97.564 E746.26613
G1 X143.414 Y97.564 E746.2939
G1 F5727.3 X138.3 Y97.564 E746.36445
G1 X128.417 Y107.447 E746.55725
G1 F5454.5 X115.608 Y120.256 E746.80713
G1 X115.541 Y120.257 E746.80805
G1 F5181.8 X115.261 Y120.257 E746.81191
G1 X115.261 Y120.539 E746.8158
G1 X115.607 Y120.538 E746.82058
G1 X127.178 Y132.109 E747.04631
G1 F4909.1 X130.753 Y135.684 E747.11605
G1 X137.89 Y135.684 E747.2145
G1 X140.839 Y132.735 E747.27203
G1 F4636.4 X151.767 Y121.807 E747.48521
G1 F4363.6 X153.036 Y120.538 E747.50997
G1 X153.38 Y120.538 E747.51472
G1 X153.38 Y120.256 E747.51861
G1 X153.035 Y120.256 E747.52336
G1 X144.706 Y111.927 E747.68585
G1 F4090.9 X135.064 Y102.285 E747.87395
G1 F3818.2 X130.343 Y97.564 E747.96605
G1 X124.293 Y97.564 E748.0495
G1 F3545.5 X123.216 Y97.564 E748.06436
G1 X115.621 Y105.159 E748.21252
G1 F3272.7 X115.608 Y105.172 E748.21278
G1 X115.26 Y105.172 E748.21758
G1 X115.261 Y105.454 E748.22147
G1 X115.607 Y105.454 E748.22624
G1 X122.617 Y112.464 E748.36299
G1 F3000 X129.688 Y119.535 E748.50094
G1 F2727.3 X136.116 Y125.963 E748.62634
G1 F2454.5 X141.901 Y131.748 E748.73919
G1 F2181.8 X145.837 Y135.684 E748.81597
G1 X147.542 Y135.684 E748.83949
M205 X30 Y30
G1 F1909.1 X152.974 Y135.684 E748.91443
G1 X153.38 Y135.278 E748.92235
G1 X153.38 Y135.635 E748.92727
M204 S1500
G0 F9000 X153.33 Y136.444
M205 X50 Y50
;TYPE:WALL-OUTER
G1 F1800 X153.798 Y136.303 E748.9334
G1 X153.999 Y136.101 E748.93697
G1 X154.14 Y135.645 E748.94296
G1 X154.14 Y97.507 E749.42122
G1 X154.065 Y97.264 E749.42441
G1 X153.785 Y96.942 E749.42976
G1 X153.427 Y96.804 E749.43458
G1 X115.199 Y96.804 E749.91397
G1 X114.764 Y97.004 E749.91997
G1 X114.577 Y97.257 E749.92392
G1 X114.5 Y97.499 E749.9271
G1 X114.501 Y135.749 E750.40677
G1 X114.696 Y136.174 E750.41264
G1 X115.118 Y136.444 E750.41892
G1 X153.33 Y136.444 E750.89811
M204 S3500
G0 F9000 X153.798 Y136.303
G0 X153.999 Y136.101
G0 X154.006 Y136.077
G0 X153.271 Y136.044
;TYPE:WALL-INNER
G1 F1909.1 X153.586 Y135.949 E750.90265
G1 X153.74 Y135.585 E750.9081
G1 X153.74 Y129.946 E750.98589
G1 F2181.8 X153.74 Y122.674 E751.0862
G1 F2454.5 X153.74 Y114.493 E751.19905
G1 F2727.3 X153.74 Y105.403 E751.32444
G1 F3000 X153.74 Y97.567 E751.43254
G1 X153.549 Y97.28 E751.43729
G1 X153.353 Y97.204 E751.44019
G1 X151.744 Y97.204 E751.46239
G1 F3272.7 X140.835 Y97.204 E751.61287
G1 F3545.5 X129.017 Y97.204 E751.77589
G1 F3818.2 X116.29 Y97.204 E751.95145
G1 F4090.9 X115.26 Y97.204 E751.96566
G1 X115.044 Y97.299 E751.96892
G1 X114.9 Y97.561 E751.97304
G1 X114.9 Y109.632 E752.13955
G1 F4363.6 X114.9 Y124.177 E752.34019
G1 F4636.4 X114.901 Y135.687 E752.49897
G1 X114.984 Y135.882 E752.50189
G1 X115.235 Y136.044 E752.50601
G1 X118.668 Y136.044 E752.55337
G1 F4909.1 X135.031 Y136.044 E752.77909
G1 F5181.8 X152.303 Y136.044 E753.01734
G1 F5454.5 X153.271 Y136.044 E753.0307
G0 F9000 X153.142 Y135.452
;MESH:NONMESH
G0 F600 X153.142 Y135.452 Z8.4
G0 F9000 X153.337 Y135.642
;TIME_ELAPSED:1017.839498
;LAYER:41
;TYPE:FILL
;MESH:square.stl
G1 F6000 X115.287 Y97.592 E753.77298
G1 X115.261 Y97.639 E753.77373
G1 X115.261 Y97.977 E753.77839
G1 X115.674 Y97.564 E753.78645
G1 X122.801 Y97.564 E753.88476
G1 X153.035 Y127.798 E754.47457
G1 X153.38 Y127.798 E754.47933
G1 X153.38 Y128.08 E754.48322
G1 X153.036 Y128.08 E754.48796
G1 X145.431 Y135.685 E754.63632
G1 X138.295 Y135.685 E754.73476
G1 X115.607 Y112.997 E755.17736
G1 X115.261 Y112.997 E755.18214
G1 X115.261 Y112.715 E755.18603
G1 X115.607 Y112.715 E755.1908
G1 X130.758 Y97.564 E755.48637
G1 X137.885 Y97.564 E755.58468
G1 X153.035 Y112.714 E755.88023
G1 X153.38 Y112.714 E755.88499
G1 X153.38 Y112.996 E755.88888
G1 X153.036 Y112.996 E755.89363
G1 X130.347 Y135.685 E756.33625
G1 X123.211 Y135.685 E756.43469
G1 X115.607 Y128.081 E756.58303
G1 X115.261 Y128.081 E756.5878
G1 X115.261 Y127.799 E756.59169
G1 X115.607 Y127.799 E756.59646
G1 X145.842 Y97.564 E757.18629
G1 X153.262 Y97.564 E757.28865
G1 X152.969 Y97.564 E757.29269
G1 X153.38 Y97.975 E757.30071
G1 X153.38 Y97.653 E757.30515
G1 X153.332 Y97.616 E757.30599
G1 X115.29 Y135.658 E758.04812
G1 X115.261 Y135.641 E758.04858
G1 X115.261 Y135.277 E758.0536
G1 X115.669 Y135.685 E758.06156
G1 X122.805 Y135.685 E758.16
G1 X153.036 Y105.454 E758.74975
G1 X153.38 Y105.454 E758.7545
G1 X153.38 Y105.172 E758.75839
G1 X153.035 Y105.172 E758.76315
G1 X145.427 Y97.564 E758.91157
G1 X143.398 Y97.564 E758.93955
G1 F5727.3 X138.3 Y97.564 E759.00988
G1 X128.406 Y107.458 E759.20289
G1 F5454.5 X115.607 Y120.257 E759.45258
G1 X115.526 Y120.257 E759.4537
G1 F5181.8 X115.261 Y120.257 E759.45735
G1 X115.261 Y120.539 E759.46124
G1 X115.607 Y120.539 E759.46601
G1 X127.189 Y132.121 E759.69196
G1 F4909.1 X130.753 Y135.685 E759.76149
G1 X137.889 Y135.685 E759.85992
G1 X140.849 Y132.725 E759.91767
G1 F4636.4 X151.777 Y121.797 E760.13085
G1 F4363.6 X153.036 Y120.538 E760.15541
G1 X153.38 Y120.538 E760.16016
G1 X153.38 Y120.256 E760.16405
G1 X153.035 Y120.256 E760.16881
G1 X144.696 Y111.917 E760.33149
G1 F4090.9 X135.054 Y102.275 E760.51959
G1 F3818.2 X130.343 Y97.564 E760.61149
G1 X124.279 Y97.564 E760.69514
G1 F3545.5 X123.216 Y97.564 E760.7098
G1 X115.611 Y105.169 E760.85816
G1 F3272.7 X115.607 Y105.173 E760.85824
G1 X115.261 Y105.173 E760.86301
G1 X115.261 Y105.455 E760.8669
G1 X115.607 Y105.455 E760.87168
G1 X122.628 Y112.476 E761.00864
G1 F3000 X129.699 Y119.547 E761.14659
G1 F2727.3 X136.127 Y125.975 E761.27199
G1 F2454.5 X141.912 Y131.76 E761.38484
G1 F2181.8 X145.837 Y135.685 E761.46141
G1 X147.558 Y135.685 E761.48515
M205 X30 Y30
G1 F1909.1 X152.973 Y135.685 E761.55985
G1 X153.38 Y135.278 E761.56779
G1 X153.38 Y135.544 E761.57146
G1 X153.337 Y135.642 E761.57293
M204 S1500
G0 F9000 X153.33 Y136.444
M205 X50 Y50
;TYPE:WALL-OUTER
G1 F1800 X153.79 Y136.305 E761.57896
G1 X154.06 Y135.99 E761.58416
G1 X154.14 Y135.645 E761.5886
G1 X154.14 Y97.509 E762.06684
G1 X154.068 Y97.266 E762.07002
G1 X153.786 Y96.938 E762.07545
G1 X153.424 Y96.804 E762.08029
G1 X115.199 Y96.804 E762.55964
G1 X114.768 Y97.004 E762.5656
G1 X114.577 Y97.261 E762.56962
G1 X114.501 Y97.503 E762.5728
G1 X114.501 Y135.746 E763.05238
G1 X114.695 Y136.175 E763.05828
G1 X114.956 Y136.367 E763.06235
G1 X115.203 Y136.444 E763.06559
G1 X153.33 Y136.444 E763.54372
M204 S3500
G0 F9000 X153.79 Y136.305
G0 X153.997 Y136.063
G0 X153.271 Y136.044
;TYPE:WALL-INNER
G1 F1909.1 X153.562 Y135.955 E763.54791
G1 X153.692 Y135.804 E763.55066
G1 X153.74 Y135.599 E763.55357
G1 X153.74 Y129.95 E763.63149
G1 F2181.8 X153.74 Y122.678 E763.73181
G1 F2454.5 X153.74 Y114.497 E763.84466
G1 F2727.3 X153.74 Y105.407 E763.97005
G1 F3000 X153.74 Y97.567 E764.0782
G1 X153.55 Y97.278 E764.08297
G1 X153.352 Y97.204 E764.08588
G1 X151.75 Y97.204 E764.10798
G1 F3272.7 X140.841 Y97.204 E764.25847
G1 F3545.5 X129.023 Y97.204 E764.42149
G1 F3818.2 X116.296 Y97.204 E764.59705
G1 F4090.9 X115.261 Y97.204 E764.61133
G1 X115.047 Y97.299 E764.61456
G1 X114.901 Y97.565 E764.61874
G1 X114.901 Y109.628 E764.78514
G1 F4363.6 X114.901 Y124.173 E764.98578
G1 F4636.4 X114.901 Y135.688 E765.14463
G1 X114.988 Y135.894 E765.14771
G1 X115.264 Y136.044 E765.15204
G1 X118.665 Y136.044 E765.19896
G1 F4909.1 X135.028 Y136.044 E765.42468
G1 F5181.8 X152.3 Y136.044 E765.66293
G1 F5454.5 X153.271 Y136.044 E765.67633
G0 F9000 X153.142 Y135.452
G1 F2700 E759.17633
;MESH:NONMESH
G0 F600 X153.142 Y135.452 Z8.6
G0 F9000 X115.305 Y135.639
;TIME_ELAPSED:1033.805582
;LAYER:42
;TYPE:FILL
;MESH:square.stl
G1 F2700 E765.67633
G1 F6000 X153.332 Y135.636 E766.20089
G1 X153.335 Y97.609 E766.72545
G1 X115.305 Y97.609 E767.25005
G1 X115.305 Y135.639 E767.77465
G1 F2700 E761.27465
G0 F9000 X145.872 Y98.009
G1 F2700 E767.77465
G1 F6000 X152.935 Y105.073 E767.91245
G1 X152.934 Y98.013 E768.00984
G1 X115.705 Y135.239 E768.73608
G1 X115.705 Y128.178 E768.83348
G1 X122.765 Y135.238 E768.97121
G1 X123.251 Y135.239 E768.97791
G1 X152.934 Y105.555 E769.55699
G1 X152.934 Y112.614 E769.65436
G1 X138.33 Y98.009 E769.93927
G1 X137.855 Y98.009 E769.94582
G1 X115.705 Y120.159 E770.37793
G1 X115.705 Y113.094 E770.47539
G1 X137.848 Y135.237 E770.90736
G1 X138.336 Y135.238 E770.91409
G1 X152.933 Y120.641 E771.19885
G1 X152.933 Y127.696 E771.29617
G1 X123.246 Y98.009 E771.87531
G1 X122.771 Y98.009 E771.88186
G1 X115.705 Y105.075 E772.01971
G1 X115.705 Y98.01 E772.11717
G1 X152.932 Y135.236 E772.84339
G1 X152.932 Y128.184 E772.94067
G1 X145.879 Y135.237 E773.07826
G1 X145.389 Y135.236 E773.08502
G1 X126.511 Y116.358 E773.4533
G1 F5727.3 X115.705 Y105.552 E773.6641
G1 X115.705 Y109.36 E773.71663
G1 F5454.5 X115.705 Y112.617 E773.76156
G1 X126.258 Y102.064 E773.96743
G1 F5181.8 X130.313 Y98.009 E774.04653
G1 X130.788 Y98.009 E774.05309
G1 X138.61 Y105.831 E774.20568
G1 F4909.1 X150.18 Y117.401 E774.43139
G1 F4636.4 X152.934 Y120.155 E774.48512
G1 X152.934 Y113.098 E774.58246
G1 X149.751 Y116.281 E774.64456
G1 F4363.6 X139.466 Y126.566 E774.8452
G1 F4090.9 X130.794 Y135.238 E775.01438
G1 X130.306 Y135.238 E775.02111
G1 X129.681 Y134.613 E775.0333
G1 F3818.2 X120.682 Y125.613 E775.20887
G1 F3545.5 X115.705 Y120.636 E775.30596
G1 X115.705 Y125.415 E775.37188
G1 F3272.7 X115.705 Y127.701 E775.40342
G1 X121.802 Y121.604 E775.52236
G1 F3000 X128.873 Y114.533 E775.6603
G1 F2727.3 X135.301 Y108.105 E775.7857
G1 F2454.5 X141.086 Y102.32 E775.89855
G1 F2181.8 X145.397 Y98.009 E775.98265
G1 X146.572 Y98.009 E775.99886
M205 X30 Y30
G1 F1909.1 X152.935 Y98.009 E776.08664
M204 S1500
G1 F2700 E769.58664
G0 F9000 X153.23 Y135.748
G0 X153.332 Y136.444
M205 X50 Y50
;TYPE:WALL-OUTER
G1 F2700 E776.08664
G1 F1800 X153.783 Y136.315 E776.09252
G1 X153.927 Y136.192 E776.09489
G1 X154.14 Y135.717 E776.10142
G1 X154.14 Y97.442 E776.5814
G1 X153.948 Y97.079 E776.58655
G1 X153.791 Y96.943 E776.58916
G1 X153.423 Y96.804 E776.59409
G1 X115.134 Y96.804 E777.07425
G1 X114.774 Y96.996 E777.07937
G1 X114.635 Y97.153 E777.082
G1 X114.5 Y97.52 E777.0869
G1 X114.5 Y135.817 E777.56716
G1 X114.778 Y136.251 E777.57362
G1 X115.206 Y136.444 E777.57951
G1 X153.332 Y136.444 E778.05762
M204 S3500
G0 F9000 X153.783 Y136.315
G0 X153.927 Y136.192
G0 X153.985 Y136.063
G0 X153.276 Y136.044
;TYPE:WALL-INNER
G1 F1909.1 X153.59 Y135.954 E778.06213
G1 X153.74 Y135.632 E778.06703
G1 X153.74 Y129.951 E778.1454
G1 F2181.8 X153.74 Y122.679 E778.24571
G1 F2454.5 X153.74 Y114.498 E778.35856
G1 F2727.3 X153.74 Y105.408 E778.48395
G1 F3000 X153.74 Y97.541 E778.59247
G1 X153.583 Y97.292 E778.59653
G1 X153.35 Y97.204 E778.59997
G1 X151.761 Y97.204 E778.62189
G1 F3272.7 X140.852 Y97.204 E778.77237
G1 F3545.5 X129.034 Y97.204 E778.93539
G1 F3818.2 X116.307 Y97.204 E779.11096
G1 F4090.9 X115.234 Y97.204 E779.12576
G1 X114.984 Y97.361 E779.12983
G1 X114.9 Y97.591 E779.13321
G1 X114.9 Y109.614 E779.29906
G1 F4363.6 X114.9 Y124.159 E779.4997
G1 F4636.4 X114.9 Y135.7 E779.6589
G1 X115.069 Y135.963 E779.66321
G1 X115.266 Y136.044 E779.66615
G1 X118.653 Y136.044 E779.71287
G1 F4909.1 X135.016 Y136.044 E779.93859
G1 F5181.8 X152.288 Y136.044 E780.17684
G1 F5454.5 X153.276 Y136.044 E780.19047
G0 F9000 X153.142 Y135.451
G1 F2700 E773.69047
;MESH:NONMESH
G0 F600 X153.142 Y135.451 Z8.8
G0 F9000 X115.396 Y135.551
;TIME_ELAPSED:1052.736947
;LAYER:43
;TYPE:FILL
;MESH:square.stl
G1 F2700 E780.19047
G1 F6000 X153.24 Y135.548 E780.71251
G1 X153.24 Y97.697 E781.23464
G1 X115.393 Y97.7 E781.75672
G1 X115.396 Y135.551 E782.27885
G1 F2700 E775.77885
G0 F9000 X145.96 Y98.098
G1 F2700 E782.27885
G1 F6000 X152.84 Y104.977 E782.41306
G1 X152.84 Y98.108 E782.50781
G1 X115.796 Y135.151 E783.23046
G1 X115.795 Y128.268 E783.32541
G1 X122.677 Y135.15 E783.45967
G1 X123.339 Y135.151 E783.4688
G1 X152.84 Y105.65 E784.04431
G1 X152.84 Y112.519 E784.13907
G1 X138.419 Y98.098 E784.42039
G1 X137.766 Y98.098 E784.4294
G1 X115.795 Y120.069 E784.85802
G1 X115.794 Y113.183 E784.95301
G1 X137.759 Y135.149 E785.38151
G1 X138.425 Y135.149 E785.3907
G1 X152.84 Y120.734 E785.67191
G1 X152.84 Y127.603 E785.76667
G1 X123.336 Y98.1 E786.34223
G1 X122.681 Y98.099 E786.35126
G1 X115.794 Y104.986 E786.48562
G1 X115.793 Y98.1 E786.5806
G1 X152.84 Y135.145 E787.30331
G1 X152.84 Y128.276 E787.39806
G1 X145.967 Y135.149 E787.53214
G1 X145.301 Y135.148 E787.54133
G1 X127.641 Y117.488 E787.88584
G1 F5727.3 X115.793 Y105.64 E788.11698
G1 X115.794 Y107.975 E788.14919
G1 F5454.5 X115.794 Y112.528 E788.21199
G1 X125.431 Y102.891 E788.39999
G1 F5181.8 X130.224 Y98.098 E788.4935
G1 X130.878 Y98.099 E788.50252
G1 X137.836 Y105.057 E788.63826
G1 F4909.1 X149.406 Y116.627 E788.86397
G1 F4636.4 X152.84 Y120.061 E788.93096
G1 X152.84 Y113.192 E789.02571
G1 X150.204 Y115.828 E789.07714
G1 F4363.6 X139.919 Y126.113 E789.27778
G1 F4090.9 X130.882 Y135.15 E789.45407
G1 X130.218 Y135.149 E789.46323
G1 X130.083 Y135.014 E789.46587
G1 F3818.2 X121.083 Y126.015 E789.64143
G1 F3545.5 X115.794 Y120.726 E789.74461
G1 X115.796 Y125.064 E789.80445
G1 F3272.7 X115.796 Y127.61 E789.83957
G1 X121.709 Y121.697 E789.95492
G1 F3000 X128.78 Y114.626 E790.09287
G1 F2727.3 X135.208 Y108.198 E790.21826
G1 F2454.5 X140.993 Y102.413 E790.33112
G1 F2181.8 X145.309 Y98.097 E790.41532
G1 X146.477 Y98.097 E790.43143
M205 X30 Y30
G1 F1909.1 X152.84 Y98.097 E790.5192
M204 S1500
G1 F2700 E784.0192
G0 F9000 X153.225 Y135.749
G0 X153.326 Y136.444
M205 X50 Y50
;TYPE:WALL-OUTER
G1 F2700 E790.5192
G1 F1800 X153.782 Y136.308 E790.52517
G1 X154.071 Y135.975 E790.5307
G1 X154.14 Y135.732 E790.53387
G1 X154.14 Y97.509 E791.0132
G1 X154.075 Y97.285 E791.01612
G1 X153.777 Y96.934 E791.0219
G1 X153.42 Y96.804 E791.02666
G1 X115.202 Y96.804 E791.50593
G1 X114.772 Y96.997 E791.51184
G1 X114.567 Y97.278 E791.5162
G1 X114.5 Y97.505 E791.51917
G1 X114.5 Y135.742 E791.99868
G1 X114.572 Y135.977 E792.00176
G1 X114.862 Y136.314 E792.00733
G1 X115.212 Y136.444 E792.01202
G1 X153.326 Y136.444 E792.48998
M204 S3500
G0 F9000 X153.782 Y136.308
G0 X153.994 Y136.064
G0 X153.268 Y136.044
;TYPE:WALL-INNER
G1 F1909.1 X153.556 Y135.958 E792.49413
G1 X153.74 Y135.747 E792.49799
G1 X153.74 Y129.964 E792.57776
G1 F2181.8 X153.74 Y122.692 E792.67807
G1 F2454.5 X153.74 Y114.511 E792.79093
G1 F2727.3 X153.74 Y105.421 E792.91632
G1 F3000 X153.74 Y97.507 E793.02549
G1 X153.541 Y97.274 E793.02971
G1 X153.35 Y97.204 E793.03252
G1 X151.774 Y97.204 E793.05426
G1 F3272.7 X140.865 Y97.204 E793.20474
G1 F3545.5 X129.047 Y97.204 E793.36776
G1 F3818.2 X116.32 Y97.204 E793.54333
G1 F4090.9 X115.262 Y97.204 E793.55792
G1 X115.05 Y97.294 E793.5611
G1 X114.9 Y97.562 E793.56533
G1 X114.9 Y109.602 E793.73142
G1 F4363.6 X114.9 Y124.147 E793.93206
G1 F4636.4 X114.9 Y135.745 E794.09205
G1 X115.098 Y135.974 E794.09622
G1 X115.284 Y136.044 E794.09896
G1 X118.639 Y136.044 E794.14524
G1 F4909.1 X135.002 Y136.044 E794.37096
G1 F5181.8 X152.274 Y136.044 E794.60922
G1 F5454.5 X153.268 Y136.044 E794.62293
G0 F9000 X153.142 Y135.452
;MESH:NONMESH
G0 F600 X153.142 Y135.452 Z9
G0 F9000 X153.38 Y135.64
;TIME_ELAPSED:1071.180384
;LAYER:44
;TYPE:FILL
;MESH:square.stl
G1 F6000 X153.35 Y135.656 E794.6234
G1 X115.288 Y97.593 E795.36593
G1 X115.26 Y97.642 E795.36671
G1 X115.26 Y97.978 E795.37134
G1 X115.673 Y97.564 E795.37941
G1 X122.801 Y97.564 E795.47774
G1 X153.035 Y127.798 E796.06755
G1 X153.38 Y127.798 E796.07231
G1 X153.38 Y128.08 E796.0762
G1 X153.036 Y128.08 E796.08094
G1 X145.432 Y135.684 E796.22928
G1 X138.295 Y135.684 E796.32774
G1 X115.607 Y112.996 E796.77034
G1 X115.26 Y112.996 E796.77513
G1 X115.26 Y112.714 E796.77902
G1 X115.608 Y112.714 E796.78382
G1 X130.757 Y97.564 E797.07936
G1 X137.885 Y97.564 E797.17768
G1 X153.035 Y112.714 E797.47323
G1 X153.38 Y112.714 E797.47799
G1 X153.38 Y112.996 E797.48188
G1 X153.036 Y112.996 E797.48663
G1 X130.348 Y135.684 E797.92923
G1 X123.211 Y135.684 E798.02768
G1 X115.607 Y128.08 E798.17602
G1 X115.26 Y128.08 E798.18081
G1 X115.26 Y127.798 E798.1847
G1 X115.608 Y127.798 E798.1895
G1 X145.841 Y97.564 E798.7793
G1 X153.3 Y97.564 E798.88219
G1 X152.969 Y97.564 E798.88676
G1 X153.38 Y97.975 E798.89478
G1 X153.38 Y97.61 E798.89981
G1 X153.353 Y97.595 E798.90024
G1 X115.313 Y135.635 E799.64233
G1 X115.26 Y135.61 E799.64314
G1 X115.26 Y135.275 E799.64776
G1 X115.669 Y135.684 E799.65574
G1 X122.806 Y135.684 E799.75419
G1 X153.036 Y105.454 E800.34392
G1 X153.38 Y105.454 E800.34867
G1 X153.38 Y105.172 E800.35256
G1 X153.035 Y105.172 E800.35732
G1 X145.427 Y97.564 E800.50574
G1 X143.407 Y97.564 E800.5336
G1 F5727.3 X138.299 Y97.564 E800.60406
G1 X128.412 Y107.451 E800.79694
G1 F5454.5 X115.608 Y120.256 E801.04673
G1 X115.535 Y120.256 E801.04774
G1 F5181.8 X115.26 Y120.256 E801.05154
G1 X115.26 Y120.538 E801.05543
G1 X115.607 Y120.538 E801.06021
G1 X127.181 Y132.112 E801.286
G1 F4909.1 X130.753 Y135.684 E801.35568
G1 X137.89 Y135.684 E801.45413
G1 X140.842 Y132.732 E801.51172
G1 F4636.4 X151.77 Y121.804 E801.72491
G1 F4363.6 X153.036 Y120.538 E801.74961
G1 X153.38 Y120.538 E801.75435
G1 X153.38 Y120.256 E801.75824
G1 X153.035 Y120.256 E801.763
G1 X144.703 Y111.924 E801.92554
G1 F4090.9 X135.061 Y102.282 E802.11364
G1 F3818.2 X130.343 Y97.564 E802.20568
G1 X124.288 Y97.564 E802.28921
G1 F3545.5 X123.215 Y97.564 E802.30401
G1 X115.618 Y105.162 E802.45222
G1 F3272.7 X115.608 Y105.172 E802.45242
G1 X115.26 Y105.172 E802.45722
G1 X115.26 Y105.454 E802.46111
G1 X115.607 Y105.454 E802.46589
G1 X122.62 Y112.467 E802.60271
G1 F3000 X129.691 Y119.538 E802.74065
G1 F2727.3 X136.119 Y125.966 E802.86605
G1 F2454.5 X141.904 Y131.751 E802.9789
G1 F2181.8 X145.837 Y135.684 E803.05563
G1 X147.547 Y135.684 E803.07922
M205 X30 Y30
G1 F1909.1 X152.974 Y135.684 E803.15408
G1 X153.38 Y135.278 E803.162
G1 X153.38 Y135.64 E803.16699
M204 S1500
G1 F2700 E796.66699
G0 F9000 X115.415 Y135.749
G0 X115.313 Y136.444
M205 X50 Y50
;TYPE:WALL-OUTER
G1 F2700 E803.16699
G1 F1800 X153.427 Y136.444 E803.64496
G1 X153.674 Y136.373 E803.64818
G1 X153.951 Y136.168 E803.6525
G1 X154.064 Y135.994 E803.6551
G1 X154.14 Y135.638 E803.65967
G1 X154.14 Y97.516 E804.13773
G1 X153.954 Y97.083 E804.14364
G1 X153.674 Y96.875 E804.14802
G1 X153.428 Y96.804 E804.15123
G1 X115.209 Y96.804 E804.63051
G1 X114.779 Y96.993 E804.6364
G1 X114.57 Y97.271 E804.64076
G1 X114.5 Y97.513 E804.64392
G1 X114.5 Y135.738 E805.12327
G1 X114.572 Y135.973 E805.12636
G1 X114.862 Y136.312 E805.13195
G1 X115.313 Y136.444 E805.13784
M204 S3500
G0 F9000 X116.113 Y136.444
G0 X115.37 Y136.044
;TYPE:WALL-INNER
G1 F1909.1 X121.733 Y136.044 E805.22562
G1 F2181.8 X129.005 Y136.044 E805.32593
G1 F2454.5 X137.186 Y136.044 E805.43878
G1 F2727.3 X146.276 Y136.044 E805.56417
G1 F3000 X153.453 Y136.044 E805.66318
G1 X153.688 Y135.839 E805.66748
G1 X153.74 Y135.596 E805.67091
G1 X153.74 Y133.334 E805.70211
G1 F3272.7 X153.74 Y122.425 E805.85259
G1 F3545.5 X153.74 Y110.607 E806.01561
G1 F3818.2 X153.74 Y97.88 E806.19118
G1 F4090.9 X153.74 Y97.572 E806.19542
G1 X153.655 Y97.359 E806.19859
G1 X153.372 Y97.204 E806.20304
G1 X140.596 Y97.204 E806.37928
G1 F4363.6 X126.051 Y97.204 E806.57992
G1 F4636.4 X115.266 Y97.204 E806.72869
G1 X115.056 Y97.29 E806.73182
G1 X114.9 Y97.569 E806.73623
G1 X114.9 Y101.691 E806.79309
G1 F4909.1 X114.9 Y118.054 E807.01881
G1 F5181.8 X114.9 Y135.326 E807.25706
M205 X30 Y30
G1 F5454.5 X114.9 Y135.742 E807.2628
G1 X115.088 Y135.961 E807.26678
G1 X115.37 Y136.044 E807.27084
M204 S1500
G0 F9000 X115.502 Y135.452
;MESH:NONMESH
G0 F600 X115.502 Y135.452 Z9.2
G0 F9000 X115.22 Y136.436
;TIME_ELAPSED:1087.436928
;LAYER:45
M205 X50 Y50
;TYPE:WALL-OUTER
;MESH:square.stl
G1 F1800 X153.425 Y136.436 E807.74994
G1 X153.678 Y136.367 E807.75323
G1 X153.906 Y136.21 E807.7567
G1 X154.045 Y136.018 E807.75968
G1 X154.132 Y135.727 E807.76348
G1 X154.132 Y97.524 E808.24256
G1 X154.026 Y97.201 E808.24683
G1 X153.829 Y96.975 E808.25059
G1 X153.491 Y96.816 E808.25527
G1 X115.22 Y96.816 E808.7352
G1 X114.903 Y96.92 E808.73939
G1 X114.612 Y97.209 E808.74453
G1 X114.508 Y97.524 E808.74869
G1 X114.508 Y135.717 E809.22765
G1 X114.677 Y136.141 E809.23337
G1 X114.893 Y136.33 E809.23697
G1 X115.22 Y136.436 E809.24128
M204 S3500
G0 F9000 X116.02 Y136.436
G0 X115.283 Y136.036
;TYPE:WALL-INNER
G1 F1909.1 X121.646 Y136.036 E809.32905
G1 F2181.8 X128.918 Y136.036 E809.42937
G1 F2454.5 X137.099 Y136.036 E809.54222
G1 F2727.3 X146.189 Y136.036 E809.66761
G1 F3000 X153.468 Y136.036 E809.76802
G1 X153.681 Y135.839 E809.77202
G1 X153.732 Y135.669 E809.77447
G1 X153.732 Y133.416 E809.80555
G1 F3272.7 X153.732 Y122.507 E809.95603
G1 F3545.5 X153.732 Y110.689 E810.11905
G1 F3818.2 X153.732 Y97.962 E810.29461
G1 F3900 X153.732 Y97.588 E810.29977
G1 X153.583 Y97.301 E810.30423
G1 X153.402 Y97.216 E810.30699
G1 X141.623 Y97.216 E810.46948
G1 F3627.3 X140.663 Y97.216 E810.48272
G1 X129.533 Y97.216 E810.63625
G1 F3354.5 X126.118 Y97.216 E810.68336
G1 X118.352 Y97.216 E810.79049
G1 F3081.8 X115.284 Y97.216 E810.83281
G1 X115.117 Y97.271 E810.83523
G1 X114.962 Y97.425 E810.83825
G1 X114.908 Y97.588 E810.84062
G1 X114.908 Y101.642 E810.89654
G1 X114.908 Y104.226 E810.93218
G1 F2809.1 X114.908 Y113.589 E811.06134
G1 F2536.4 X114.908 Y118.005 E811.12226
G1 X114.908 Y122.043 E811.17796
G1 F2263.6 X114.908 Y129.588 E811.28204
G1 F1990.9 X114.908 Y135.277 E811.36051
G1 X114.908 Y135.641 E811.36554
G1 X115.013 Y135.903 E811.36943
G1 X115.283 Y136.036 E811.37358
G1 F2700 E804.87358
G0 F9000 X115.329 Y135.739
G0 X153.314 Y135.716
;TYPE:SKIN
;BRIDGE
G1 F2700 E811.37358
G1 F1800 X153.412 Y135.66 E811.37507
G1 X153.412 Y97.645 E811.87562
G1 X153.361 Y97.536 E811.87721
G1 X115.307 Y97.536 E812.37828
G1 X115.228 Y97.653 E812.38014
G1 X115.228 Y135.577 E812.8795
G1 X115.29 Y135.716 E812.8815
G1 X153.314 Y135.716 E813.38218
G1 F2700 E806.88218
G0 F9000 X152.653 Y97.737
G1 F2700 E813.38218
G1 F1800 X153.212 Y98.936 E813.3996
G0 F9000 X153.212 Y100.118
G1 F1800 X152.101 Y97.737 E813.4342
G0 F9000 X151.549 Y97.736
G1 F1800 X153.212 Y101.3 E813.48598
G0 F9000 X153.212 Y102.482
G1 F1800 X150.998 Y97.737 E813.55493
G0 F9000 X150.446 Y97.737
G1 F1800 X153.212 Y103.664 E813.64105
G0 F9000 X153.212 Y104.847
G1 F1800 X149.894 Y97.736 E813.74438
G0 F9000 X149.342 Y97.737
G1 F1800 X153.212 Y106.029 E813.86487
G0 F9000 X153.212 Y107.212
G1 F1800 X148.791 Y97.737 E814.00254
G0 F9000 X148.239 Y97.736
G1 F1800 X153.212 Y108.394 E814.1574
G0 F9000 X153.212 Y109.576
G1 F1800 X147.687 Y97.737 E814.32943
G0 F9000 X147.135 Y97.737
G1 F1800 X153.212 Y110.759 E814.51865
G0 F9000 X153.212 Y111.941
G1 F1800 X146.583 Y97.736 E814.72506
G0 F9000 X146.032 Y97.737
G1 F1800 X153.212 Y113.123 E814.94862
G0 F9000 X153.212 Y114.306
G1 F1800 X145.48 Y97.737 E815.18938
G0 F9000 X144.928 Y97.736
G1 F1800 X153.212 Y115.488 E815.44733
G0 F9000 X153.212 Y116.67
G1 F1800 X144.376 Y97.737 E815.72244
G0 F9000 X143.825 Y97.737
G1 F1800 X153.212 Y117.852 E816.01472
G0 F9000 X153.212 Y119.034
G1 F1800 X143.273 Y97.736 E816.32419
G0 F9000 X142.721 Y97.737
G1 F1800 X153.212 Y120.217 E816.65084
G0 F9000 X153.212 Y121.399
G1 F1800 X142.169 Y97.736 E816.99468
G0 F9000 X141.617 Y97.736
G1 F1800 X153.212 Y122.582 E817.35571
G0 F9000 X153.212 Y123.764
G1 F1800 X141.066 Y97.737 E817.7339
G0 F9000 X140.514 Y97.736
G1 F1800 X153.212 Y124.946 E818.12928
G0 F9000 X153.212 Y126.129
G1 F1800 X139.962 Y97.736 E818.54184
G0 F9000 X139.41 Y97.737
G1 F1800 X153.212 Y127.311 E818.97158
G0 F9000 X153.212 Y128.493
G1 F1800 X138.858 Y97.736 E819.4185
G0 F9000 X138.307 Y97.736
G1 F1800 X153.212 Y129.676 E819.8826
G0 F9000 X153.212 Y130.858
G1 F1800 X137.755 Y97.737 E820.36388
G0 F9000 X137.203 Y97.736
G1 F1800 X153.212 Y132.041 E820.86235
G0 F9000 X153.212 Y133.223
G1 F1800 X136.652 Y97.736 E821.37799
G0 F9000 X136.1 Y97.737
G1 F1800 X153.212 Y134.404 E821.91079
G0 F9000 X153.178 Y135.516
G1 F1800 X135.548 Y97.736 E822.45975
G0 F9000 X134.996 Y97.736
G1 F1800 X152.626 Y135.515 E823.0087
G0 F9000 X152.075 Y135.515
G1 F1800 X134.445 Y97.737 E823.55764
G0 F9000 X133.893 Y97.736
G1 F1800 X151.523 Y135.516 E824.1066
G0 F9000 X150.971 Y135.515
G1 F1800 X133.341 Y97.736 E824.65556
G0 F9000 X132.789 Y97.737
G1 F1800 X150.419 Y135.515 E825.20449
G0 F9000 X149.868 Y135.516
G1 F1800 X132.237 Y97.736 E825.75346
G0 F9000 X131.686 Y97.736
G1 F1800 X149.316 Y135.515 E826.30241
G0 F9000 X148.764 Y135.515
G1 F1800 X131.134 Y97.737 E826.85135
G0 F9000 X130.582 Y97.736
G1 F1800 X148.212 Y135.516 E827.40031
G0 F9000 X147.66 Y135.515
G1 F1800 X130.03 Y97.736 E827.94926
G0 F9000 X129.479 Y97.737
G1 F1800 X147.109 Y135.515 E828.4982
G0 F9000 X146.557 Y135.516
G1 F1800 X128.927 Y97.736 E829.04717
G0 F9000 X128.375 Y97.736
G1 F1800 X146.005 Y135.515 E829.59612
G0 F9000 X145.454 Y135.515
G1 F1800 X127.823 Y97.737 E830.14506
G0 F9000 X127.271 Y97.736
G1 F1800 X144.902 Y135.516 E830.69403
G0 F9000 X144.35 Y135.515
G1 F1800 X126.72 Y97.736 E831.24298
G0 F9000 X126.168 Y97.737
G1 F1800 X143.798 Y135.515 E831.79192
G0 F9000 X143.247 Y135.516
G1 F1800 X125.616 Y97.736 E832.34089
G0 F9000 X125.064 Y97.736
G1 F1800 X142.695 Y135.515 E832.88984
G0 F9000 X142.143 Y135.515
G1 F1800 X124.513 Y97.737 E833.43878
G0 F9000 X123.961 Y97.736
G1 F1800 X141.591 Y135.516 E833.98774
G0 F9000 X141.039 Y135.515
G1 F1800 X123.409 Y97.736 E834.53669
G0 F9000 X122.858 Y97.737
G1 F1800 X140.488 Y135.515 E835.08563
G0 F9000 X139.936 Y135.516
G1 F1800 X122.305 Y97.736 E835.6346
G0 F9000 X121.754 Y97.736
G1 F1800 X139.384 Y135.515 E836.18355
G0 F9000 X138.832 Y135.515
G1 F1800 X121.202 Y97.737 E836.73249
G0 F9000 X120.65 Y97.736
G1 F1800 X138.281 Y135.516 E837.28146
G0 F9000 X137.729 Y135.515
G1 F1800 X120.099 Y97.736 E837.83041
G0 F9000 X119.547 Y97.737
G1 F1800 X137.177 Y135.515 E838.37935
G0 F9000 X136.625 Y135.516
G1 F1800 X118.995 Y97.736 E838.92831
G0 F9000 X118.443 Y97.736
G1 F1800 X136.073 Y135.515 E839.47726
G0 F9000 X135.522 Y135.515
G1 F1800 X117.892 Y97.737 E840.0262
G0 F9000 X117.34 Y97.736
G1 F1800 X134.97 Y135.516 E840.57516
G0 F9000 X134.418 Y135.516
G1 F1800 X116.788 Y97.736 E841.12413
G0 F9000 X116.236 Y97.737
G1 F1800 X133.866 Y135.515 E841.67306
G0 F9000 X133.315 Y135.516
G1 F1800 X115.684 Y97.736 E842.22203
G0 F9000 X115.429 Y98.372
G1 F1800 X132.763 Y135.516 E842.76176
G0 F9000 X132.211 Y135.515
G1 F1800 X115.429 Y99.554 E843.28429
G0 F9000 X115.429 Y100.736
G1 F1800 X131.66 Y135.516 E843.78967
G0 F9000 X131.108 Y135.516
G1 F1800 X115.429 Y101.918 E844.27787
G0 F9000 X115.429 Y103.101
G1 F1800 X130.556 Y135.515 E844.74887
G0 F9000 X130.004 Y135.516
G1 F1800 X115.429 Y104.283 E845.2027
G0 F9000 X115.429 Y105.465
G1 F1800 X129.453 Y135.516 E845.63936
G0 F9000 X128.901 Y135.515
G1 F1800 X115.429 Y106.648 E846.05882
G0 F9000 X115.429 Y107.83
G1 F1800 X128.349 Y135.516 E846.46111
G0 F9000 X127.797 Y135.516
G1 F1800 X115.429 Y109.013 E846.84622
G0 F9000 X115.429 Y110.195
G1 F1800 X127.245 Y135.515 E847.21413
G0 F9000 X126.694 Y135.516
G1 F1800 X115.429 Y111.377 E847.56489
G0 F9000 X115.429 Y112.56
G1 F1800 X126.142 Y135.516 E847.89845
G0 F9000 X125.59 Y135.515
G1 F1800 X115.429 Y113.742 E848.21483
G0 F9000 X115.429 Y114.925
G1 F1800 X125.038 Y135.516 E848.51403
G0 F9000 X124.487 Y135.516
G1 F1800 X115.429 Y116.107 E848.79605
G0 F9000 X115.429 Y117.289
G1 F1800 X123.935 Y135.515 E849.06089
G0 F9000 X123.383 Y135.516
G1 F1800 X115.429 Y118.471 E849.30856
G0 F9000 X115.429 Y119.653
G1 F1800 X122.831 Y135.516 E849.53906
G0 F9000 X122.279 Y135.515
G1 F1800 X115.429 Y120.836 E849.75235
G0 F9000 X115.429 Y122.018
G1 F1800 X121.728 Y135.516 E849.94849
G0 F9000 X121.176 Y135.516
G1 F1800 X115.429 Y123.201 E850.12743
G0 F9000 X115.429 Y124.383
G1 F1800 X120.624 Y135.515 E850.28919
G0 F9000 X120.072 Y135.516
G1 F1800 X115.429 Y125.565 E850.43378
G0 F9000 X115.429 Y126.748
G1 F1800 X119.521 Y135.516 E850.56118
G0 F9000 X118.969 Y135.515
G1 F1800 X115.429 Y127.93 E850.6714
G0 F9000 X115.429 Y129.113
G1 F1800 X118.417 Y135.516 E850.76444
G0 F9000 X117.866 Y135.516
G1 F1800 X115.429 Y130.295 E850.8403
G0 F9000 X115.429 Y131.478
G1 F1800 X117.314 Y135.516 E850.89898
G0 F9000 X116.762 Y135.516
G1 F1800 X115.429 Y132.659 E850.94049
G0 F9000 X115.429 Y133.841
G1 F1800 X116.21 Y135.516 E850.96483
G0 F9000 X115.659 Y135.516
M205 X30 Y30
G1 F1800 X115.429 Y135.024 E850.97198
M204 S1500
G0 F9000 X115.511 Y135.024
G1 F2700 E844.47198
;MESH:NONMESH
G0 F600 X115.511 Y135.024 Z9.4
G0 F9000 X153.331 Y135.738
G0 X153.346 Y136.399
;TIME_ELAPSED:1200.158266
;LAYER:46
M205 X50 Y50
;TYPE:WALL-OUTER
;MESH:square.stl
G1 F2700 E850.97198
G1 F1800 X153.607 Y136.352 E850.97531
G1 X153.822 Y136.231 E850.9784
G1 X153.989 Y136.036 E850.98162
G1 X154.095 Y135.704 E850.98599
G1 X154.096 Y97.507 E851.465
G1 X154.004 Y97.242 E851.46851
G1 X153.702 Y96.94 E851.47387
G1 X153.434 Y96.848 E851.47742
G1 X115.202 Y96.848 E851.95687
G1 X114.938 Y96.94 E851.96037
G1 X114.636 Y97.242 E851.96573
G1 X114.544 Y97.506 E851.96923
G1 X114.545 Y135.746 E852.44878
G1 X114.636 Y136.009 E852.45227
G1 X114.938 Y136.308 E852.4576
G1 X115.202 Y136.4 E852.4611
G1 X153.346 Y136.399 E852.93944
M204 S3500
G0 F9000 X153.607 Y136.352
G0 X153.822 Y136.231
G0 X153.989 Y136.036
G0 X153.998 Y136.007
G1 F2700 E846.43944
G0 F9000 X153.371 Y135.689
G0 X115.315 Y135.704
G0 X115.269 Y136
;TYPE:WALL-INNER
G1 F2700 E852.93944
G1 F6000 X153.433 Y135.999 E853.46589
G1 X153.632 Y135.837 E853.46943
G1 X153.695 Y135.642 E853.47226
G1 X153.696 Y97.575 E853.99737
G1 X153.515 Y97.298 E854.00193
G1 X153.368 Y97.248 E854.00408
G1 X115.269 Y97.248 E854.52963
G1 X114.994 Y97.43 E854.53418
G1 X114.944 Y97.573 E854.53627
G1 X114.945 Y135.679 E855.06192
G1 X114.994 Y135.82 E855.06398
G1 X115.269 Y136 E855.06851
G1 F2700 E848.56851
G0 F9000 X115.315 Y135.704
G0 X153.306 Y135.676
;TYPE:SKIN
G1 F2700 E855.06851
G1 F6000 X153.372 Y135.573 E855.07012
G1 X153.375 Y97.569 E855.57054
G1 X115.264 Y97.568 E856.07236
G1 X115.264 Y135.608 E856.57325
G1 X115.307 Y135.68 E856.57435
G1 X153.306 Y135.676 E857.0747
G1 F2700 E850.5747
G0 F9000 X115.679 Y135.478
G1 F2700 E857.0747
G1 F6000 X115.465 Y135.264 E857.07868
G0 F9000 X115.465 Y134.698
G1 F6000 X116.245 Y135.478 E857.09321
G0 F9000 X116.811 Y135.478
G1 F6000 X115.465 Y134.132 E857.11827
G0 F9000 X115.465 Y133.567
G1 F6000 X117.376 Y135.478 E857.15386
G0 F9000 X117.942 Y135.478
G1 F6000 X115.465 Y133.001 E857.19998
G0 F9000 X115.465 Y132.435
G1 F6000 X118.508 Y135.478 E857.25665
G0 F9000 X119.073 Y135.478
G1 F6000 X115.465 Y131.87 E857.32383
G0 F9000 X115.465 Y131.304
G1 F6000 X119.639 Y135.478 E857.40156
G0 F9000 X120.205 Y135.478
G1 F6000 X115.465 Y130.738 E857.48983
G0 F9000 X115.465 Y130.173
G1 F6000 X120.77 Y135.478 E857.58861
G0 F9000 X121.336 Y135.478
G1 F6000 X115.465 Y129.607 E857.69794
G0 F9000 X115.465 Y129.041
G1 F6000 X121.902 Y135.478 E857.81781
G0 F9000 X122.467 Y135.478
G1 F6000 X115.465 Y128.476 E857.94819
G0 F9000 X115.465 Y127.91
G1 F6000 X123.033 Y135.478 E858.08912
G0 F9000 X123.599 Y135.478
G1 F6000 X115.465 Y127.344 E858.24059
G0 F9000 X115.465 Y126.779
G1 F6000 X124.164 Y135.478 E858.40258
G0 F9000 X124.73 Y135.478
G1 F6000 X115.465 Y126.213 E858.57511
G0 F9000 X115.465 Y125.647
G1 F6000 X125.295 Y135.477 E858.75816
G0 F9000 X125.861 Y135.477
G1 F6000 X115.465 Y125.082 E858.95174
G0 F9000 X115.465 Y124.516
G1 F6000 X126.426 Y135.477 E859.15585
G0 F9000 X126.992 Y135.477
G1 F6000 X115.465 Y123.95 E859.3705
G0 F9000 X115.465 Y123.384
G1 F6000 X127.558 Y135.477 E859.59569
G0 F9000 X128.124 Y135.477
G1 F6000 X115.465 Y122.819 E859.83141
G0 F9000 X115.465 Y122.253
G1 F6000 X128.689 Y135.477 E860.07766
G0 F9000 X129.255 Y135.477
G1 F6000 X115.465 Y121.687 E860.33445
G0 F9000 X115.465 Y121.122
G1 F6000 X129.821 Y135.477 E860.60177
G0 F9000 X130.386 Y135.477
G1 F6000 X115.465 Y120.556 E860.87962
G0 F9000 X115.465 Y119.99
G1 F6000 X130.952 Y135.477 E861.16801
G0 F9000 X131.518 Y135.477
G1 F6000 X115.465 Y119.425 E861.46693
G0 F9000 X115.465 Y118.859
G1 F6000 X132.083 Y135.477 E861.77638
G0 F9000 X132.649 Y135.477
G1 F6000 X115.465 Y118.293 E862.09638
G0 F9000 X115.465 Y117.728
G1 F6000 X133.215 Y135.477 E862.4269
G0 F9000 X133.78 Y135.477
G1 F6000 X115.465 Y117.162 E862.76795
G0 F9000 X115.465 Y116.596
G1 F6000 X134.345 Y135.477 E863.11953
G0 F9000 X134.911 Y135.477
G1 F6000 X115.465 Y116.031 E863.48165
G0 F9000 X115.465 Y115.465
G1 F6000 X135.477 Y135.477 E863.8543
G0 F9000 X136.042 Y135.477
G1 F6000 X115.465 Y114.899 E864.23749
G0 F9000 X115.465 Y114.334
G1 F6000 X136.608 Y135.477 E864.6312
G0 F9000 X137.174 Y135.477
G1 F6000 X115.465 Y113.768 E865.03545
G0 F9000 X115.465 Y113.202
G1 F6000 X137.739 Y135.477 E865.45024
G0 F9000 X138.305 Y135.477
G1 F6000 X115.465 Y112.636 E865.87556
G0 F9000 X115.465 Y112.071
G1 F6000 X138.871 Y135.477 E866.31142
G0 F9000 X139.437 Y135.477
G1 F6000 X115.465 Y111.505 E866.75781
G0 F9000 X115.465 Y110.939
G1 F6000 X140.002 Y135.477 E867.21474
G0 F9000 X140.568 Y135.477
G1 F6000 X115.465 Y110.374 E867.68219
G0 F9000 X115.465 Y109.808
G1 F6000 X141.134 Y135.477 E868.16019
G0 F9000 X141.699 Y135.477
G1 F6000 X115.465 Y109.242 E868.64871
G0 F9000 X115.465 Y108.677
G1 F6000 X142.265 Y135.477 E869.14777
G0 F9000 X142.831 Y135.477
G1 F6000 X115.465 Y108.111 E869.65737
G0 F9000 X115.465 Y107.545
G1 F6000 X143.396 Y135.477 E870.17749
G0 F9000 X143.961 Y135.476
G1 F6000 X115.465 Y106.98 E870.70813
G0 F9000 X115.465 Y106.414
G1 F6000 X144.527 Y135.476 E871.24931
G0 F9000 X145.093 Y135.476
G1 F6000 X115.465 Y105.848 E871.80103
G0 F9000 X115.465 Y105.283
G1 F6000 X145.658 Y135.476 E872.36327
G0 F9000 X146.224 Y135.476
G1 F6000 X115.465 Y104.717 E872.93604
G0 F9000 X115.465 Y104.151
G1 F6000 X146.79 Y135.476 E873.51936
G0 F9000 X147.355 Y135.476
G1 F6000 X115.465 Y103.585 E874.11321
G0 F9000 X115.465 Y103.02
G1 F6000 X147.921 Y135.476 E874.71759
G0 F9000 X148.487 Y135.476
G1 F6000 X115.465 Y102.454 E875.33251
G0 F9000 X115.465 Y101.888
G1 F6000 X149.052 Y135.476 E875.95796
G0 F9000 X149.618 Y135.476
G1 F6000 X115.465 Y101.323 E876.59394
G0 F9000 X115.465 Y100.757
G1 F6000 X150.184 Y135.476 E877.24046
G0 F9000 X150.75 Y135.476
G1 F6000 X115.465 Y100.191 E877.89752
G0 F9000 X115.465 Y99.626
G1 F6000 X151.315 Y135.476 E878.5651
G0 F9000 X151.881 Y135.476
G1 F6000 X115.465 Y99.06 E879.24322
G0 F9000 X115.465 Y98.494
G1 F6000 X152.447 Y135.476 E879.93188
G0 F9000 X153.012 Y135.476
G1 F6000 X115.465 Y97.929 E880.63106
G0 F9000 X115.871 Y97.769
G1 F6000 X153.173 Y135.071 E881.32568
G0 F9000 X153.173 Y134.505
G1 F6000 X116.436 Y97.769 E882.00977
G0 F9000 X117.002 Y97.769
G1 F6000 X153.173 Y133.939 E882.68332
G0 F9000 X153.173 Y133.374
G1 F6000 X117.568 Y97.769 E883.34634
G0 F9000 X118.134 Y97.769
G1 F6000 X153.173 Y132.808 E883.99882
G0 F9000 X153.173 Y132.242
G1 F6000 X118.699 Y97.769 E884.64077
G0 F9000 X119.265 Y97.769
G1 F6000 X153.173 Y131.677 E885.27218
G0 F9000 X153.173 Y131.111
G1 F6000 X119.831 Y97.769 E885.89306
G0 F9000 X120.396 Y97.769
G1 F6000 X153.173 Y130.545 E886.50341
G0 F9000 X153.173 Y129.98
G1 F6000 X120.962 Y97.769 E887.10323
G0 F9000 X121.528 Y97.769
G1 F6000 X153.173 Y129.414 E887.6925
G0 F9000 X153.173 Y128.848
G1 F6000 X122.093 Y97.769 E888.27125
G0 F9000 X122.659 Y97.769
G1 F6000 X153.173 Y128.283 E888.83947
G0 F9000 X153.173 Y127.717
G1 F6000 X123.225 Y97.769 E889.39714
G0 F9000 X123.79 Y97.769
G1 F6000 X153.173 Y127.151 E889.94429
G0 F9000 X153.173 Y126.586
G1 F6000 X124.356 Y97.769 E890.48091
G0 F9000 X124.922 Y97.769
G1 F6000 X153.173 Y126.02 E891.00698
G0 F9000 X153.173 Y125.454
G1 F6000 X125.487 Y97.769 E891.52253
G0 F9000 X126.053 Y97.769
G1 F6000 X153.173 Y124.888 E892.02753
G0 F9000 X153.173 Y124.323
G1 F6000 X126.619 Y97.769 E892.52201
G0 F9000 X127.184 Y97.769
G1 F6000 X153.173 Y123.757 E893.00595
G0 F9000 X153.173 Y123.191
G1 F6000 X127.75 Y97.769 E893.47936
G0 F9000 X128.316 Y97.769
G1 F6000 X153.173 Y122.626 E893.94223
G0 F9000 X153.173 Y122.06
G1 F6000 X128.882 Y97.769 E894.39457
G0 F9000 X129.447 Y97.769
G1 F6000 X153.173 Y121.494 E894.83637
G0 F9000 X153.173 Y120.929
G1 F6000 X130.013 Y97.769 E895.26765
G0 F9000 X130.579 Y97.769
G1 F6000 X153.173 Y120.363 E895.68838
G0 F9000 X153.173 Y119.797
G1 F6000 X131.144 Y97.769 E896.09858
G0 F9000 X131.71 Y97.769
G1 F6000 X153.173 Y119.232 E896.49826
G0 F9000 X153.173 Y118.666
G1 F6000 X132.276 Y97.769 E896.88739
G0 F9000 X132.841 Y97.769
G1 F6000 X153.173 Y118.1 E897.26599
G0 F9000 X153.173 Y117.535
G1 F6000 X133.407 Y97.769 E897.63407
G0 F9000 X133.973 Y97.769
G1 F6000 X153.173 Y116.969 E897.9916
G0 F9000 X153.173 Y116.404
G1 F6000 X134.538 Y97.769 E898.33861
G0 F9000 X135.104 Y97.769
G1 F6000 X153.173 Y115.838 E898.67508
G0 F9000 X153.173 Y115.273
G1 F6000 X135.67 Y97.769 E899.00103
G0 F9000 X136.235 Y97.769
G1 F6000 X153.173 Y114.707 E899.31644
G0 F9000 X153.173 Y114.141
G1 F6000 X136.801 Y97.769 E899.62131
G0 F9000 X137.367 Y97.769
G1 F6000 X153.173 Y113.575 E899.91564
G0 F9000 X153.173 Y113.01
G1 F6000 X137.932 Y97.769 E900.19945
G0 F9000 X138.498 Y97.769
G1 F6000 X153.173 Y112.444 E900.47272
G0 F9000 X153.173 Y111.878
G1 F6000 X139.064 Y97.769 E900.73545
G0 F9000 X139.63 Y97.769
G1 F6000 X140.271 Y98.41 E900.74739
G1 F5714.3 X153.173 Y111.313 E900.98765
G0 F9000 X153.173 Y110.747
G1 F5714.3 X152.607 Y110.181 E900.99819
G1 F5428.6 X140.195 Y97.769 E901.22932
G0 F9000 X140.761 Y97.769
G1 F5428.6 X153.173 Y110.181 E901.46045
G0 F9000 X153.173 Y109.616
G1 F5428.6 X153.108 Y109.551 E901.46166
G1 F5142.9 X141.327 Y97.769 E901.68105
G0 F9000 X141.892 Y97.769
G1 F5142.9 X142.232 Y98.109 E901.68738
G1 F4857.1 X153.173 Y109.05 E901.89112
G0 F9000 X153.173 Y108.484
G1 F4857.1 X152.666 Y107.977 E901.90056
G1 F4571.4 X142.458 Y97.769 E902.09065
G0 F9000 X143.024 Y97.769
G1 F4571.4 X143.59 Y98.335 E902.10119
G1 F4285.7 X153.173 Y107.919 E902.27965
G0 F9000 X153.173 Y107.353
G1 F4285.7 X143.589 Y97.769 E902.45812
G0 F9000 X144.155 Y97.769
G1 F4285.7 X144.311 Y97.925 E902.46102
G1 F4000 X153.173 Y106.787 E902.62604
G0 F9000 X153.173 Y106.222
G1 F4000 X152.607 Y105.656 E902.63658
G1 F3714.3 X144.721 Y97.769 E902.78344
G0 F9000 X145.286 Y97.769
G1 F3714.3 X153.173 Y105.656 E902.93031
G0 F9000 X153.173 Y105.09
G1 F3714.3 X152.607 Y104.524 E902.94085
G1 F3428.6 X145.852 Y97.769 E903.06664
G0 F9000 X146.418 Y97.769
G1 F3428.6 X153.173 Y104.525 E903.19244
G0 F9000 X153.173 Y103.959
G1 F3428.6 X152.607 Y103.393 E903.20298
G1 F3142.9 X146.983 Y97.769 E903.3077
G0 F9000 X147.549 Y97.769
G1 F3142.9 X153.173 Y103.393 E903.41243
G0 F9000 X153.173 Y102.827
G1 F3142.9 X152.607 Y102.261 E903.42297
G1 F2857.1 X148.115 Y97.769 E903.50662
G0 F9000 X148.681 Y97.769
G1 F2857.1 X153.173 Y102.262 E903.59028
G0 F9000 X153.173 Y101.696
G1 F2857.1 X152.606 Y101.129 E903.60083
G1 F2571.4 X149.246 Y97.769 E903.6634
G0 F9000 X149.812 Y97.769
G1 F2571.4 X153.173 Y101.13 E903.72599
G0 F9000 X153.173 Y100.565
G1 F2571.4 X152.607 Y99.999 E903.73653
G1 F2285.7 X150.378 Y97.769 E903.77805
G0 F9000 X150.943 Y97.769
G1 F2285.7 X153.173 Y99.999 E903.81957
G0 F9000 X153.173 Y99.433
G1 F2285.7 X152.607 Y98.867 E903.83011
G1 F2000 X151.509 Y97.769 E903.85056
G0 F9000 X152.075 Y97.769
G1 F2000 X153.173 Y98.868 E903.87101
G0 F9000 X153.173 Y98.302
M205 X30 Y30
G1 F2000 X152.64 Y97.769 E903.88094
M204 S1500
G0 F9000 X152.64 Y97.85
G1 F2700 E897.38094
;MESH:NONMESH
G0 F600 X152.64 Y97.85 Z9.6
G0 F9000 X115.315 Y135.704
G0 X115.28 Y136.312
;TIME_ELAPSED:1250.942987
;LAYER:47
M205 X50 Y50
;TYPE:WALL-OUTER
;MESH:square.stl
G1 F2700 E903.88094
G1 F1800 X153.471 Y136.311 E904.35987
G1 X153.733 Y136.19 E904.36349
G1 X153.902 Y136.012 E904.36656
G1 X154 Y135.744 E904.37014
G1 X154.003 Y97.546 E904.84916
G1 X153.943 Y97.309 E904.85223
G1 X153.636 Y97.002 E904.85767
G1 X153.364 Y96.937 E904.86118
G1 X115.238 Y96.94 E905.33929
G1 X115.002 Y97.001 E905.34235
G1 X114.705 Y97.294 E905.34758
G1 X114.632 Y97.585 E905.35134
G1 X114.637 Y135.706 E905.82939
G1 X114.697 Y135.943 E905.83246
G1 X115.003 Y136.245 E905.83785
G1 X115.28 Y136.312 E905.84143
M204 S3500
G0 F9000 X116.08 Y136.312
G1 F2700 E899.34143
G0 F9000 X116.08 Y135.613
G0 X153.324 Y135.616
G0 X153.383 Y135.911
;TYPE:WALL-INNER
G1 F2700 E905.84143
G1 F6000 X153.554 Y135.797 E905.84426
G1 X153.6 Y135.674 E905.84607
G1 X153.603 Y97.508 E906.37255
G1 X153.433 Y97.337 E906.37588
G1 X115.204 Y97.34 E906.90322
G1 X115.075 Y97.465 E906.9057
G1 X115.032 Y97.634 E906.90811
G1 X115.037 Y135.743 E907.4338
G1 X115.207 Y135.912 E907.4371
G1 X153.383 Y135.911 E907.96372
G1 F2700 E901.46372
G0 F9000 X153.324 Y135.616
G0 X115.356 Y135.591
;TYPE:SKIN
G1 F2700 E907.96372
G1 F6000 X153.28 Y135.588 E908.46308
G1 X153.28 Y97.657 E908.96253
G1 X115.353 Y97.66 E909.46193
G1 X115.356 Y135.591 E909.96138
G1 F2700 E903.46138
G0 F9000 X152.545 Y135.389
G1 F2700 E909.96138
G1 F6000 X153.08 Y134.854 E909.97135
G0 F9000 X153.08 Y134.288
G1 F6000 X151.979 Y135.389 E909.99185
G0 F9000 X151.413 Y135.389
G1 F6000 X153.08 Y133.722 E910.02289
G0 F9000 X153.08 Y133.157
G1 F6000 X150.848 Y135.389 E910.06445
G0 F9000 X150.282 Y135.389
G1 F6000 X153.08 Y132.591 E910.11656
G0 F9000 X153.08 Y132.025
G1 F6000 X149.716 Y135.389 E910.1792
G0 F9000 X149.151 Y135.389
G1 F6000 X153.08 Y131.46 E910.25236
G0 F9000 X153.08 Y130.894
G1 F6000 X148.585 Y135.389 E910.33607
G0 F9000 X148.019 Y135.389
G1 F6000 X153.08 Y130.328 E910.43031
G0 F9000 X153.08 Y129.763
G1 F6000 X147.454 Y135.389 E910.53507
G0 F9000 X146.888 Y135.389
G1 F6000 X153.08 Y129.197 E910.65038
G0 F9000 X153.08 Y128.631
G1 F6000 X146.322 Y135.389 E910.77622
G0 F9000 X145.757 Y135.389
G1 F6000 X153.08 Y128.066 E910.91259
G0 F9000 X153.08 Y127.5
G1 F6000 X145.191 Y135.389 E911.05949
G0 F9000 X144.625 Y135.389
G1 F6000 X153.08 Y126.934 E911.21694
G0 F9000 X153.08 Y126.368
G1 F6000 X144.06 Y135.389 E911.38491
G0 F9000 X143.494 Y135.389
G1 F6000 X153.08 Y125.803 E911.56342
G0 F9000 X153.08 Y125.237
G1 F6000 X142.928 Y135.389 E911.75246
G0 F9000 X142.363 Y135.389
G1 F6000 X153.08 Y124.671 E911.95204
G0 F9000 X153.08 Y124.106
G1 F6000 X141.797 Y135.389 E912.16215
G0 F9000 X141.231 Y135.389
G1 F6000 X153.08 Y123.54 E912.38279
G0 F9000 X153.08 Y122.974
G1 F6000 X140.665 Y135.389 E912.61398
G0 F9000 X140.099 Y135.39
G1 F6000 X153.08 Y122.409 E912.8557
G0 F9000 X153.08 Y121.843
G1 F6000 X139.533 Y135.39 E913.10797
G0 F9000 X138.968 Y135.39
G1 F6000 X153.08 Y121.277 E913.37077
G0 F9000 X153.08 Y120.712
G1 F6000 X138.402 Y135.39 E913.64409
G0 F9000 X137.836 Y135.39
G1 F6000 X153.08 Y120.146 E913.92796
G0 F9000 X153.08 Y119.58
G1 F6000 X137.271 Y135.39 E914.22235
G0 F9000 X136.705 Y135.39
G1 F6000 X153.08 Y119.015 E914.52728
G0 F9000 X153.08 Y118.449
G1 F6000 X136.139 Y135.39 E914.84275
G0 F9000 X135.574 Y135.39
G1 F6000 X153.08 Y117.883 E915.16875
G0 F9000 X153.08 Y117.318
G1 F6000 X135.008 Y135.39 E915.50527
G0 F9000 X134.442 Y135.39
G1 F6000 X153.08 Y116.752 E915.85234
G0 F9000 X153.08 Y116.186
G1 F6000 X133.877 Y135.39 E916.20994
G0 F9000 X133.311 Y135.39
G1 F6000 X153.08 Y115.62 E916.57808
G0 F9000 X153.08 Y115.055
G1 F6000 X132.745 Y135.39 E916.95674
G0 F9000 X132.179 Y135.39
G1 F6000 X153.08 Y114.489 E917.34595
G0 F9000 X153.08 Y113.923
G1 F6000 X131.614 Y135.39 E917.74569
G0 F9000 X131.048 Y135.39
G1 F6000 X153.08 Y113.358 E918.15596
G0 F9000 X153.08 Y112.792
G1 F6000 X130.482 Y135.39 E918.57677
G0 F9000 X129.917 Y135.39
G1 F6000 X153.08 Y112.226 E919.00811
G0 F9000 X153.08 Y111.661
G1 F6000 X129.351 Y135.39 E919.44998
G0 F9000 X128.785 Y135.39
G1 F6000 X153.08 Y111.095 E919.90239
G0 F9000 X153.08 Y110.529
G1 F6000 X128.22 Y135.39 E920.36533
G0 F9000 X127.653 Y135.39
G1 F6000 X153.08 Y109.964 E920.83881
G0 F9000 X153.08 Y109.398
G1 F6000 X127.088 Y135.39 E921.32282
G0 F9000 X126.522 Y135.39
G1 F6000 X153.08 Y108.832 E921.81737
G0 F9000 X153.08 Y108.267
G1 F6000 X125.956 Y135.39 E922.32245
G0 F9000 X125.391 Y135.39
G1 F6000 X153.08 Y107.701 E922.83806
G0 F9000 X153.08 Y107.135
G1 F6000 X124.825 Y135.39 E923.36421
G0 F9000 X124.259 Y135.39
G1 F6000 X153.08 Y106.569 E923.9009
G0 F9000 X153.08 Y106.004
G1 F6000 X123.693 Y135.39 E924.44812
G0 F9000 X123.128 Y135.39
G1 F6000 X153.08 Y105.438 E925.00587
G0 F9000 X153.08 Y104.872
G1 F6000 X122.562 Y135.39 E925.57416
G0 F9000 X121.996 Y135.39
G1 F6000 X153.08 Y104.307 E926.15298
G0 F9000 X153.08 Y103.741
G1 F6000 X121.431 Y135.39 E926.74233
G0 F9000 X120.865 Y135.39
G1 F6000 X153.08 Y103.175 E927.34223
G0 F9000 X153.08 Y102.61
G1 F6000 X120.299 Y135.39 E927.95265
G0 F9000 X119.734 Y135.39
G1 F6000 X153.08 Y102.044 E928.5736
G0 F9000 X153.08 Y101.478
G1 F6000 X119.168 Y135.39 E929.20509
G0 F9000 X118.602 Y135.39
G1 F6000 X153.08 Y100.913 E929.84712
G0 F9000 X153.08 Y100.347
G1 F6000 X118.037 Y135.39 E930.49967
G0 F9000 X117.471 Y135.39
G1 F6000 X153.08 Y99.781 E931.16276
G0 F9000 X153.08 Y99.216
G1 F6000 X116.905 Y135.39 E931.83639
G0 F9000 X116.34 Y135.39
G1 F6000 X153.08 Y98.65 E932.52054
G0 F9000 X153.08 Y98.084
G1 F6000 X115.774 Y135.39 E933.21523
G0 F9000 X115.556 Y135.043
G1 F6000 X152.742 Y97.857 E933.90769
G0 F9000 X152.176 Y97.857
G1 F6000 X115.556 Y134.477 E934.58961
G0 F9000 X115.556 Y133.911
G1 F6000 X151.611 Y97.857 E935.261
G0 F9000 X151.045 Y97.857
G1 F6000 X115.556 Y133.345 E935.92185
G0 F9000 X115.556 Y132.78
G1 F6000 X150.479 Y97.857 E936.57217
G0 F9000 X149.914 Y97.857
G1 F6000 X115.556 Y132.214 E937.21196
G0 F9000 X115.556 Y131.648
G1 F6000 X149.348 Y97.857 E937.84121
G0 F9000 X148.782 Y97.857
G1 F6000 X115.556 Y131.083 E938.45992
G0 F9000 X115.556 Y130.517
G1 F6000 X148.217 Y97.857 E939.06811
G0 F9000 X147.651 Y97.857
G1 F6000 X115.556 Y129.951 E939.66576
G0 F9000 X115.556 Y129.386
G1 F6000 X147.085 Y97.857 E940.25288
G0 F9000 X146.52 Y97.857
G1 F6000 X115.556 Y128.82 E940.82946
G0 F9000 X115.556 Y128.254
G1 F6000 X145.954 Y97.857 E941.39551
G0 F9000 X145.388 Y97.857
G1 F6000 X115.556 Y127.689 E941.95103
G0 F9000 X115.556 Y127.123
G1 F6000 X144.822 Y97.857 E942.496
G0 F9000 X144.256 Y97.857
G1 F6000 X115.556 Y126.557 E943.03044
G0 F9000 X115.555 Y125.992
G1 F6000 X143.69 Y97.857 E943.55436
G0 F9000 X143.125 Y97.857
G1 F6000 X115.555 Y125.427 E944.06775
G0 F9000 X115.555 Y124.861
G1 F6000 X142.559 Y97.857 E944.57061
G0 F9000 X141.993 Y97.857
G1 F6000 X115.555 Y124.295 E945.06292
G0 F9000 X115.555 Y123.73
G1 F6000 X141.428 Y97.857 E945.54472
G0 F9000 X140.862 Y97.857
G1 F6000 X115.555 Y123.164 E946.01597
G0 F9000 X115.555 Y122.598
G1 F6000 X140.296 Y97.857 E946.47668
G0 F9000 X139.731 Y97.857
G1 F6000 X115.555 Y122.032 E946.92687
G0 F9000 X115.555 Y121.467
G1 F6000 X139.165 Y97.857 E947.36652
G0 F9000 X138.599 Y97.857
G1 F6000 X115.555 Y120.901 E947.79564
G0 F9000 X115.555 Y120.335
G1 F6000 X138.033 Y97.858 E948.2142
G0 F9000 X137.467 Y97.858
G1 F6000 X115.555 Y119.77 E948.62223
G0 F9000 X115.555 Y119.204
G1 F6000 X136.902 Y97.858 E949.01974
G0 F9000 X136.336 Y97.858
G1 F6000 X115.555 Y118.638 E949.4067
G0 F9000 X115.555 Y118.073
G1 F6000 X135.77 Y97.858 E949.78314
G0 F9000 X135.204 Y97.858
G1 F6000 X115.555 Y117.507 E950.14903
G0 F9000 X115.555 Y116.941
G1 F6000 X134.639 Y97.858 E950.50439
G0 F9000 X134.073 Y97.858
G1 F6000 X115.555 Y116.376 E950.84923
G0 F9000 X115.555 Y115.811
G1 F6000 X133.507 Y97.858 E951.18353
G0 F9000 X132.942 Y97.858
G1 F6000 X115.555 Y115.245 E951.5073
G0 F9000 X115.555 Y114.679
G1 F6000 X132.376 Y97.858 E951.82053
G0 F9000 X131.81 Y97.858
G1 F6000 X115.555 Y114.114 E952.12324
G0 F9000 X115.555 Y113.548
G1 F6000 X131.245 Y97.858 E952.41541
G0 F9000 X130.679 Y97.858
G1 F6000 X115.555 Y112.982 E952.69704
G0 F9000 X115.555 Y112.417
G1 F6000 X130.113 Y97.859 E952.96813
G0 F9000 X129.547 Y97.859
G1 F6000 X115.555 Y111.851 E953.22868
G0 F9000 X115.555 Y111.285
G1 F6000 X116.145 Y110.695 E953.23967
G1 F5714.3 X128.981 Y97.859 E953.47869
G0 F9000 X128.416 Y97.859
G1 F5714.3 X127.784 Y98.491 E953.49046
G1 F5428.6 X115.555 Y110.719 E953.71818
G0 F9000 X115.555 Y110.154
G1 F5428.6 X116.121 Y109.588 E953.72872
G1 F5142.9 X127.85 Y97.859 E953.94713
G0 F9000 X127.284 Y97.859
G1 F5142.9 X115.555 Y109.588 E954.16554
G0 F9000 X115.555 Y109.022
G1 F5142.9 X115.66 Y108.917 E954.16749
G1 F4857.1 X126.718 Y97.859 E954.37341
G0 F9000 X126.153 Y97.859
G1 F4857.1 X125.763 Y98.249 E954.38067
G1 F4571.4 X115.555 Y108.457 E954.57076
G0 F9000 X115.555 Y107.891
G1 F4571.4 X116.121 Y107.325 E954.5813
G1 F4285.7 X125.587 Y97.859 E954.75757
G0 F9000 X125.021 Y97.859
G1 F4285.7 X115.555 Y107.325 E954.93384
G0 F9000 X115.554 Y106.76
G1 F4285.7 X115.594 Y106.72 E954.93459
G1 F4000 X124.456 Y97.859 E955.0996
G0 F9000 X123.89 Y97.859
G1 F4000 X123.324 Y98.425 E955.11014
G1 F3714.3 X115.554 Y106.195 E955.25483
G0 F9000 X115.554 Y105.629
G1 F3714.3 X123.324 Y97.859 E955.39952
G0 F9000 X122.758 Y97.859
G1 F3714.3 X122.192 Y98.425 E955.41006
G1 F3428.6 X115.554 Y105.063 E955.53367
G0 F9000 X115.554 Y104.498
G1 F3428.6 X122.192 Y97.859 E955.65729
G0 F9000 X121.627 Y97.859
G1 F3428.6 X121.06 Y98.426 E955.66785
G1 F3142.9 X115.554 Y103.932 E955.77038
G0 F9000 X115.554 Y103.366
G1 F3142.9 X121.061 Y97.859 E955.87293
G0 F9000 X120.495 Y97.859
G1 F3142.9 X119.929 Y98.425 E955.88347
G1 F2857.1 X115.554 Y102.801 E955.96494
G0 F9000 X115.554 Y102.235
G1 F2857.1 X119.93 Y97.859 E956.04643
G0 F9000 X119.364 Y97.859
G1 F2857.1 X118.798 Y98.425 E956.05697
G1 F2571.4 X115.554 Y101.669 E956.11738
G0 F9000 X115.554 Y101.104
G1 F2571.4 X118.798 Y97.859 E956.1778
G0 F9000 X118.232 Y97.859
G1 F2571.4 X117.666 Y98.425 E956.18834
G1 F2285.7 X115.554 Y100.538 E956.22767
G0 F9000 X115.554 Y99.972
G1 F2285.7 X117.667 Y97.859 E956.26702
G0 F9000 X117.101 Y97.859
G1 F2285.7 X116.535 Y98.425 E956.27756
G1 F2000 X115.554 Y99.406 E956.29583
G0 F9000 X115.554 Y98.841
G1 F2000 X116.535 Y97.859 E956.31411
G0 F9000 X115.97 Y97.859
M205 X30 Y30
G1 F2000 X115.554 Y98.275 E956.32185
M204 S1500
G0 F9000 X115.635 Y98.276
G1 F2700 E949.82185
;MESH:NONMESH
G0 F600 X115.635 Y98.276 Z9.8
G0 F9000 X115.371 Y135.618
G0 X115.24 Y136.164
;TIME_ELAPSED:1301.220728
;LAYER:48
M205 X50 Y50
;TYPE:WALL-OUTER
;MESH:square.stl
G1 F2700 E956.32185
G1 F1800 X153.477 Y136.16 E956.80136
G1 X153.695 Y136.022 E956.80459
G1 X153.856 Y135.683 E956.8093
G1 X153.852 Y97.514 E957.28795
G1 X153.773 Y97.313 E957.29066
G1 X153.632 Y97.175 E957.29314
G1 X153.409 Y97.084 E957.29616
G1 X115.222 Y97.092 E957.77504
G1 X114.937 Y97.244 E957.77909
G1 X114.78 Y97.545 E957.78334
G1 X114.788 Y135.723 E958.26211
G1 X114.937 Y136.01 E958.26617
G1 X115.24 Y136.164 E958.27043
M204 S3500
G0 F9000 X116.04 Y136.164
G0 X115.336 Y135.764
;TYPE:WALL-INNER
G1 F1909.1 X121.699 Y135.764 E958.3582
G1 F2181.8 X128.971 Y135.764 E958.45851
G1 F2454.5 X137.152 Y135.763 E958.57137
G1 F2727.3 X146.242 Y135.762 E958.69676
G1 F3000 X153.361 Y135.76 E958.79496
G1 X153.456 Y135.593 E958.79761
G1 X153.456 Y132.905 E958.83469
G1 F3272.7 X153.455 Y121.996 E958.98517
G1 F3545.5 X153.454 Y110.178 E959.1482
G1 F3818.2 X153.452 Y97.589 E959.32185
G1 X153.348 Y97.499 E959.32375
G1 F4090.9 X153.331 Y97.484 E959.32406
G1 X139.718 Y97.486 E959.51185
G1 F4363.6 X125.173 Y97.489 E959.71249
G1 F4636.4 X115.322 Y97.492 E959.84838
G1 X115.18 Y97.643 E959.85123
G1 X115.181 Y103.039 E959.92567
G1 F4909.1 X115.184 Y119.402 E960.15139
G1 F5181.8 X115.188 Y135.626 E960.37519
G1 X115.336 Y135.764 E960.37798
G1 F2700 E953.87798
G0 F9000 X115.459 Y135.496
G0 X153.128 Y135.439
;TYPE:SKIN
G1 F2700 E960.37798
G1 F6000 X153.131 Y97.805 E960.87352
G1 X115.497 Y97.808 E961.36906
G1 X115.508 Y135.439 E961.86456
G1 X153.128 Y135.439 E962.35992
G1 F2700 E955.85992
G0 F9000 X116.006 Y135.239
G1 F2700 E962.35992
G1 F6000 X115.707 Y134.94 E962.36549
G0 F9000 X115.707 Y134.374
G1 F6000 X116.572 Y135.239 E962.3816
G0 F9000 X117.137 Y135.239
G1 F6000 X115.707 Y133.809 E962.40823
G0 F9000 X115.707 Y133.243
G1 F6000 X117.703 Y135.239 E962.44539
G0 F9000 X118.269 Y135.239
G1 F6000 X115.706 Y132.677 E962.49311
G0 F9000 X115.706 Y132.111
G1 F6000 X118.834 Y135.239 E962.55136
G0 F9000 X119.4 Y135.239
G1 F6000 X115.706 Y131.545 E962.62015
G0 F9000 X115.706 Y130.98
G1 F6000 X119.966 Y135.239 E962.69947
G0 F9000 X120.531 Y135.239
G1 F6000 X115.706 Y130.414 E962.78931
G0 F9000 X115.705 Y129.847
G1 F6000 X121.097 Y135.239 E962.88972
G0 F9000 X121.663 Y135.239
G1 F6000 X115.705 Y129.282 E963.00066
G0 F9000 X115.705 Y128.716
G1 F6000 X122.228 Y135.239 E963.12213
G0 F9000 X122.794 Y135.239
G1 F6000 X115.705 Y128.15 E963.25413
G0 F9000 X115.705 Y127.584
G1 F6000 X123.36 Y135.239 E963.39668
G0 F9000 X123.925 Y135.239
G1 F6000 X115.705 Y127.018 E963.54976
G0 F9000 X115.705 Y126.453
G1 F6000 X124.491 Y135.239 E963.71337
G0 F9000 X125.057 Y135.239
G1 F6000 X115.705 Y125.887 E963.88752
G0 F9000 X115.705 Y125.321
G1 F6000 X125.622 Y135.239 E964.0722
G0 F9000 X126.188 Y135.239
G1 F6000 X115.704 Y124.755 E964.26742
G0 F9000 X115.704 Y124.189
G1 F6000 X126.754 Y135.239 E964.47319
G0 F9000 X127.32 Y135.239
G1 F6000 X115.704 Y123.623 E964.6895
G0 F9000 X115.704 Y123.058
G1 F6000 X127.885 Y135.239 E964.91633
G0 F9000 X128.451 Y135.239
G1 F6000 X115.703 Y122.491 E965.15371
G0 F9000 X115.703 Y121.926
G1 F6000 X129.017 Y135.239 E965.40163
G0 F9000 X129.582 Y135.239
G1 F6000 X115.703 Y121.36 E965.66008
G0 F9000 X115.703 Y120.794
G1 F6000 X130.148 Y135.239 E965.92907
G0 F9000 X130.714 Y135.239
G1 F6000 X115.702 Y120.228 E966.2086
G0 F9000 X115.702 Y119.662
G1 F6000 X131.279 Y135.239 E966.49867
G0 F9000 X131.845 Y135.239
G1 F6000 X115.702 Y119.097 E966.79927
G0 F9000 X115.702 Y118.531
G1 F6000 X132.411 Y135.239 E967.11041
G0 F9000 X132.976 Y135.239
G1 F6000 X115.702 Y117.965 E967.43207
G0 F9000 X115.702 Y117.399
G1 F6000 X133.542 Y135.239 E967.76428
G0 F9000 X134.108 Y135.239
G1 F6000 X115.702 Y116.833 E968.10703
G0 F9000 X115.702 Y116.267
G1 F6000 X134.673 Y135.239 E968.46031
G0 F9000 X135.239 Y135.239
G1 F6000 X115.702 Y115.702 E968.82411
G0 F9000 X115.701 Y115.135
G1 F6000 X135.805 Y135.239 E969.19848
G0 F9000 X136.37 Y135.239
G1 F6000 X115.701 Y114.57 E969.58337
G0 F9000 X115.701 Y114.004
G1 F6000 X136.936 Y135.239 E969.9788
G0 F9000 X137.502 Y135.239
G1 F6000 X115.701 Y113.438 E970.38476
G0 F9000 X115.7 Y112.872
G1 F6000 X138.068 Y135.239 E970.80128
G0 F9000 X138.633 Y135.239
G1 F6000 X115.7 Y112.306 E971.22833
G0 F9000 X115.7 Y111.741
G1 F6000 X139.199 Y135.239 E971.6659
G0 F9000 X139.765 Y135.239
G1 F6000 X115.7 Y111.175 E972.11402
G0 F9000 X115.7 Y110.609
G1 F6000 X140.33 Y135.239 E972.57267
G0 F9000 X140.896 Y135.239
G1 F6000 X115.7 Y110.043 E973.04186
G0 F9000 X115.7 Y109.477
G1 F6000 X141.462 Y135.239 E973.52158
G0 F9000 X142.027 Y135.239
G1 F6000 X115.7 Y108.911 E974.01184
G0 F9000 X115.7 Y108.346
G1 F6000 X142.593 Y135.239 E974.51263
G0 F9000 X143.159 Y135.239
G1 F6000 X115.699 Y107.779 E975.02398
G0 F9000 X115.699 Y107.214
G1 F6000 X143.724 Y135.239 E975.54584
G0 F9000 X144.29 Y135.239
G1 F6000 X115.699 Y106.648 E976.07825
G0 F9000 X115.699 Y106.082
G1 F6000 X144.856 Y135.239 E976.6212
G0 F9000 X145.421 Y135.239
G1 F6000 X115.699 Y105.517 E977.17467
G0 F9000 X115.698 Y104.95
G1 F6000 X145.987 Y135.239 E977.73869
G0 F9000 X146.553 Y135.239
G1 F6000 X115.698 Y104.385 E978.31325
G0 F9000 X115.698 Y103.819
G1 F6000 X147.119 Y135.239 E978.89835
G0 F9000 X147.684 Y135.239
G1 F6000 X115.698 Y103.253 E979.49397
G0 F9000 X115.698 Y102.687
G1 F6000 X148.25 Y135.239 E980.10014
G0 F9000 X148.816 Y135.239
G1 F6000 X115.698 Y102.121 E980.71685
G0 F9000 X115.698 Y101.555
G1 F6000 X149.381 Y135.239 E981.34409
G0 F9000 X149.947 Y135.239
G1 F6000 X115.698 Y100.99 E981.98185
G0 F9000 X115.697 Y100.423
G1 F6000 X150.513 Y135.239 E982.63018
G0 F9000 X151.078 Y135.239
G1 F6000 X115.697 Y99.858 E983.28903
G0 F9000 X115.697 Y99.292
G1 F6000 X151.644 Y135.239 E983.95841
G0 F9000 X152.21 Y135.239
G1 F6000 X115.697 Y98.726 E984.63834
G0 F9000 X115.697 Y98.161
G1 F6000 X152.775 Y135.239 E985.32879
G0 F9000 X152.929 Y134.827
G1 F6000 X116.11 Y98.008 E986.01441
G0 F9000 X116.675 Y98.008
G1 F6000 X152.929 Y134.261 E986.68951
G0 F9000 X152.929 Y133.696
G1 F6000 X117.241 Y98.008 E987.35407
G0 F9000 X117.807 Y98.008
G1 F6000 X152.929 Y133.13 E988.0081
G0 F9000 X152.929 Y132.564
G1 F6000 X118.373 Y98.008 E988.65158
G0 F9000 X118.938 Y98.008
G1 F6000 X152.929 Y131.998 E989.28454
G0 F9000 X152.929 Y131.433
G1 F6000 X119.504 Y98.008 E989.90696
G0 F9000 X120.07 Y98.008
G1 F6000 X152.929 Y130.867 E990.51884
G0 F9000 X152.929 Y130.301
G1 F6000 X120.635 Y98.008 E991.1202
G0 F9000 X121.201 Y98.008
G1 F6000 X152.929 Y129.736 E991.71102
G0 F9000 X152.929 Y129.17
G1 F6000 X121.767 Y98.008 E992.2913
G0 F9000 X122.332 Y98.008
G1 F6000 X152.929 Y128.604 E992.86106
G0 F9000 X152.929 Y128.039
G1 F6000 X122.898 Y98.008 E993.42028
G0 F9000 X123.464 Y98.008
G1 F6000 X152.93 Y127.474 E993.96898
G0 F9000 X152.93 Y126.908
G1 F6000 X124.029 Y98.008 E994.50715
G0 F9000 X124.595 Y98.008
G1 F6000 X152.93 Y126.342 E995.03478
G0 F9000 X152.93 Y125.777
G1 F6000 X125.16 Y98.007 E995.5519
G0 F9000 X125.726 Y98.007
G1 F6000 X152.93 Y125.211 E996.05848
G0 F9000 X152.93 Y124.645
G1 F6000 X126.291 Y98.007 E996.55453
G0 F9000 X126.857 Y98.007
G1 F6000 X152.93 Y124.08 E997.04005
G0 F9000 X152.93 Y123.514
G1 F6000 X127.423 Y98.007 E997.51502
G0 F9000 X127.988 Y98.007
G1 F6000 X152.93 Y122.948 E997.97947
G0 F9000 X152.93 Y122.383
G1 F6000 X128.554 Y98.007 E998.43339
G0 F9000 X129.12 Y98.007
G1 F6000 X152.93 Y121.817 E998.87677
G0 F9000 X152.93 Y121.251
G1 F6000 X129.686 Y98.007 E999.30961
G0 F9000 X130.251 Y98.007
G1 F6000 X152.93 Y120.685 E999.73191
G0 F9000 X152.93 Y120.12
G1 F6000 X130.817 Y98.007 E1000.14369
G0 F9000 X131.383 Y98.007
G1 F6000 X152.93 Y119.555 E1000.54494
G0 F9000 X152.93 Y118.989
G1 F6000 X131.948 Y98.007 E1000.93565
G0 F9000 X132.514 Y98.007
G1 F6000 X152.93 Y118.423 E1001.31583
G0 F9000 X152.93 Y117.858
G1 F6000 X133.08 Y98.007 E1001.68548
G0 F9000 X133.645 Y98.007
G1 F6000 X152.93 Y117.292 E1002.04459
G0 F9000 X152.93 Y116.726
G1 F6000 X134.211 Y98.007 E1002.39317
G0 F9000 X134.776 Y98.006
G1 F6000 X152.93 Y116.161 E1002.73123
G0 F9000 X152.93 Y115.595
G1 F6000 X135.342 Y98.006 E1003.05876
G0 F9000 X135.907 Y98.006
G1 F6000 X152.93 Y115.029 E1003.37575
G0 F9000 X152.93 Y114.464
G1 F6000 X136.473 Y98.006 E1003.68221
G0 F9000 X137.039 Y98.006
G1 F6000 X152.93 Y113.898 E1003.97814
G0 F9000 X152.93 Y113.332
G1 F6000 X137.604 Y98.006 E1004.26353
G0 F9000 X138.17 Y98.006
G1 F6000 X152.931 Y112.767 E1004.5384
G0 F9000 X152.931 Y112.202
G1 F6000 X138.736 Y98.006 E1004.80274
G0 F9000 X139.301 Y98.006
G1 F6000 X139.867 Y98.572 E1004.81328
G1 F5714.3 X152.931 Y111.636 E1005.05656
G0 F9000 X152.931 Y111.07
G1 F5714.3 X139.867 Y98.006 E1005.29983
G0 F9000 X140.433 Y98.006
G1 F5714.3 X140.46 Y98.033 E1005.30033
G1 F5428.6 X152.931 Y110.505 E1005.53257
G0 F9000 X152.931 Y109.939
G1 F5428.6 X152.608 Y109.616 E1005.53858
G1 F5142.9 X140.999 Y98.006 E1005.75477
G0 F9000 X141.564 Y98.006
G1 F5142.9 X142.076 Y98.518 E1005.7643
G1 F4857.1 X152.931 Y109.373 E1005.96644
G0 F9000 X152.931 Y108.807
G1 F4857.1 X152.338 Y108.214 E1005.97748
G1 F4571.4 X142.13 Y98.006 E1006.16757
G0 F9000 X142.696 Y98.006
G1 F4571.4 X143.262 Y98.572 E1006.17811
G1 F4285.7 X152.931 Y108.242 E1006.35817
G0 F9000 X152.931 Y107.676
G1 F4285.7 X143.261 Y98.006 E1006.53824
G0 F9000 X143.826 Y98.006
G1 F4285.7 X144.069 Y98.249 E1006.54277
G1 F4000 X152.931 Y107.11 E1006.70778
G0 F9000 X152.931 Y106.545
G1 F4000 X152.365 Y105.979 E1006.71832
G1 F3714.3 X144.392 Y98.006 E1006.86679
G0 F9000 X144.958 Y98.006
G1 F3714.3 X152.931 Y105.979 E1007.01526
G0 F9000 X152.932 Y105.414
G1 F3714.3 X152.365 Y104.848 E1007.02581
G1 F3428.6 X145.523 Y98.006 E1007.15322
G0 F9000 X146.089 Y98.006
G1 F3428.6 X152.932 Y104.848 E1007.28063
G0 F9000 X152.932 Y104.283
G1 F3428.6 X152.366 Y103.717 E1007.29117
G1 F3142.9 X146.655 Y98.006 E1007.39752
G0 F9000 X147.22 Y98.006
G1 F3142.9 X152.932 Y103.717 E1007.50388
G0 F9000 X152.932 Y103.151
G1 F3142.9 X152.366 Y102.585 E1007.51442
G1 F2857.1 X147.786 Y98.006 E1007.59969
G0 F9000 X148.352 Y98.006
G1 F2857.1 X152.932 Y102.586 E1007.68498
G0 F9000 X152.932 Y102.02
G1 F2857.1 X152.365 Y101.454 E1007.69553
G1 F2571.4 X148.917 Y98.006 E1007.75974
G0 F9000 X149.483 Y98.006
G1 F2571.4 X152.932 Y101.454 E1007.82395
G0 F9000 X152.932 Y100.889
G1 F2571.4 X152.366 Y100.323 E1007.83449
G1 F2285.7 X150.049 Y98.006 E1007.87764
G0 F9000 X150.614 Y98.006
G1 F2285.7 X152.932 Y100.323 E1007.92079
G0 F9000 X152.932 Y99.757
G1 F2285.7 X152.366 Y99.191 E1007.93133
G1 F2000 X151.18 Y98.006 E1007.95341
G0 F9000 X151.746 Y98.006
G1 F2000 X152.932 Y99.192 E1007.97549
G0 F9000 X152.932 Y98.626
M205 X30 Y30
G1 F2000 X152.312 Y98.006 E1007.98704
M204 S1500
G0 F9000 X152.311 Y98.088
G1 F2700 E1001.48704
;MESH:NONMESH
G0 F600 X152.311 Y98.088 Z10
G0 F9000 X153.199 Y135.477
G0 X153.336 Y135.892
;TIME_ELAPSED:1351.350987
;LAYER:49
M205 X50 Y50
;TYPE:WALL-OUTER
;MESH:square.stl
G1 F2700 E1007.98704
G1 F1800 X153.588 Y135.704 E1007.99098
G1 X153.584 Y97.52 E1008.46982
G1 X153.37 Y97.364 E1008.47314
G1 X115.266 Y97.361 E1008.95098
G1 X115.126 Y97.434 E1008.95296
G1 X115.056 Y97.56 E1008.95477
G1 X115.056 Y135.681 E1009.43282
G1 X115.129 Y135.817 E1009.43476
G1 X115.256 Y135.888 E1009.43658
G1 X153.336 Y135.892 E1009.91412
M204 S3500
G0 F9000 X153.588 Y135.704
G0 X153.588 Y135.218
G0 X153.187 Y135.491
;TYPE:WALL-INNER
G1 F2100 X153.187 Y128.492 E1010.00189
G1 F2400 X153.187 Y120.493 E1010.1022
G1 F2700 X153.185 Y97.763 E1010.38724
G1 X115.458 Y97.762 E1010.86035
M205 X30 Y30
G1 X115.457 Y135.488 E1011.33345
G1 X153.187 Y135.491 E1011.8066
M204 S1500
G0 F9000 X152.864 Y135.168
;TYPE:SKIN
G1 F2700 X152.864 Y98.08 E1012.2717
G1 X115.776 Y98.08 E1012.73679
G1 X115.776 Y135.168 E1013.20189
G1 X152.864 Y135.168 E1013.66699
G1 F2700 E1007.16699
G0 F9000 X152.863 Y135.39
G0 X153.013 Y97.935
G0 X116.117 Y97.863
G1 F2700 E1013.66699
G0 F9000 X116.115 Y98.28
G1 F2700 X115.976 Y98.419 E1013.66945
G0 F9000 X115.976 Y98.984
G1 F2700 X116.68 Y98.28 E1013.68194
G0 F9000 X117.246 Y98.28
G1 F2700 X115.976 Y99.55 E1013.70446
G0 F9000 X115.976 Y100.116
G1 F2700 X117.812 Y98.28 E1013.73702
G0 F9000 X118.377 Y98.28
G1 F2700 X115.976 Y100.681 E1013.7796
G0 F9000 X115.976 Y101.247
G1 F2700 X118.943 Y98.28 E1013.83222
G0 F9000 X119.509 Y98.28
G1 F2700 X115.976 Y101.813 E1013.89488
G0 F9000 X115.976 Y102.378
G1 F2700 X120.075 Y98.28 E1013.96757
G0 F9000 X120.64 Y98.28
G1 F2700 X115.976 Y102.944 E1014.05028
G0 F9000 X115.976 Y103.51
G1 F2700 X121.206 Y98.28 E1014.14303
G0 F9000 X121.772 Y98.28
G1 F2700 X115.976 Y104.076 E1014.24582
G0 F9000 X115.976 Y104.641
G1 F2700 X122.337 Y98.28 E1014.35864
G0 F9000 X122.903 Y98.28
G1 F2700 X115.976 Y105.207 E1014.48148
G0 F9000 X115.976 Y105.773
G1 F2700 X123.469 Y98.28 E1014.61437
G0 F9000 X124.034 Y98.28
G1 F2700 X115.976 Y106.338 E1014.75728
G0 F9000 X115.976 Y106.904
G1 F2700 X124.6 Y98.28 E1014.91022
G0 F9000 X125.166 Y98.28
G1 F2700 X115.976 Y107.47 E1015.0732
G0 F9000 X115.976 Y108.035
G1 F2700 X125.731 Y98.28 E1015.24621
G0 F9000 X126.297 Y98.28
G1 F2700 X115.976 Y108.601 E1015.42925
G0 F9000 X115.976 Y109.167
G1 F2700 X126.863 Y98.28 E1015.62233
G0 F9000 X127.428 Y98.28
G1 F2700 X115.976 Y109.732 E1015.82542
G0 F9000 X115.976 Y110.298
G1 F2700 X127.994 Y98.28 E1016.03856
G0 F9000 X128.56 Y98.28
G1 F2700 X115.976 Y110.864 E1016.26174
G0 F9000 X115.976 Y111.429
G1 F2700 X129.125 Y98.28 E1016.49493
G0 F9000 X129.691 Y98.28
G1 F2700 X115.976 Y111.995 E1016.73816
G0 F9000 X115.976 Y112.561
G1 F2700 X130.257 Y98.28 E1016.99143
G0 F9000 X130.823 Y98.28
G1 F2700 X115.976 Y113.126 E1017.25473
G0 F9000 X115.976 Y113.692
G1 F2700 X131.388 Y98.28 E1017.52806
G0 F9000 X131.954 Y98.28
G1 F2700 X115.976 Y114.258 E1017.81143
G0 F9000 X115.976 Y114.824
G1 F2700 X132.52 Y98.28 E1018.10483
G0 F9000 X133.085 Y98.28
G1 F2700 X115.976 Y115.389 E1018.40825
G0 F9000 X115.976 Y115.955
G1 F2700 X133.651 Y98.28 E1018.72172
G0 F9000 X134.217 Y98.28
G1 F2700 X115.976 Y116.521 E1019.04522
G0 F9000 X115.976 Y117.086
G1 F2700 X134.782 Y98.28 E1019.37874
G0 F9000 X135.348 Y98.28
G1 F2700 X115.976 Y117.652 E1019.72229
G0 F9000 X115.976 Y118.218
G1 F2700 X135.914 Y98.28 E1020.07589
G0 F9000 X136.479 Y98.28
G1 F2700 X115.976 Y118.783 E1020.4395
G0 F9000 X115.976 Y119.349
G1 F2700 X137.045 Y98.28 E1020.81316
G0 F9000 X137.611 Y98.28
G1 F2700 X115.976 Y119.915 E1021.19685
G0 F9000 X115.976 Y120.48
G1 F2700 X138.176 Y98.28 E1021.59056
G0 F9000 X138.742 Y98.28
G1 F2700 X115.976 Y121.046 E1021.99431
G0 F9000 X115.976 Y121.612
G1 F2700 X139.308 Y98.28 E1022.4081
G0 F9000 X139.873 Y98.28
G1 F2700 X115.976 Y122.177 E1022.83191
G0 F9000 X115.976 Y122.743
G1 F2700 X140.439 Y98.28 E1023.26575
G0 F9000 X141.005 Y98.28
G1 F2700 X115.976 Y123.309 E1023.70964
G0 F9000 X115.976 Y123.875
G1 F2700 X141.571 Y98.28 E1024.16356
G0 F9000 X142.136 Y98.28
G1 F2700 X115.976 Y124.44 E1024.6275
G0 F9000 X115.976 Y125.006
G1 F2700 X142.702 Y98.28 E1025.10148
G0 F9000 X143.268 Y98.28
G1 F2700 X115.976 Y125.572 E1025.58549
G0 F9000 X115.976 Y126.137
G1 F2700 X143.833 Y98.28 E1026.07953
G0 F9000 X144.399 Y98.28
G1 F2700 X115.976 Y126.703 E1026.58361
G0 F9000 X115.976 Y127.269
G1 F2700 X144.965 Y98.28 E1027.09772
G0 F9000 X145.53 Y98.28
G1 F2700 X115.976 Y127.834 E1027.62185
G0 F9000 X115.976 Y128.4
G1 F2700 X146.096 Y98.28 E1028.15602
G0 F9000 X146.662 Y98.28
G1 F2700 X115.976 Y128.966 E1028.70023
G0 F9000 X115.976 Y129.531
G1 F2700 X147.227 Y98.28 E1029.25446
G0 F9000 X147.793 Y98.28
G1 F2700 X115.976 Y130.097 E1029.81873
G0 F9000 X115.976 Y130.663
G1 F2700 X148.359 Y98.28 E1030.39303
G0 F9000 X148.924 Y98.28
G1 F2700 X115.976 Y131.228 E1030.97736
G0 F9000 X115.976 Y131.794
G1 F2700 X149.49 Y98.28 E1031.57172
G0 F9000 X150.056 Y98.28
G1 F2700 X115.976 Y132.36 E1032.17612
G0 F9000 X115.976 Y132.925
G1 F2700 X150.622 Y98.28 E1032.79055
G0 F9000 X151.187 Y98.28
G1 F2700 X115.976 Y133.491 E1033.41501
G0 F9000 X115.976 Y134.057
G1 F2700 X151.753 Y98.28 E1034.04951
G0 F9000 X152.319 Y98.28
G1 F2700 X115.976 Y134.623 E1034.69404
G0 F9000 X116.196 Y134.968
G1 F2700 X152.664 Y98.501 E1035.34078
G0 F9000 X152.664 Y99.066
G1 F2700 X116.762 Y134.968 E1035.9775
G0 F9000 X117.327 Y134.968
G1 F2700 X152.664 Y99.632 E1036.60418
G0 F9000 X152.664 Y100.198
G1 F2700 X117.893 Y134.968 E1037.22083
G0 F9000 X118.459 Y134.968
G1 F2700 X152.664 Y100.763 E1037.82745
G0 F9000 X152.664 Y101.329
G1 F2700 X119.024 Y134.968 E1038.42403
G0 F9000 X119.59 Y134.968
G1 F2700 X152.664 Y101.895 E1039.01059
G0 F9000 X152.664 Y102.46
G1 F2700 X120.156 Y134.968 E1039.58711
G0 F9000 X120.722 Y134.968
G1 F2700 X152.664 Y103.026 E1040.15359
G0 F9000 X152.664 Y103.592
G1 F2700 X121.287 Y134.968 E1040.71005
G0 F9000 X121.853 Y134.968
G1 F2700 X152.664 Y104.158 E1041.25646
G0 F9000 X152.664 Y104.723
G1 F2700 X122.419 Y134.968 E1041.79285
G0 F9000 X122.984 Y134.968
G1 F2700 X152.664 Y105.289 E1042.31921
G0 F9000 X152.664 Y105.855
G1 F2700 X123.55 Y134.968 E1042.83553
G0 F9000 X124.116 Y134.968
G1 F2700 X152.664 Y106.42 E1043.34182
G0 F9000 X152.664 Y106.986
G1 F2700 X124.681 Y134.968 E1043.83809
G0 F9000 X125.247 Y134.968
G1 F2700 X152.664 Y107.552 E1044.32431
G0 F9000 X152.664 Y108.117
G1 F2700 X125.813 Y134.968 E1044.80051
G0 F9000 X126.378 Y134.968
G1 F2700 X152.664 Y108.683 E1045.26667
G0 F9000 X152.664 Y109.249
G1 F2700 X126.944 Y134.968 E1045.7228
G0 F9000 X127.51 Y134.968
G1 F2700 X152.664 Y109.814 E1046.1689
G0 F9000 X152.664 Y110.38
G1 F2700 X128.075 Y134.968 E1046.60497
G0 F9000 X128.641 Y134.968
G1 F2700 X152.664 Y110.946 E1047.03101
G0 F9000 X152.664 Y111.511
G1 F2700 X129.207 Y134.968 E1047.44701
G0 F9000 X129.772 Y134.968
G1 F2700 X152.664 Y112.077 E1047.85299
G0 F9000 X152.664 Y112.643
G1 F2700 X130.338 Y134.968 E1048.24892
G0 F9000 X130.904 Y134.968
G1 F2700 X152.664 Y113.209 E1048.63482
G0 F9000 X152.664 Y113.774
G1 F2700 X131.47 Y134.968 E1049.0107
G0 F9000 X132.035 Y134.968
G1 F2700 X152.664 Y114.34 E1049.37654
G0 F9000 X152.664 Y114.906
G1 F2700 X132.601 Y134.968 E1049.73234
G0 F9000 X133.167 Y134.968
G1 F2700 X152.664 Y115.471 E1050.07811
G0 F9000 X152.664 Y116.037
G1 F2700 X133.732 Y134.968 E1050.41386
G0 F9000 X134.298 Y134.968
G1 F2700 X152.664 Y116.603 E1050.73957
G0 F9000 X152.664 Y117.168
G1 F2700 X134.864 Y134.968 E1051.05525
G0 F9000 X135.429 Y134.968
G1 F2700 X152.664 Y117.734 E1051.3609
G0 F9000 X152.664 Y118.3
G1 F2700 X135.995 Y134.968 E1051.65651
G0 F9000 X136.561 Y134.968
G1 F2700 X152.664 Y118.865 E1051.94209
G0 F9000 X152.664 Y119.431
G1 F2700 X137.126 Y134.968 E1052.21765
G0 F9000 X137.692 Y134.968
G1 F2700 X152.664 Y119.997 E1052.48316
G0 F9000 X152.664 Y120.562
G1 F2700 X138.258 Y134.968 E1052.73865
G0 F9000 X138.823 Y134.968
G1 F2700 X152.664 Y121.128 E1052.98411
G0 F9000 X152.664 Y121.694
G1 F2700 X139.389 Y134.968 E1053.21953
G0 F9000 X139.955 Y134.968
G1 F2700 X152.664 Y122.259 E1053.44492
G0 F9000 X152.664 Y122.825
G1 F2700 X140.521 Y134.968 E1053.66027
G0 F9000 X141.086 Y134.968
G1 F2700 X152.664 Y123.391 E1053.8656
G0 F9000 X152.664 Y123.957
G1 F2700 X141.652 Y134.968 E1054.06088
G0 F9000 X142.218 Y134.968
G1 F2700 X152.664 Y124.522 E1054.24614
G0 F9000 X152.664 Y125.088
G1 F2700 X142.783 Y134.968 E1054.42137
G0 F9000 X143.349 Y134.968
G1 F2700 X152.664 Y125.654 E1054.58656
G0 F9000 X152.664 Y126.219
G1 F2700 X143.915 Y134.968 E1054.74172
G0 F9000 X144.48 Y134.968
G1 F2700 X152.664 Y126.785 E1054.88685
G0 F9000 X152.664 Y127.351
G1 F2700 X145.046 Y134.968 E1055.02195
G0 F9000 X145.612 Y134.968
G1 F2700 X152.664 Y127.916 E1055.14701
G0 F9000 X152.664 Y128.482
G1 F2700 X146.177 Y134.968 E1055.26205
G0 F9000 X146.743 Y134.968
G1 F2700 X152.664 Y129.048 E1055.36705
G0 F9000 X152.664 Y129.613
G1 F2700 X147.309 Y134.968 E1055.46202
G0 F9000 X147.874 Y134.968
G1 F2700 X152.664 Y130.179 E1055.54696
G0 F9000 X152.664 Y130.745
G1 F2700 X148.44 Y134.968 E1055.62186
G0 F9000 X149.006 Y134.968
G1 F2700 X152.664 Y131.31 E1055.68673
G0 F9000 X152.664 Y131.876
G1 F2700 X149.571 Y134.968 E1055.74158
G0 F9000 X150.137 Y134.968
G1 F2700 X150.703 Y134.402 E1055.75162
G1 F2400 X152.664 Y132.442 E1055.78639
G0 F9000 X152.664 Y133.007
G1 F2400 X150.703 Y134.968 E1055.82116
G0 F9000 X151.269 Y134.968
G1 F2400 X151.835 Y134.402 E1055.8312
G1 F2100 X152.664 Y133.573 E1055.8459
G0 F9000 X152.664 Y134.139
G1 F2100 X151.834 Y134.968 E1055.86061
G0 F9000 X152.4 Y134.968
G1 F2100 X152.664 Y134.705 E1055.86529
;TIME_ELAPSED:1443.728972
G1 F2700 E1049.36529
M140 S0
M204 S3000
M205 X20 Y20
M107

M82 ;absolute extrusion mode
M104 S0
M104 T1 S0
;End of Gcode
