;FLAVOR:Marlin
;TIME:1129
;Filament used: 1.19568m
;Layer height: 0.2
;MINX:73.708
;MINY:103.7
;MINZ:0.3
;MAXX:148.292
;MAXY:118.3
;MAXZ:5.5
;Generated with Cura_SteamEngine 4.2.1
M140 S60
M105
M190 S60
M104 S190
M105
M109 S190
M82 ;absolute extrusion mode
G28 ;Home
G1 Z15.0 F6000 ;Move the platform down 15mm
;Prime the extruder
G92 E0
G1 F200 E3
G92 E0
M141 S28
G92 E0
G92 E0
G1 F1500 E-6.5
;LAYER_COUNT:27
;LAYER:0
M107
;MESH:??????????????????6.stl
G0 F3600 X142.287 Y105.037 Z0.3
;TYPE:WALL-INNER
G1 F1500 E0
G1 X141.655 Y104.936 E0.03193
G1 X141.02 Y104.902 E0.06366
G1 X140.382 Y104.93 E0.09552
G1 X139.75 Y105.029 E0.12743
G1 X139.133 Y105.192 E0.15927
G1 X138.535 Y105.42 E0.1912
G1 X137.967 Y105.708 E0.22297
G1 X137.429 Y106.054 E0.25488
G1 X136.933 Y106.454 E0.28667
G1 X136.479 Y106.906 E0.31864
G1 X136.077 Y107.399 E0.35037
G1 X135.728 Y107.935 E0.38228
G1 X135.436 Y108.501 E0.41406
G1 X135.205 Y109.098 E0.44599
G1 X135.037 Y109.713 E0.4778
G1 X134.937 Y110.341 E0.50953
G1 X134.901 Y110.98 E0.54146
G1 X134.931 Y111.622 E0.57352
G1 X135.029 Y112.251 E0.60528
G1 X135.192 Y112.867 E0.63707
G1 X135.42 Y113.465 E0.669
G1 X135.708 Y114.033 E0.70077
G1 X136.054 Y114.571 E0.73268
G1 X136.454 Y115.067 E0.76447
G1 X136.906 Y115.521 E0.79644
G1 X137.399 Y115.923 E0.82817
G1 X137.935 Y116.272 E0.86008
G1 X138.501 Y116.564 E0.89186
G1 X139.098 Y116.795 E0.92379
G1 X139.713 Y116.962 E0.95559
G1 X140.344 Y117.064 E0.98748
G1 X140.98 Y117.098 E1.01925
G1 X141.618 Y117.07 E1.05111
G1 X142.25 Y116.971 E1.08303
G1 X142.867 Y116.808 E1.11486
G1 X143.465 Y116.58 E1.14679
G1 X144.033 Y116.292 E1.17857
G1 X144.57 Y115.946 E1.21044
G1 X145.067 Y115.546 E1.24227
G1 X145.521 Y115.094 E1.27423
G1 X145.923 Y114.601 E1.30596
G1 X146.272 Y114.065 E1.33787
G1 X146.564 Y113.499 E1.36965
G1 X146.795 Y112.902 E1.40158
G1 X146.963 Y112.287 E1.43339
G1 X147.063 Y111.659 E1.46512
G1 X147.099 Y111.02 E1.49705
G1 X147.069 Y110.378 E1.52911
G1 X146.971 Y109.749 E1.56087
G1 X146.808 Y109.133 E1.59266
G1 X146.58 Y108.535 E1.62459
G1 X146.292 Y107.967 E1.65636
G1 X145.946 Y107.429 E1.68827
G1 X145.546 Y106.933 E1.72006
G1 X145.094 Y106.478 E1.75206
G1 X144.6 Y106.076 E1.78384
G1 X144.065 Y105.728 E1.81568
G1 X143.499 Y105.436 E1.84745
G1 X142.902 Y105.205 E1.87939
G1 X142.287 Y105.037 E1.9112
G0 F3600 X142.202 Y105.429
;TYPE:WALL-OUTER
G1 F1500 X141.612 Y105.334 E1.94101
G1 X141.018 Y105.302 E1.97069
G1 X140.422 Y105.329 E2.00045
G1 X139.832 Y105.421 E2.03024
G1 X139.256 Y105.573 E2.05996
G1 X138.697 Y105.786 E2.08981
G1 X138.166 Y106.055 E2.11951
G1 X137.663 Y106.379 E2.14936
G1 X137.2 Y106.752 E2.17902
G1 X136.776 Y107.175 E2.2089
G1 X136.4 Y107.635 E2.23854
G1 X136.074 Y108.136 E2.26836
G1 X135.801 Y108.665 E2.29806
G1 X135.586 Y109.223 E2.32789
G1 X135.429 Y109.798 E2.35763
G1 X135.335 Y110.384 E2.38724
G1 X135.302 Y110.982 E2.41712
G1 X135.33 Y111.582 E2.44709
G1 X135.421 Y112.169 E2.47672
G1 X135.573 Y112.744 E2.50639
G1 X135.786 Y113.303 E2.53624
G1 X136.055 Y113.834 E2.56593
G1 X136.379 Y114.337 E2.59578
G1 X136.752 Y114.8 E2.62545
G1 X137.175 Y115.224 E2.65533
G1 X137.635 Y115.6 E2.68497
G1 X138.136 Y115.926 E2.71479
G1 X138.665 Y116.199 E2.74449
G1 X139.223 Y116.414 E2.77432
G1 X139.798 Y116.571 E2.80406
G1 X140.387 Y116.666 E2.83382
G1 X140.982 Y116.698 E2.86355
G1 X141.578 Y116.671 E2.89332
G1 X142.168 Y116.579 E2.92311
G1 X142.744 Y116.427 E2.95283
G1 X143.303 Y116.214 E2.98267
G1 X143.834 Y115.945 E3.01237
G1 X144.336 Y115.621 E3.04218
G1 X144.8 Y115.248 E3.07188
G1 X145.224 Y114.825 E3.10176
G1 X145.6 Y114.365 E3.1314
G1 X145.926 Y113.864 E3.16122
G1 X146.199 Y113.335 E3.19092
G1 X146.414 Y112.777 E3.22075
G1 X146.571 Y112.202 E3.25049
G1 X146.665 Y111.616 E3.2801
G1 X146.698 Y111.018 E3.30998
G1 X146.67 Y110.418 E3.33995
G1 X146.579 Y109.831 E3.36958
G1 X146.427 Y109.256 E3.39925
G1 X146.214 Y108.697 E3.4291
G1 X145.945 Y108.166 E3.4588
G1 X145.621 Y107.663 E3.48865
G1 X145.248 Y107.2 E3.51831
G1 X144.825 Y106.775 E3.54822
G1 X144.364 Y106.4 E3.57787
G1 X143.864 Y106.074 E3.60765
G1 X143.335 Y105.801 E3.63735
G1 X142.777 Y105.586 E3.66718
G1 X142.202 Y105.429 E3.69692
G0 F3600 X142.005 Y105.398
G0 X142.076 Y104.964
G0 X142.212 Y104.208
;TYPE:WALL-INNER
G1 F1500 X142.818 Y104.344 E3.72791
G1 X143.409 Y104.534 E3.75888
G1 X143.977 Y104.776 E3.78968
G1 X144.52 Y105.065 E3.82037
G1 X145.039 Y105.407 E3.85138
G1 X145.521 Y105.789 E3.88206
G1 X145.983 Y106.229 E3.91389
G1 X146.373 Y106.673 E3.94337
G1 X146.749 Y107.187 E3.97515
G1 X147.069 Y107.718 E4.00608
G1 X147.334 Y108.269 E4.03658
G1 X147.553 Y108.847 E4.06742
G1 X147.72 Y109.452 E4.09873
G1 X147.834 Y110.063 E4.12974
G1 X147.889 Y110.666 E4.15995
G1 X147.892 Y111.292 E4.19118
G1 X147.84 Y111.899 E4.22157
G1 X147.727 Y112.525 E4.25331
G1 X147.568 Y113.115 E4.2838
G1 X147.352 Y113.691 E4.31449
G1 X147.084 Y114.253 E4.34555
G1 X146.762 Y114.793 E4.37692
G1 X146.406 Y115.286 E4.40725
G1 X146.001 Y115.753 E4.43809
G1 X145.559 Y116.176 E4.46862
G1 X145.07 Y116.57 E4.49995
G1 X144.554 Y116.911 E4.5308
G1 X144.01 Y117.206 E4.56168
G1 X143.43 Y117.455 E4.59317
G1 X142.86 Y117.642 E4.6231
G1 X142.242 Y117.785 E4.65474
G1 X141.652 Y117.867 E4.68446
G1 X140.991 Y117.898 E4.71747
G1 X82.637 Y117.9 E7.62877
G1 X81.027 Y117.9 E7.70909
G1 X80.407 Y117.873 E7.74005
G1 X79.789 Y117.791 E7.77115
G1 X79.199 Y117.659 E7.80132
G1 X78.61 Y117.471 E7.83216
G1 X78.04 Y117.231 E7.86302
G1 X77.485 Y116.935 E7.8944
G1 X76.977 Y116.603 E7.92468
G1 X76.489 Y116.218 E7.95569
G1 X76.026 Y115.78 E7.98748
G1 X75.629 Y115.329 E8.01746
G1 X75.258 Y114.823 E8.04876
G1 X74.943 Y114.302 E8.07914
G1 X74.672 Y113.743 E8.11013
G1 X74.452 Y113.164 E8.14103
G1 X74.281 Y112.558 E8.17245
G1 X74.168 Y111.948 E8.2034
G1 X74.112 Y111.345 E8.23361
G1 X74.108 Y110.717 E8.26494
G1 X74.159 Y110.112 E8.29523
G1 X74.269 Y109.489 E8.3268
G1 X74.429 Y108.898 E8.35734
G1 X74.643 Y108.322 E8.388
G1 X74.912 Y107.755 E8.41931
G1 X75.226 Y107.224 E8.45008
G1 X75.585 Y106.726 E8.48071
G1 X75.986 Y106.262 E8.51131
G1 X76.439 Y105.826 E8.54268
G1 X76.924 Y105.436 E8.57373
G1 X77.433 Y105.096 E8.60426
G1 X77.981 Y104.797 E8.63541
G1 X78.541 Y104.556 E8.66582
G1 X79.132 Y104.361 E8.69687
G1 X79.742 Y104.219 E8.72812
G1 X80.337 Y104.135 E8.7581
G1 X80.995 Y104.103 E8.79097
G1 X137.999 Y104.1 E11.63491
G1 X140.973 Y104.1 E11.78328
G1 X141.618 Y104.129 E11.81549
G1 X142.212 Y104.208 E11.84539
G0 F3600 X142.286 Y103.815
;TYPE:WALL-OUTER
G1 F1500 X142.926 Y103.959 E11.87812
G1 X143.545 Y104.158 E11.91055
G1 X144.152 Y104.416 E11.94346
G1 X144.724 Y104.721 E11.9758
G1 X145.274 Y105.083 E12.00865
G1 X145.787 Y105.49 E12.04132
G1 X146.266 Y105.946 E12.07431
G1 X146.688 Y106.426 E12.1062
G1 X147.086 Y106.971 E12.13987
G1 X147.417 Y107.52 E12.17185
G1 X147.703 Y108.113 E12.2047
G1 X147.935 Y108.725 E12.23735
G1 X148.109 Y109.356 E12.27001
G1 X148.231 Y110.011 E12.30325
G1 X148.289 Y110.651 E12.33531
G1 X148.292 Y111.313 E12.36834
G1 X148.238 Y111.951 E12.40028
G1 X148.119 Y112.61 E12.43369
G1 X147.948 Y113.24 E12.46626
G1 X147.722 Y113.843 E12.49838
G1 X147.434 Y114.447 E12.53177
G1 X147.102 Y115.005 E12.56416
G1 X146.719 Y115.536 E12.59683
G1 X146.287 Y116.033 E12.62968
G1 X145.823 Y116.478 E12.66175
G1 X145.306 Y116.894 E12.69486
G1 X144.76 Y117.255 E12.72751
G1 X144.185 Y117.567 E12.76015
G1 X143.579 Y117.827 E12.79305
G1 X142.962 Y118.029 E12.82544
G1 X142.32 Y118.178 E12.85832
G1 X141.682 Y118.266 E12.89045
G1 X141.01 Y118.298 E12.92402
G1 X82.637 Y118.3 E15.83626
G1 X81.009 Y118.3 E15.91748
G1 X80.37 Y118.272 E15.94939
G1 X79.73 Y118.187 E15.9816
G1 X79.089 Y118.044 E16.01437
G1 X78.469 Y117.846 E16.04684
G1 X77.871 Y117.594 E16.07921
G1 X77.278 Y117.278 E16.11274
G1 X76.744 Y116.929 E16.14456
G1 X76.225 Y116.519 E16.17756
G1 X75.744 Y116.064 E16.21059
G1 X75.314 Y115.576 E16.24304
G1 X74.927 Y115.048 E16.2757
G1 X74.591 Y114.492 E16.30811
G1 X74.304 Y113.9 E16.34094
G1 X74.072 Y113.291 E16.37345
G1 X73.892 Y112.65 E16.40667
G1 X73.772 Y112.003 E16.43949
G1 X73.712 Y111.362 E16.47161
G1 X73.708 Y110.698 E16.50474
G1 X73.761 Y110.063 E16.53653
G1 X73.877 Y109.406 E16.56982
G1 X74.048 Y108.774 E16.60248
G1 X74.272 Y108.171 E16.63457
G1 X74.561 Y107.562 E16.6682
G1 X74.89 Y107.007 E16.70039
G1 X75.273 Y106.476 E16.73306
G1 X75.698 Y105.984 E16.76549
G1 X76.175 Y105.524 E16.79855
G1 X76.685 Y105.114 E16.8312
G1 X77.22 Y104.757 E16.86329
G1 X77.806 Y104.438 E16.89657
G1 X78.404 Y104.18 E16.92907
G1 X79.028 Y103.974 E16.96185
G1 X79.663 Y103.826 E16.99438
G1 X80.305 Y103.736 E17.02672
G1 X80.975 Y103.703 E17.06019
G1 X137.999 Y103.7 E19.90513
G1 X140.991 Y103.7 E20.0544
G1 X141.644 Y103.729 E20.08701
G1 X142.286 Y103.815 E20.11933
G0 F3600 X142.481 Y103.858
G0 X142.384 Y104.287
G0 X142.369 Y104.655
;TYPE:SKIN
G1 F1500 X141.696 Y104.548 E20.15332
G1 X141.022 Y104.512 E20.187
G1 X140.343 Y104.542 E20.22091
G1 X139.67 Y104.647 E20.25489
G1 X139.014 Y104.82 E20.28874
G1 X138.377 Y105.063 E20.32275
G1 X137.772 Y105.369 E20.35658
G1 X137.201 Y105.738 E20.39049
G1 X136.672 Y106.163 E20.42435
G1 X136.19 Y106.644 E20.45832
G1 X135.761 Y107.169 E20.49214
G1 X135.391 Y107.738 E20.52601
G1 X135.079 Y108.341 E20.55988
G1 X134.834 Y108.976 E20.59384
G1 X134.655 Y109.631 E20.62771
G1 X134.549 Y110.3 E20.6615
G1 X134.511 Y110.978 E20.69538
G1 X134.543 Y111.661 E20.7295
G1 X134.647 Y112.331 E20.76332
G1 X134.82 Y112.986 E20.79712
G1 X135.063 Y113.623 E20.83113
G1 X135.369 Y114.228 E20.86496
G1 X135.738 Y114.799 E20.89888
G1 X136.163 Y115.328 E20.93273
G1 X136.644 Y115.81 E20.9667
G1 X137.169 Y116.239 E21.00053
G1 X137.738 Y116.609 E21.03439
G1 X138.341 Y116.921 E21.06826
G1 X138.977 Y117.166 E21.10227
G1 X139.631 Y117.344 E21.13608
G1 X140.303 Y117.452 E21.17004
G1 X140.978 Y117.488 E21.20376
G1 X141.657 Y117.458 E21.23767
G1 X142.33 Y117.353 E21.27165
G1 X142.986 Y117.18 E21.3055
G1 X143.623 Y116.937 E21.33951
G1 X144.228 Y116.631 E21.37334
G1 X144.798 Y116.262 E21.40721
G1 X145.328 Y115.837 E21.44111
G1 X145.81 Y115.356 E21.47508
G1 X146.239 Y114.831 E21.5089
G1 X146.609 Y114.262 E21.54277
G1 X146.921 Y113.659 E21.57664
G1 X147.166 Y113.024 E21.61059
G1 X147.345 Y112.369 E21.64447
G1 X147.451 Y111.7 E21.67826
G1 X147.489 Y111.022 E21.71214
G1 X147.457 Y110.339 E21.74625
G1 X147.353 Y109.669 E21.78008
G1 X147.18 Y109.014 E21.81388
G1 X146.937 Y108.377 E21.84789
G1 X146.631 Y107.772 E21.88172
G1 X146.262 Y107.201 E21.91564
G1 X145.837 Y106.672 E21.94949
G1 X145.356 Y106.189 E21.9835
G1 X144.83 Y105.76 E22.01736
G1 X144.262 Y105.391 E22.05116
G1 X143.659 Y105.079 E22.08503
G1 X143.024 Y104.834 E22.11898
G1 X142.369 Y104.655 E22.15286
G0 F3600 X142.141 Y104.591
G1 F1500 X142.715 Y104.72 E22.18221
G1 X143.27 Y104.899 E22.2113
G1 X143.8 Y105.124 E22.24003
G1 X144.321 Y105.401 E22.26947
G1 X144.816 Y105.728 E22.29907
G1 X145.271 Y106.088 E22.32801
G1 X145.698 Y106.497 E22.35751
G1 X146.075 Y106.925 E22.38597
G1 X146.42 Y107.396 E22.41509
G1 X146.729 Y107.908 E22.44493
G1 X146.972 Y108.414 E22.47293
G1 X147.182 Y108.969 E22.50254
G1 X147.336 Y109.524 E22.53127
G1 X147.45 Y110.135 E22.56228
G1 X147.499 Y110.674 E22.58929
G1 X147.502 Y111.288 E22.61992
G1 X147.456 Y111.829 E22.64701
G1 X147.344 Y112.45 E22.67849
G1 X147.199 Y112.989 E22.70634
G1 X146.994 Y113.536 E22.73548
G1 X146.738 Y114.072 E22.76511
G1 X146.436 Y114.578 E22.79451
G1 X146.102 Y115.041 E22.82299
G1 X145.712 Y115.492 E22.85274
G1 X145.312 Y115.875 E22.88037
G1 X144.848 Y116.249 E22.9101
G1 X144.349 Y116.578 E22.93992
G1 X143.844 Y116.853 E22.96861
G1 X143.288 Y117.091 E22.99878
G1 X142.753 Y117.266 E23.02687
G1 X142.168 Y117.401 E23.05682
G1 X141.623 Y117.477 E23.08427
G1 X140.973 Y117.508 E23.11674
G1 X82.637 Y117.51 E26.02713
G1 X81.044 Y117.51 E26.10661
G1 X80.43 Y117.483 E26.13727
G1 X79.857 Y117.407 E26.16611
G1 X79.314 Y117.285 E26.19387
G1 X78.736 Y117.101 E26.22414
G1 X78.206 Y116.878 E26.25282
G1 X77.682 Y116.599 E26.28244
G1 X77.212 Y116.291 E26.31047
G1 X76.739 Y115.918 E26.34053
G1 X76.306 Y115.509 E26.37024
G1 X75.926 Y115.076 E26.39898
G1 X75.586 Y114.612 E26.42768
G1 X75.287 Y114.117 E26.45653
G1 X75.031 Y113.591 E26.48572
G1 X74.817 Y113.026 E26.51586
G1 X74.664 Y112.481 E26.5441
G1 X74.552 Y111.877 E26.57475
G1 X74.502 Y111.33 E26.60215
G1 X74.498 Y110.716 E26.63279
G1 X74.544 Y110.174 E26.65993
G1 X74.651 Y109.569 E26.69058
G1 X74.801 Y109.014 E26.71926
G1 X74.996 Y108.489 E26.7472
G1 X75.257 Y107.938 E26.77762
G1 X75.558 Y107.429 E26.80712
G1 X75.889 Y106.971 E26.83531
G1 X76.266 Y106.535 E26.86407
G1 X76.702 Y106.115 E26.89427
G1 X77.153 Y105.752 E26.92315
G1 X77.628 Y105.434 E26.95167
G1 X78.152 Y105.148 E26.98146
G1 X78.688 Y104.918 E27.01056
G1 X79.233 Y104.738 E27.03919
G1 X79.815 Y104.603 E27.069
G1 X80.368 Y104.525 E27.09686
G1 X81.014 Y104.493 E27.12913
G1 X137.999 Y104.49 E29.97212
G1 X140.955 Y104.49 E30.1196
G1 X141.596 Y104.519 E30.15161
G1 X142.141 Y104.591 E30.17904
G0 F3600 X138.69 Y104.749
G1 F1500 X138.61 Y104.669 E30.18468
G0 F3600 X138.283 Y104.907
G1 F1500 X138.045 Y104.67 E30.20144
G0 F3600 X137.907 Y105.097
G1 F1500 X137.48 Y104.67 E30.23156
G0 F3600 X136.914 Y104.67
G1 F1500 X137.544 Y105.3 E30.27601
G0 F3600 X137.202 Y105.523
G1 F1500 X136.349 Y104.67 E30.3362
G0 F3600 X135.783 Y104.67
G1 F1500 X136.878 Y105.766 E30.41349
G0 F3600 X136.564 Y106.017
G1 F1500 X135.217 Y104.67 E30.50853
G0 F3600 X134.652 Y104.67
G1 F1500 X136.279 Y106.298 E30.62336
G0 F3600 X136.003 Y106.587
G1 F1500 X134.086 Y104.67 E30.75861
G0 F3600 X133.52 Y104.67
G1 F1500 X135.748 Y106.898 E30.91581
G0 F3600 X135.509 Y107.225
G1 F1500 X132.955 Y104.67 E31.09604
G0 F3600 X132.389 Y104.67
G1 F1500 X135.287 Y107.568 E31.30051
G0 F3600 X135.087 Y107.934
G1 F1500 X131.823 Y104.67 E31.53081
G0 F3600 X131.258 Y104.67
G1 F1500 X134.897 Y108.31 E31.78759
G0 F3600 X134.74 Y108.719
G1 F1500 X130.692 Y104.67 E32.07324
G0 F3600 X130.126 Y104.67
G1 F1500 X134.601 Y109.145 E32.38897
G0 F3600 X134.479 Y109.589
G1 F1500 X129.561 Y104.67 E32.736
G0 F3600 X128.995 Y104.67
G1 F1500 X134.401 Y110.077 E33.11746
G0 F3600 X134.352 Y110.593
G1 F1500 X128.429 Y104.67 E33.53536
G0 F3600 X127.863 Y104.67
G1 F1500 X134.338 Y111.145 E33.9922
G0 F3600 X134.374 Y111.746
G1 F1500 X127.298 Y104.67 E34.49145
G0 F3600 X126.732 Y104.67
G1 F1500 X134.485 Y112.423 E35.03847
G1 X134.555 Y112.493
G0 F3600 X134.716 Y113.22
G1 F1500 X126.166 Y104.67 E35.64172
G0 F3600 X125.601 Y104.67
G1 F1500 X135.174 Y114.243 E36.31714
G1 X135.244 Y114.313
G0 F3600 X135.43 Y117.328
G1 F1500 X122.772 Y104.67 E37.21023
G0 F3600 X122.207 Y104.67
G1 F1500 X134.864 Y117.328 E38.10329
G0 F3600 X134.298 Y117.328
G1 F1500 X121.641 Y104.67 E38.99634
G0 F3600 X121.075 Y104.67
G1 F1500 X133.732 Y117.328 E39.8894
G0 F3600 X133.167 Y117.328
G1 F1500 X120.51 Y104.67 E40.78245
G0 F3600 X119.944 Y104.67
G1 F1500 X132.601 Y117.328 E41.67551
G0 F3600 X132.035 Y117.328
G1 F1500 X119.378 Y104.67 E42.56856
G0 F3600 X118.813 Y104.671
G1 F1500 X131.47 Y117.328 E43.46158
G0 F3600 X130.904 Y117.328
G1 F1500 X118.248 Y104.671 E44.35457
G0 F3600 X117.682 Y104.671
G1 F1500 X130.338 Y117.328 E45.24755
G0 F3600 X129.773 Y117.328
G1 F1500 X117.116 Y104.671 E46.14057
G0 F3600 X116.55 Y104.671
G1 F1500 X129.207 Y117.328 E47.03359
G0 F3600 X128.641 Y117.328
G1 F1500 X115.985 Y104.671 E47.92658
G0 F3600 X115.419 Y104.671
G1 F1500 X128.076 Y117.328 E48.8196
G0 F3600 X127.51 Y117.328
G1 F1500 X114.853 Y104.671 E49.71262
G0 F3600 X114.288 Y104.671
G1 F1500 X126.944 Y117.328 E50.6056
G0 F3600 X126.379 Y117.328
G1 F1500 X113.722 Y104.671 E51.49862
G0 F3600 X113.156 Y104.671
G1 F1500 X125.813 Y117.328 E52.39164
G0 F3600 X125.247 Y117.328
G1 F1500 X112.591 Y104.671 E53.28462
G0 F3600 X112.025 Y104.671
G1 F1500 X124.682 Y117.328 E54.17764
G0 F3600 X124.116 Y117.328
G1 F1500 X111.459 Y104.671 E55.07066
G0 F3600 X110.894 Y104.671
G1 F1500 X123.55 Y117.328 E55.96365
G0 F3600 X122.984 Y117.328
G1 F1500 X110.328 Y104.671 E56.85663
G0 F3600 X109.762 Y104.671
G1 F1500 X122.419 Y117.328 E57.74965
G0 F3600 X121.853 Y117.328
G1 F1500 X109.197 Y104.671 E58.64264
G0 F3600 X108.631 Y104.671
G1 F1500 X121.287 Y117.328 E59.53562
G0 F3600 X120.722 Y117.328
G1 F1500 X108.065 Y104.671 E60.42864
G0 F3600 X107.5 Y104.671
G1 F1500 X120.156 Y117.328 E61.32162
G0 F3600 X119.59 Y117.328
G1 F1500 X106.934 Y104.671 E62.21461
G0 F3600 X106.368 Y104.671
G1 F1500 X119.025 Y117.328 E63.10763
G0 F3600 X118.459 Y117.328
G1 F1500 X105.802 Y104.671 E64.00065
G0 F3600 X105.237 Y104.671
G1 F1500 X117.893 Y117.328 E64.89363
G0 F3600 X117.328 Y117.328
G1 F1500 X104.671 Y104.671 E65.78665
G0 F3600 X104.105 Y104.671
G1 F1500 X116.762 Y117.328 E66.67967
G0 F3600 X116.196 Y117.328
G1 F1500 X103.54 Y104.671 E67.57266
G0 F3600 X102.974 Y104.671
G1 F1500 X115.631 Y117.328 E68.46568
G0 F3600 X115.065 Y117.328
G1 F1500 X102.408 Y104.671 E69.3587
G0 F3600 X101.843 Y104.671
G1 F1500 X114.499 Y117.328 E70.25168
G0 F3600 X113.933 Y117.328
G1 F1500 X101.277 Y104.671 E71.14467
G0 F3600 X100.711 Y104.671
G1 F1500 X113.368 Y117.328 E72.03769
G0 F3600 X112.802 Y117.328
G1 F1500 X100.146 Y104.671 E72.93067
G0 F3600 X99.581 Y104.672
G1 F1500 X112.236 Y117.328 E73.82358
G0 F3600 X111.671 Y117.328
G1 F1500 X99.015 Y104.672 E74.71653
G0 F3600 X98.449 Y104.672
G1 F1500 X111.105 Y117.328 E75.60948
G0 F3600 X110.54 Y117.328
G1 F1500 X97.884 Y104.672 E76.50243
G0 F3600 X97.318 Y104.672
G1 F1500 X109.974 Y117.328 E77.39538
G0 F3600 X109.409 Y117.328
G1 F1500 X96.752 Y104.672 E78.28836
G0 F3600 X96.187 Y104.672
G1 F1500 X108.843 Y117.328 E79.18131
G0 F3600 X108.277 Y117.328
G1 F1500 X95.621 Y104.672 E80.07426
G0 F3600 X95.055 Y104.672
G1 F1500 X107.712 Y117.328 E80.96725
G0 F3600 X107.146 Y117.328
G1 F1500 X94.489 Y104.672 E81.86023
G0 F3600 X93.924 Y104.672
G1 F1500 X106.58 Y117.328 E82.75318
G0 F3600 X106.015 Y117.328
G1 F1500 X93.358 Y104.672 E83.64617
G0 F3600 X92.792 Y104.672
G1 F1500 X105.449 Y117.328 E84.53915
G0 F3600 X104.883 Y117.328
G1 F1500 X92.227 Y104.672 E85.4321
G0 F3600 X91.661 Y104.672
G1 F1500 X104.318 Y117.328 E86.32508
G0 F3600 X103.752 Y117.328
G1 F1500 X91.095 Y104.672 E87.21807
G0 F3600 X90.53 Y104.672
G1 F1500 X103.186 Y117.328 E88.11102
G0 F3600 X102.62 Y117.328
G1 F1500 X89.964 Y104.672 E89.00397
G0 F3600 X89.398 Y104.672
G1 F1500 X102.055 Y117.328 E89.89695
G0 F3600 X101.489 Y117.328
G1 F1500 X88.833 Y104.672 E90.7899
G0 F3600 X88.267 Y104.672
G1 F1500 X100.923 Y117.328 E91.68285
G0 F3600 X100.358 Y117.328
G1 F1500 X87.701 Y104.672 E92.57583
G0 F3600 X87.136 Y104.672
G1 F1500 X99.792 Y117.328 E93.46878
G0 F3600 X99.226 Y117.328
G1 F1500 X86.57 Y104.672 E94.36173
G0 F3600 X86.004 Y104.672
G1 F1500 X98.661 Y117.328 E95.25472
G0 F3600 X98.095 Y117.328
G1 F1500 X85.439 Y104.672 E96.14767
G0 F3600 X84.873 Y104.672
G1 F1500 X97.529 Y117.328 E97.04061
G0 F3600 X96.964 Y117.328
G1 F1500 X84.307 Y104.672 E97.9336
G0 F3600 X83.741 Y104.672
G1 F1500 X96.398 Y117.328 E98.82658
G0 F3600 X95.832 Y117.328
G1 F1500 X83.176 Y104.672 E99.71953
G0 F3600 X82.61 Y104.672
G1 F1500 X95.267 Y117.328 E100.61252
G0 F3600 X94.701 Y117.328
G1 F1500 X82.044 Y104.672 E101.5055
G0 F3600 X81.479 Y104.672
G1 F1500 X94.135 Y117.328 E102.39845
G0 F3600 X93.57 Y117.328
G1 F1500 X80.919 Y104.677 E103.29105
G0 F3600 X80.38 Y104.704
G1 F1500 X93.004 Y117.328 E104.18174
G0 F3600 X92.438 Y117.328
G1 F1500 X79.884 Y104.774 E105.06749
G0 F3600 X79.422 Y104.878
G1 F1500 X91.872 Y117.328 E105.94591
G0 F3600 X91.307 Y117.328
G1 F1500 X78.987 Y105.008 E106.81515
G0 F3600 X78.574 Y105.161
G1 F1500 X90.741 Y117.328 E107.6736
G0 F3600 X90.175 Y117.328
G1 F1500 X78.182 Y105.335 E108.51977
G0 F3600 X77.817 Y105.536
G1 F1500 X89.61 Y117.328 E109.35179
G0 F3600 X89.044 Y117.328
G1 F1500 X77.471 Y105.755 E110.16833
G0 F3600 X77.141 Y105.991
G1 F1500 X88.478 Y117.328 E110.96822
G0 F3600 X87.913 Y117.328
G1 F1500 X76.827 Y106.243 E111.75036
G0 F3600 X76.54 Y106.521
G1 F1500 X87.347 Y117.328 E112.51285
G0 F3600 X86.781 Y117.328
G1 F1500 X76.264 Y106.811 E113.25488
G0 F3600 X76.004 Y107.116
G1 F1500 X86.216 Y117.328 E113.97539
G0 F3600 X85.65 Y117.328
G1 F1500 X75.766 Y107.444 E114.67276
G0 F3600 X75.549 Y107.793
G1 F1500 X85.084 Y117.328 E115.34551
G0 F3600 X84.519 Y117.328
G1 F1500 X75.35 Y108.16 E115.99239
G0 F3600 X75.168 Y108.543
G1 F1500 X83.953 Y117.328 E116.61222
G0 F3600 X83.387 Y117.328
G1 F1500 X75.013 Y108.954 E117.20305
G0 F3600 X74.884 Y109.39
G1 F1500 X82.822 Y117.328 E117.76312
G0 F3600 X82.256 Y117.328
G1 F1500 X74.782 Y109.854 E118.29045
G0 F3600 X74.708 Y110.346
G1 F1500 X81.69 Y117.328 E118.78307
G0 F3600 X81.124 Y117.328
G1 F1500 X74.678 Y110.882 E119.23787
G0 F3600 X74.694 Y111.464
G1 F1500 X80.536 Y117.306 E119.65006
G0 F3600 X79.895 Y117.231
G1 F1500 X74.779 Y112.114 E120.01105
G0 F3600 X74.957 Y112.858
G1 F1500 X79.137 Y117.038 E120.30598
G1 X79.207 Y117.108
G0 F3600 X78.206 Y116.673
G1 F1500 X75.333 Y113.8 E120.50868
G1 X75.263 Y113.73
G0 F3600 X123.338 Y104.67
G1 F1500 X135.995 Y117.328 E121.40174
G0 F3600 X136.561 Y117.328
G1 F1500 X123.904 Y104.67 E122.29479
G0 F3600 X124.469 Y104.67
G1 F1500 X137.127 Y117.328 E123.18788
G0 F3600 X137.692 Y117.328
G1 F1500 X125.035 Y104.67 E124.08094
G1 X124.965 Y104.6
G0 F3600 X137.747 Y116.817
G1 F1500 X138.258 Y117.328 E124.11699
;MESH:NONMESH
G0 F600 X138.258 Y117.328 Z0.5
G0 F3600 X136.022 Y114.594
G0 X135.384 Y113.481
G0 X134.99 Y112.259
G0 X134.861 Y110.98
G0 X134.998 Y109.705
G0 X135.4 Y108.485
G0 X136.045 Y107.376
G0 X136.907 Y106.425
G0 X137.948 Y105.674
G0 X139.121 Y105.154
G0 X140.379 Y104.891
G0 X142.341 Y104.949
G0 X142.314 Y105.045
;TIME_ELAPSED:108.442879
;LAYER:1
M140 S60
M106 S255
;TYPE:WALL-INNER
;MESH:??????????????????6.stl
G1 F2250 X141.684 Y104.941 E124.13823
G1 X141.049 Y104.902 E124.15939
G1 X140.411 Y104.929 E124.18063
G1 X139.778 Y105.024 E124.20192
G1 X139.16 Y105.184 E124.22315
G1 X138.562 Y105.409 E124.2444
G1 X137.992 Y105.695 E124.26561
G1 X137.453 Y106.038 E124.28686
G1 X136.955 Y106.435 E124.30804
G1 X136.499 Y106.885 E124.32935
G1 X136.095 Y107.376 E124.3505
G1 X135.743 Y107.911 E124.3718
G1 X135.449 Y108.475 E124.39295
G1 X135.215 Y109.071 E124.41425
G1 X135.045 Y109.686 E124.43547
G1 X134.941 Y110.311 E124.45654
G1 X134.902 Y110.952 E124.4779
G1 X134.93 Y111.593 E124.49924
G1 X135.025 Y112.222 E124.5204
G1 X135.184 Y112.839 E124.54159
G1 X135.409 Y113.438 E124.56288
G1 X135.695 Y114.008 E124.58409
G1 X136.038 Y114.547 E124.60534
G1 X136.435 Y115.045 E124.62652
G1 X136.885 Y115.501 E124.64783
G1 X137.376 Y115.905 E124.66898
G1 X137.911 Y116.257 E124.69028
G1 X138.475 Y116.551 E124.71143
G1 X139.071 Y116.785 E124.73273
G1 X139.686 Y116.955 E124.75395
G1 X140.316 Y117.059 E124.77519
G1 X140.951 Y117.098 E124.79635
G1 X141.589 Y117.071 E124.81758
G1 X142.222 Y116.976 E124.83887
G1 X142.84 Y116.816 E124.86011
G1 X143.438 Y116.591 E124.88136
G1 X144.008 Y116.305 E124.90257
G1 X144.546 Y115.962 E124.92379
G1 X145.045 Y115.565 E124.945
G1 X145.501 Y115.115 E124.96631
G1 X145.905 Y114.624 E124.98745
G1 X146.257 Y114.089 E125.00875
G1 X146.551 Y113.525 E125.02991
G1 X146.785 Y112.929 E125.05121
G1 X146.955 Y112.314 E125.07243
G1 X147.059 Y111.689 E125.0935
G1 X147.098 Y111.048 E125.11486
G1 X147.07 Y110.407 E125.1362
G1 X146.975 Y109.778 E125.15736
G1 X146.816 Y109.161 E125.17855
G1 X146.591 Y108.562 E125.19983
G1 X146.305 Y107.992 E125.22104
G1 X145.962 Y107.453 E125.24229
G1 X145.565 Y106.955 E125.26347
G1 X145.115 Y106.499 E125.28478
G1 X144.624 Y106.095 E125.30593
G1 X144.089 Y105.743 E125.32723
G1 X143.525 Y105.449 E125.34839
G1 X142.929 Y105.215 E125.36968
G1 X142.314 Y105.045 E125.3909
G0 F5400 X142.228 Y105.436
;TYPE:WALL-OUTER
G1 F2250 X141.639 Y105.339 E125.41076
G1 X141.045 Y105.303 E125.43055
G1 X140.449 Y105.328 E125.45039
G1 X139.858 Y105.416 E125.47026
G1 X139.281 Y105.566 E125.49009
G1 X138.722 Y105.776 E125.50995
G1 X138.19 Y106.043 E125.52975
G1 X137.686 Y106.364 E125.54963
G1 X137.221 Y106.735 E125.56941
G1 X136.795 Y107.155 E125.58931
G1 X136.417 Y107.614 E125.60909
G1 X136.088 Y108.114 E125.62899
G1 X135.814 Y108.641 E125.64875
G1 X135.595 Y109.198 E125.66866
G1 X135.436 Y109.772 E125.68847
G1 X135.339 Y110.356 E125.70816
G1 X135.303 Y110.955 E125.72811
G1 X135.329 Y111.555 E125.74809
G1 X135.417 Y112.142 E125.76783
G1 X135.566 Y112.718 E125.78762
G1 X135.776 Y113.278 E125.80751
G1 X136.043 Y113.81 E125.82731
G1 X136.364 Y114.314 E125.84718
G1 X136.735 Y114.779 E125.86697
G1 X137.155 Y115.205 E125.88687
G1 X137.614 Y115.583 E125.90664
G1 X138.114 Y115.912 E125.92655
G1 X138.641 Y116.186 E125.94631
G1 X139.198 Y116.405 E125.96621
G1 X139.772 Y116.564 E125.98602
G1 X140.361 Y116.661 E126.00588
G1 X140.955 Y116.697 E126.02567
G1 X141.551 Y116.672 E126.04551
G1 X142.142 Y116.584 E126.06538
G1 X142.719 Y116.434 E126.08521
G1 X143.278 Y116.224 E126.10507
G1 X143.81 Y115.957 E126.12487
G1 X144.313 Y115.636 E126.14472
G1 X144.779 Y115.265 E126.16453
G1 X145.205 Y114.845 E126.18443
G1 X145.583 Y114.386 E126.2042
G1 X145.912 Y113.886 E126.22411
G1 X146.186 Y113.359 E126.24387
G1 X146.405 Y112.802 E126.26377
G1 X146.564 Y112.228 E126.28358
G1 X146.661 Y111.644 E126.30327
G1 X146.697 Y111.045 E126.32323
G1 X146.671 Y110.445 E126.34321
G1 X146.583 Y109.858 E126.36295
G1 X146.434 Y109.282 E126.38274
G1 X146.224 Y108.722 E126.40263
G1 X145.957 Y108.19 E126.42243
G1 X145.636 Y107.686 E126.4423
G1 X145.265 Y107.221 E126.46209
G1 X144.845 Y106.795 E126.48198
G1 X144.386 Y106.417 E126.50176
G1 X143.886 Y106.088 E126.52167
G1 X143.359 Y105.814 E126.54142
G1 X142.802 Y105.595 E126.56133
G1 X142.228 Y105.436 E126.58114
G0 F5400 X142.031 Y105.404
G0 X142.103 Y104.97
G0 X142.186 Y104.205
;TYPE:WALL-INNER
G1 F2250 X142.783 Y104.337 E126.60148
G1 X143.384 Y104.529 E126.62246
G1 X143.949 Y104.764 E126.64281
G1 X144.502 Y105.058 E126.66364
G1 X145.02 Y105.394 E126.68418
G1 X145.5 Y105.773 E126.70452
G1 X145.948 Y106.194 E126.72497
G1 X146.368 Y106.669 E126.74606
G1 X146.732 Y107.163 E126.76647
G1 X147.052 Y107.691 E126.787
G1 X147.323 Y108.247 E126.80757
G1 X147.542 Y108.817 E126.82788
G1 X147.713 Y109.422 E126.84879
G1 X147.829 Y110.038 E126.86964
G1 X147.887 Y110.642 E126.88982
G1 X147.892 Y111.269 E126.91068
G1 X147.841 Y111.881 E126.9311
G1 X147.734 Y112.496 E126.95187
G1 X147.579 Y113.075 E126.9718
G1 X147.361 Y113.666 E126.99275
G1 X147.092 Y114.234 E127.01366
G1 X146.785 Y114.756 E127.0338
G1 X146.416 Y115.271 E127.05487
G1 X146.023 Y115.727 E127.07489
G1 X145.574 Y116.16 E127.09564
G1 X145.08 Y116.56 E127.11678
G1 X144.578 Y116.897 E127.13689
G1 X144.033 Y117.195 E127.15755
G1 X143.469 Y117.439 E127.17799
G1 X142.878 Y117.637 E127.19872
G1 X142.28 Y117.777 E127.21915
G1 X141.667 Y117.863 E127.23974
G1 X141.037 Y117.897 E127.26072
G1 X85.365 Y117.9 E129.11238
G1 X81.027 Y117.9 E129.25666
G1 X80.451 Y117.874 E129.27584
G1 X79.857 Y117.801 E129.29574
G1 X79.246 Y117.669 E129.31653
G1 X78.656 Y117.485 E129.33709
G1 X78.083 Y117.248 E129.35771
G1 X77.526 Y116.958 E129.3786
G1 X77.024 Y116.634 E129.39847
G1 X76.52 Y116.242 E129.41971
G1 X76.066 Y115.819 E129.44035
G1 X75.663 Y115.368 E129.46046
G1 X75.293 Y114.872 E129.48105
G1 X74.966 Y114.338 E129.50187
G1 X74.699 Y113.798 E129.52191
G1 X74.466 Y113.204 E129.54313
G1 X74.298 Y112.62 E129.56334
G1 X74.179 Y112.006 E129.58414
G1 X74.117 Y111.393 E129.60464
G1 X74.108 Y110.765 E129.62553
G1 X74.155 Y110.154 E129.64591
G1 X74.257 Y109.552 E129.66621
G1 X74.416 Y108.948 E129.68699
G1 X74.624 Y108.374 E129.70729
G1 X74.89 Y107.801 E129.72831
G1 X75.196 Y107.277 E129.74849
G1 X75.559 Y106.762 E129.76944
G1 X75.955 Y106.299 E129.78971
G1 X76.399 Y105.864 E129.81038
G1 X76.88 Y105.471 E129.83104
G1 X77.397 Y105.12 E129.85183
G1 X77.928 Y104.828 E129.87198
G1 X78.508 Y104.571 E129.89308
G1 X79.084 Y104.376 E129.91331
G1 X79.68 Y104.232 E129.9337
G1 X80.298 Y104.142 E129.95447
G1 X80.927 Y104.105 E129.97543
G1 X135.667 Y104.1 E131.79609
G1 X140.973 Y104.1 E131.97257
G1 X141.585 Y104.127 E131.99294
G1 X142.186 Y104.205 E132.0131
G0 F5400 X142.256 Y103.81
;TYPE:WALL-OUTER
G1 F2250 X142.884 Y103.949 E132.03449
G1 X143.52 Y104.152 E132.0567
G1 X144.121 Y104.403 E132.07836
G1 X144.703 Y104.712 E132.10028
G1 X145.251 Y105.068 E132.12201
G1 X145.763 Y105.471 E132.14368
G1 X146.24 Y105.92 E132.16547
G1 X146.676 Y106.413 E132.18736
G1 X147.064 Y106.94 E132.20913
G1 X147.401 Y107.496 E132.23075
G1 X147.69 Y108.088 E132.25266
G1 X147.924 Y108.698 E132.27439
G1 X148.102 Y109.328 E132.29617
G1 X148.225 Y109.982 E132.3183
G1 X148.287 Y110.622 E132.33969
G1 X148.292 Y111.288 E132.36184
G1 X148.239 Y111.928 E132.3832
G1 X148.126 Y112.577 E132.40511
G1 X147.959 Y113.201 E132.42659
G1 X147.728 Y113.826 E132.44875
G1 X147.447 Y114.421 E132.47064
G1 X147.123 Y114.971 E132.49187
G1 X146.73 Y115.519 E132.5143
G1 X146.311 Y116.005 E132.53564
G1 X145.84 Y116.46 E132.55742
G1 X145.321 Y116.88 E132.57963
G1 X144.784 Y117.24 E132.60113
G1 X144.21 Y117.554 E132.62289
G1 X143.615 Y117.812 E132.64446
G1 X142.989 Y118.021 E132.66641
G1 X142.349 Y118.171 E132.68828
G1 X141.71 Y118.261 E132.70974
G1 X141.039 Y118.297 E132.73209
G1 X85.365 Y118.3 E134.58382
G1 X81.009 Y118.3 E134.7287
G1 X80.423 Y118.274 E134.74821
G1 X79.791 Y118.196 E134.76939
G1 X79.142 Y118.056 E134.79147
G1 X78.517 Y117.861 E134.81324
G1 X77.914 Y117.612 E134.83494
G1 X77.331 Y117.308 E134.85681
G1 X76.788 Y116.958 E134.8783
G1 X76.26 Y116.547 E134.90055
G1 X75.788 Y116.107 E134.92201
G1 X75.354 Y115.621 E134.94369
G1 X74.958 Y115.091 E134.96569
G1 X74.619 Y114.537 E134.98729
G1 X74.327 Y113.947 E135.00919
G1 X74.09 Y113.341 E135.03083
G1 X73.907 Y112.706 E135.05281
G1 X73.783 Y112.07 E135.07436
G1 X73.717 Y111.416 E135.09622
G1 X73.708 Y110.751 E135.11834
G1 X73.757 Y110.11 E135.13973
G1 X73.867 Y109.461 E135.16162
G1 X74.032 Y108.833 E135.18322
G1 X74.256 Y108.215 E135.20508
G1 X74.534 Y107.618 E135.22698
G1 X74.86 Y107.058 E135.24854
G1 X75.241 Y106.519 E135.27049
G1 X75.664 Y106.024 E135.29215
G1 X76.131 Y105.566 E135.3139
G1 X76.642 Y105.149 E135.33584
G1 X77.183 Y104.782 E135.35758
G1 X77.756 Y104.466 E135.37935
G1 X78.36 Y104.199 E135.40131
G1 X78.974 Y103.991 E135.42287
G1 X79.604 Y103.839 E135.44443
G1 X80.251 Y103.744 E135.46618
G1 X80.921 Y103.705 E135.4885
G1 X135.667 Y103.7 E137.30936
G1 X140.991 Y103.7 E137.48644
G1 X141.618 Y103.728 E137.50731
G1 X142.256 Y103.81 E137.5287
G0 F5400 X142.451 Y103.853
G0 X142.355 Y104.282
G0 X142.398 Y104.663
;TYPE:SKIN
G1 F1500 X141.727 Y104.553 E137.55132
G1 X141.053 Y104.512 E137.57378
G1 X140.374 Y104.541 E137.59638
G1 X139.7 Y104.642 E137.61905
G1 X139.043 Y104.812 E137.64162
G1 X138.406 Y105.052 E137.66426
G1 X137.799 Y105.355 E137.68683
G1 X137.227 Y105.72 E137.7094
G1 X136.696 Y106.143 E137.73198
G1 X136.211 Y106.622 E137.75465
G1 X135.781 Y107.144 E137.77714
G1 X135.406 Y107.714 E137.79983
G1 X135.094 Y108.313 E137.8223
G1 X134.845 Y108.948 E137.84498
G1 X134.663 Y109.602 E137.86756
G1 X134.553 Y110.267 E137.88998
G1 X134.512 Y110.948 E137.91267
G1 X134.542 Y111.63 E137.93538
G1 X134.643 Y112.3 E137.95791
G1 X134.812 Y112.956 E137.98044
G1 X135.051 Y113.594 E138.0031
G1 X135.356 Y114.201 E138.0257
G1 X135.72 Y114.773 E138.04825
G1 X136.143 Y115.304 E138.07083
G1 X136.622 Y115.789 E138.0935
G1 X137.144 Y116.219 E138.116
G1 X137.714 Y116.594 E138.13869
G1 X138.313 Y116.906 E138.16115
G1 X138.948 Y117.155 E138.18384
G1 X139.602 Y117.337 E138.20642
G1 X140.273 Y117.447 E138.22903
G1 X140.947 Y117.488 E138.25149
G1 X141.626 Y117.459 E138.27409
G1 X142.3 Y117.358 E138.29676
G1 X142.957 Y117.188 E138.31933
G1 X143.594 Y116.948 E138.34197
G1 X144.201 Y116.644 E138.36455
G1 X144.772 Y116.28 E138.38708
G1 X145.304 Y115.857 E138.40968
G1 X145.789 Y115.378 E138.43235
G1 X146.219 Y114.856 E138.45485
G1 X146.594 Y114.286 E138.47754
G1 X146.906 Y113.687 E138.5
G1 X147.155 Y113.052 E138.52269
G1 X147.337 Y112.398 E138.54527
G1 X147.447 Y111.733 E138.56769
G1 X147.488 Y111.052 E138.59038
G1 X147.458 Y110.37 E138.61308
G1 X147.357 Y109.7 E138.63562
G1 X147.188 Y109.044 E138.65815
G1 X146.949 Y108.406 E138.68081
G1 X146.644 Y107.799 E138.70341
G1 X146.28 Y107.227 E138.72596
G1 X145.857 Y106.696 E138.74854
G1 X145.378 Y106.211 E138.77121
G1 X144.856 Y105.781 E138.7937
G1 X144.286 Y105.406 E138.8164
G1 X143.687 Y105.094 E138.83886
G1 X143.052 Y104.845 E138.86154
G1 X142.398 Y104.663 E138.88412
G0 F5400 X142.111 Y104.588
G1 F1500 X142.677 Y104.713 E138.9034
G1 X143.256 Y104.898 E138.92362
G1 X143.777 Y105.115 E138.94239
G1 X144.313 Y105.4 E138.96258
G1 X144.787 Y105.707 E138.98136
G1 X145.25 Y106.073 E139.00099
G1 X145.669 Y106.467 E139.02012
G1 X146.057 Y106.905 E139.03959
G1 X146.406 Y107.378 E139.05914
G1 X146.708 Y107.877 E139.07854
G1 X146.968 Y108.41 E139.09826
G1 X147.172 Y108.941 E139.11718
G1 X147.331 Y109.503 E139.13661
G1 X147.445 Y110.11 E139.15715
G1 X147.497 Y110.659 E139.17549
G1 X147.502 Y111.267 E139.19571
G1 X147.455 Y111.828 E139.21444
G1 X147.355 Y112.404 E139.23388
G1 X147.208 Y112.954 E139.25282
G1 X147.005 Y113.506 E139.27238
G1 X146.742 Y114.06 E139.29278
G1 X146.467 Y114.529 E139.31086
G1 X146.104 Y115.036 E139.3316
G1 X145.742 Y115.455 E139.35001
G1 X145.314 Y115.868 E139.3698
G1 X144.845 Y116.248 E139.38987
G1 X144.374 Y116.565 E139.40876
G1 X143.864 Y116.843 E139.42808
G1 X143.331 Y117.074 E139.4474
G1 X142.772 Y117.261 E139.467
G1 X142.203 Y117.394 E139.48644
G1 X141.639 Y117.473 E139.50538
G1 X141.016 Y117.507 E139.52613
G1 X85.365 Y117.51 E141.37709
G1 X81.045 Y117.51 E141.52077
G1 X80.489 Y117.484 E141.53929
G1 X79.911 Y117.414 E141.55865
G1 X79.348 Y117.293 E141.5778
G1 X78.795 Y117.12 E141.59708
G1 X78.243 Y116.891 E141.61695
G1 X77.723 Y116.621 E141.63644
G1 X77.255 Y116.318 E141.65498
G1 X76.76 Y115.934 E141.67582
G1 X76.352 Y115.554 E141.69437
G1 X75.962 Y115.117 E141.71385
G1 X75.617 Y114.653 E141.73308
G1 X75.305 Y114.145 E141.75291
G1 X75.059 Y113.646 E141.77141
G1 X74.836 Y113.079 E141.79167
G1 X74.677 Y112.527 E141.81078
G1 X74.564 Y111.945 E141.8305
G1 X74.507 Y111.372 E141.84965
G1 X74.498 Y110.759 E141.87004
G1 X74.541 Y110.205 E141.88852
G1 X74.637 Y109.641 E141.90755
G1 X74.788 Y109.068 E141.92726
G1 X74.991 Y108.507 E141.9471
G1 X75.23 Y107.993 E141.96596
G1 X75.533 Y107.474 E141.98595
G1 X75.861 Y107.007 E142.00493
G1 X76.233 Y106.573 E142.02394
G1 X76.664 Y106.151 E142.044
G1 X77.119 Y105.78 E142.06353
G1 X77.601 Y105.452 E142.08292
G1 X78.086 Y105.185 E142.10133
G1 X78.658 Y104.931 E142.12215
G1 X79.188 Y104.752 E142.14076
G1 X79.754 Y104.615 E142.16012
G1 X80.33 Y104.532 E142.17948
G1 X80.95 Y104.495 E142.20014
G1 X135.667 Y104.49 E144.02003
G1 X140.956 Y104.49 E144.19595
G1 X141.565 Y104.517 E144.21622
G1 X142.111 Y104.588 E144.23453
G0 F5400 X139.771 Y104.985
G0 X138.546 Y105.373
G0 X137.43 Y106.006
G0 X136.47 Y106.859
G0 X135.709 Y107.891
G0 X135.178 Y109.059
G0 X134.902 Y110.307
G0 X134.891 Y111.596
G0 X135.146 Y112.851
G0 X135.661 Y114.027
G0 X136.264 Y114.872
G0 X138.513 Y117.176
G1 F1500 X138.362 Y117.327 E144.24164
G0 F5400 X138.117 Y117.006
G1 F1500 X137.796 Y117.327 E144.25674
G0 F5400 X137.745 Y116.812
G1 F1500 X137.231 Y117.327 E144.28094
G0 F5400 X136.665 Y117.327
G1 F1500 X137.394 Y116.598 E144.31523
G0 F5400 X137.053 Y116.373
G1 F1500 X136.099 Y117.327 E144.3601
G0 F5400 X135.533 Y117.327
G1 F1500 X136.741 Y116.12 E144.4169
G0 F5400 X136.436 Y115.859
G1 F1500 X134.968 Y117.327 E144.48595
G0 F5400 X134.402 Y117.327
G1 F1500 X136.155 Y115.574 E144.5684
G0 F5400 X135.888 Y115.275
G1 F1500 X133.836 Y117.327 E144.66492
G0 F5400 X133.271 Y117.327
G1 F1500 X135.637 Y114.96 E144.77623
G0 F5400 X135.41 Y114.622
G1 F1500 X132.705 Y117.327 E144.90347
G0 F5400 X132.139 Y117.327
G1 F1500 X135.191 Y114.276 E145.047
G0 F5400 X135.001 Y113.9
G1 F1500 X131.574 Y117.327 E145.2082
G0 F5400 X131.008 Y117.327
G1 F1500 X134.825 Y113.51 E145.38774
G0 F5400 X134.672 Y113.098
G1 F1500 X130.442 Y117.327 E145.58668
G0 F5400 X129.877 Y117.327
G1 F1500 X134.548 Y112.656 E145.80639
G0 F5400 X134.444 Y112.194
G1 F1500 X129.311 Y117.327 E146.04783
G0 F5400 X128.745 Y117.327
G1 F1500 X134.37 Y111.702 E146.31241
G0 F5400 X134.34 Y111.167
G1 F1500 X128.18 Y117.327 E146.60216
G0 F5400 X127.614 Y117.327
G1 F1500 X134.352 Y110.589 E146.9191
G0 F5400 X134.42 Y109.955
G1 F1500 X127.048 Y117.327 E147.26585
G0 F5400 X126.483 Y117.327
G1 F1500 X134.577 Y109.233 E147.64657
G1 X134.647 Y109.163
G0 F5400 X134.879 Y108.364
G1 F1500 X125.917 Y117.327 E148.06814
G0 F5400 X125.35 Y117.328
G1 F1500 X135.621 Y107.057 E148.55125
G1 X135.691 Y106.987
G0 F5400 X137.044 Y105.634
G1 F1500 X138.009 Y104.669 E148.59664
G0 F5400 X138.372 Y104.872
G1 F1500 X138.575 Y104.669 E148.60619
G0 F5400 X137.443 Y104.669
G1 F1500 X124.785 Y117.328 E149.20161
G0 F5400 X124.219 Y117.328
G1 F1500 X136.878 Y104.669 E149.79705
G0 F5400 X136.312 Y104.669
G1 F1500 X123.653 Y117.328 E150.39249
G0 F5400 X123.088 Y117.328
G1 F1500 X135.746 Y104.669 E150.98791
G0 F5400 X135.181 Y104.669
G1 F1500 X122.522 Y117.328 E151.58335
G0 F5400 X121.956 Y117.328
G1 F1500 X134.615 Y104.669 E152.17879
G0 F5400 X134.049 Y104.669
G1 F1500 X121.391 Y117.328 E152.77421
G0 F5400 X120.825 Y117.328
G1 F1500 X133.484 Y104.669 E153.36965
G0 F5400 X132.918 Y104.669
G1 F1500 X120.259 Y117.328 E153.96509
G0 F5400 X119.694 Y117.328
G1 F1500 X132.352 Y104.669 E154.5605
G0 F5400 X131.787 Y104.669
G1 F1500 X119.128 Y117.328 E155.15595
G0 F5400 X118.562 Y117.328
G1 F1500 X131.221 Y104.669 E155.75139
G0 F5400 X130.655 Y104.669
G1 F1500 X117.997 Y117.328 E156.3468
G0 F5400 X117.431 Y117.328
G1 F1500 X130.089 Y104.669 E156.94222
G0 F5400 X129.524 Y104.669
G1 F1500 X116.865 Y117.328 E157.53766
G0 F5400 X116.299 Y117.328
G1 F1500 X128.958 Y104.669 E158.1331
G0 F5400 X128.392 Y104.669
G1 F1500 X115.734 Y117.328 E158.72852
G0 F5400 X115.168 Y117.328
G1 F1500 X127.826 Y104.67 E159.32391
G0 F5400 X127.26 Y104.67
G1 F1500 X114.602 Y117.328 E159.91931
G0 F5400 X114.037 Y117.328
G1 F1500 X126.695 Y104.67 E160.5147
G0 F5400 X126.129 Y104.67
G1 F1500 X113.471 Y117.328 E161.11009
G0 F5400 X112.905 Y117.328
G1 F1500 X125.563 Y104.67 E161.70549
G0 F5400 X124.998 Y104.67
G1 F1500 X112.34 Y117.328 E162.30088
G0 F5400 X111.773 Y117.328
G1 F1500 X124.432 Y104.67 E162.8963
G0 F5400 X123.866 Y104.67
G1 F1500 X111.208 Y117.328 E163.49169
G0 F5400 X110.642 Y117.328
G1 F1500 X123.301 Y104.67 E164.08711
G0 F5400 X122.735 Y104.67
G1 F1500 X110.076 Y117.328 E164.68252
G0 F5400 X109.511 Y117.328
G1 F1500 X122.169 Y104.67 E165.27792
G0 F5400 X121.603 Y104.67
G1 F1500 X108.945 Y117.328 E165.87331
G0 F5400 X108.379 Y117.328
G1 F1500 X121.038 Y104.67 E166.46873
G0 F5400 X120.472 Y104.67
G1 F1500 X107.813 Y117.328 E167.06414
G0 F5400 X107.248 Y117.328
G1 F1500 X119.906 Y104.67 E167.65954
G0 F5400 X119.34 Y104.67
G1 F1500 X106.682 Y117.328 E168.25493
G0 F5400 X106.116 Y117.328
G1 F1500 X118.774 Y104.67 E168.85033
G0 F5400 X118.209 Y104.67
G1 F1500 X105.551 Y117.328 E169.44572
G0 F5400 X104.985 Y117.328
G1 F1500 X117.643 Y104.67 E170.04111
G0 F5400 X117.077 Y104.67
G1 F1500 X104.419 Y117.328 E170.63651
G0 F5400 X103.854 Y117.328
G1 F1500 X116.512 Y104.67 E171.2319
G0 F5400 X115.946 Y104.67
G1 F1500 X103.288 Y117.328 E171.82729
G0 F5400 X102.722 Y117.328
G1 F1500 X115.38 Y104.67 E172.42269
G0 F5400 X114.815 Y104.67
G1 F1500 X102.157 Y117.328 E173.01808
G0 F5400 X101.591 Y117.328
G1 F1500 X114.249 Y104.67 E173.61347
G0 F5400 X113.683 Y104.67
G1 F1500 X101.025 Y117.328 E174.20887
G0 F5400 X100.46 Y117.328
G1 F1500 X113.117 Y104.67 E174.80424
G0 F5400 X112.552 Y104.67
G1 F1500 X99.894 Y117.328 E175.39963
G0 F5400 X99.328 Y117.328
G1 F1500 X111.985 Y104.671 E175.99498
G0 F5400 X111.42 Y104.671
G1 F1500 X98.763 Y117.328 E176.59032
G0 F5400 X98.196 Y117.329
G1 F1500 X110.854 Y104.671 E177.18572
G0 F5400 X110.288 Y104.671
G1 F1500 X97.63 Y117.329 E177.78111
G0 F5400 X97.065 Y117.329
G1 F1500 X109.723 Y104.671 E178.3765
G0 F5400 X109.157 Y104.671
G1 F1500 X96.499 Y117.329 E178.9719
G0 F5400 X95.933 Y117.329
G1 F1500 X108.591 Y104.671 E179.56729
G0 F5400 X108.026 Y104.671
G1 F1500 X95.368 Y117.329 E180.16268
G0 F5400 X94.802 Y117.329
G1 F1500 X107.46 Y104.671 E180.75808
G0 F5400 X106.894 Y104.671
G1 F1500 X94.236 Y117.329 E181.35347
G0 F5400 X93.671 Y117.329
G1 F1500 X106.329 Y104.671 E181.94886
G0 F5400 X105.763 Y104.671
G1 F1500 X93.105 Y117.329 E182.54426
G0 F5400 X92.539 Y117.329
G1 F1500 X105.197 Y104.671 E183.13965
G0 F5400 X104.632 Y104.671
G1 F1500 X91.974 Y117.329 E183.73505
G0 F5400 X91.408 Y117.329
G1 F1500 X104.065 Y104.672 E184.33039
G0 F5400 X103.499 Y104.672
G1 F1500 X90.842 Y117.329 E184.92574
G0 F5400 X90.277 Y117.329
G1 F1500 X102.934 Y104.672 E185.52108
G0 F5400 X102.368 Y104.672
G1 F1500 X89.711 Y117.329 E186.11643
G0 F5400 X89.145 Y117.329
G1 F1500 X101.802 Y104.672 E186.71178
G0 F5400 X101.237 Y104.672
G1 F1500 X88.579 Y117.329 E187.30715
G0 F5400 X88.014 Y117.329
G1 F1500 X100.671 Y104.672 E187.90249
G0 F5400 X100.105 Y104.672
G1 F1500 X87.448 Y117.329 E188.49784
G0 F5400 X86.882 Y117.329
G1 F1500 X99.54 Y104.672 E189.09321
G0 F5400 X98.974 Y104.672
G1 F1500 X86.317 Y117.329 E189.68856
G0 F5400 X85.751 Y117.329
G1 F1500 X98.408 Y104.672 E190.2839
G0 F5400 X97.843 Y104.672
G1 F1500 X85.185 Y117.329 E190.87927
G0 F5400 X84.62 Y117.329
G1 F1500 X97.277 Y104.672 E191.47462
G0 F5400 X96.711 Y104.672
G1 F1500 X84.054 Y117.329 E192.06997
G0 F5400 X83.488 Y117.329
G1 F1500 X96.145 Y104.673 E192.66529
G0 F5400 X95.579 Y104.673
G1 F1500 X82.923 Y117.329 E193.26059
G0 F5400 X82.357 Y117.329
G1 F1500 X95.013 Y104.673 E193.85589
G0 F5400 X94.448 Y104.673
G1 F1500 X81.791 Y117.329 E194.45121
G0 F5400 X81.226 Y117.329
G1 F1500 X93.882 Y104.673 E195.04651
G0 F5400 X93.316 Y104.673
G1 F1500 X80.677 Y117.312 E195.64101
G0 F5400 X80.161 Y117.262
G1 F1500 X92.751 Y104.673 E196.23318
G0 F5400 X92.185 Y104.673
G1 F1500 X79.678 Y117.179 E196.82145
G0 F5400 X79.227 Y117.065
G1 F1500 X91.619 Y104.673 E197.40433
G0 F5400 X91.054 Y104.673
G1 F1500 X78.8 Y116.926 E197.9807
G0 F5400 X78.4 Y116.761
G1 F1500 X90.488 Y104.673 E198.54928
G0 F5400 X89.922 Y104.673
G1 F1500 X78.022 Y116.573 E199.10902
G0 F5400 X77.662 Y116.367
G1 F1500 X89.357 Y104.673 E199.65909
G0 F5400 X88.791 Y104.673
G1 F1500 X77.322 Y116.141 E200.19854
G0 F5400 X77.003 Y115.894
G1 F1500 X88.225 Y104.673 E200.72636
G0 F5400 X87.659 Y104.673
G1 F1500 X76.699 Y115.633 E201.24189
G0 F5400 X76.414 Y115.353
G1 F1500 X87.093 Y104.673 E201.74422
G0 F5400 X86.527 Y104.673
G1 F1500 X76.147 Y115.054 E202.23248
G0 F5400 X75.901 Y114.734
G1 F1500 X85.962 Y104.673 E202.70572
G0 F5400 X85.396 Y104.673
G1 F1500 X75.671 Y114.398 E203.16316
G0 F5400 X75.457 Y114.047
G1 F1500 X84.83 Y104.673 E203.60406
G0 F5400 X84.265 Y104.673
G1 F1500 X75.27 Y113.668 E204.02716
G0 F5400 X75.104 Y113.268
G1 F1500 X83.699 Y104.673 E204.43144
G0 F5400 X83.133 Y104.673
G1 F1500 X74.958 Y112.849 E204.81599
G0 F5400 X74.837 Y112.404
G1 F1500 X82.568 Y104.673 E205.17963
G0 F5400 X82.002 Y104.673
G1 F1500 X74.744 Y111.931 E205.52102
G0 F5400 X74.692 Y111.418
G1 F1500 X81.436 Y104.673 E205.83827
G0 F5400 X80.864 Y104.68
G1 F1500 X74.679 Y110.865 E206.12919
G0 F5400 X74.717 Y110.261
G1 F1500 X80.254 Y104.724 E206.38963
G0 F5400 X79.57 Y104.843
G1 F1500 X74.84 Y109.573 E206.61212
G1 X74.77 Y109.643
G0 F5400 X75.091 Y108.755
G1 F1500 X78.764 Y105.083 E206.78486
G1 X78.834 Y105.013
G0 F5400 X77.637 Y105.644
G1 F1500 X75.647 Y107.634 E206.87846
G1 X75.577 Y107.704
;MESH:NONMESH
G0 F600 X75.577 Y107.704 Z0.7
G0 F5400 X141.049 Y104.862
G0 X142.365 Y104.956
G0 X142.338 Y105.051
;TIME_ELAPSED:206.473608
;LAYER:2
;TYPE:WALL-INNER
;MESH:??????????????????6.stl
G1 F3000 X141.707 Y104.944 E206.89975
G1 X141.072 Y104.904 E206.92091
G1 X140.434 Y104.928 E206.94215
G1 X139.801 Y105.02 E206.96342
G1 X139.184 Y105.179 E206.98461
G1 X138.584 Y105.4 E207.00588
G1 X138.014 Y105.684 E207.02706
G1 X137.472 Y106.026 E207.04838
G1 X136.974 Y106.421 E207.06952
G1 X136.517 Y106.867 E207.09076
G1 X136.109 Y107.357 E207.11197
G1 X135.755 Y107.891 E207.13327
G1 X135.459 Y108.453 E207.1544
G1 X135.222 Y109.049 E207.17573
G1 X135.051 Y109.663 E207.19693
G1 X134.945 Y110.288 E207.21802
G1 X134.903 Y110.928 E207.23935
G1 X134.929 Y111.57 E207.26072
G1 X135.02 Y112.199 E207.28186
G1 X135.179 Y112.816 E207.30305
G1 X135.4 Y113.416 E207.32432
G1 X135.683 Y113.986 E207.34548
G1 X136.027 Y114.528 E207.36683
G1 X136.421 Y115.026 E207.38796
G1 X136.867 Y115.483 E207.40919
G1 X137.357 Y115.891 E207.4304
G1 X137.891 Y116.245 E207.45171
G1 X138.454 Y116.541 E207.47287
G1 X139.049 Y116.777 E207.49416
G1 X139.662 Y116.949 E207.51533
G1 X140.293 Y117.056 E207.53662
G1 X140.928 Y117.096 E207.55778
G1 X141.566 Y117.072 E207.57902
G1 X142.199 Y116.98 E207.60029
G1 X142.816 Y116.821 E207.62148
G1 X143.416 Y116.6 E207.64275
G1 X143.987 Y116.315 E207.66397
G1 X144.527 Y115.974 E207.68522
G1 X145.025 Y115.579 E207.70636
G1 X145.483 Y115.133 E207.72762
G1 X145.891 Y114.643 E207.74883
G1 X146.245 Y114.109 E207.77014
G1 X146.541 Y113.546 E207.79129
G1 X146.777 Y112.951 E207.81258
G1 X146.949 Y112.338 E207.83376
G1 X147.055 Y111.712 E207.85488
G1 X147.097 Y111.072 E207.87621
G1 X147.071 Y110.43 E207.89758
G1 X146.98 Y109.801 E207.91872
G1 X146.821 Y109.183 E207.93994
G1 X146.599 Y108.584 E207.96119
G1 X146.316 Y108.014 E207.98235
G1 X145.974 Y107.472 E208.00367
G1 X145.579 Y106.974 E208.02481
G1 X145.133 Y106.517 E208.04605
G1 X144.642 Y106.109 E208.06728
G1 X144.109 Y105.755 E208.08856
G1 X143.546 Y105.459 E208.10972
G1 X142.951 Y105.223 E208.13101
G1 X142.338 Y105.051 E208.15219
G0 F7200 X142.25 Y105.442
;TYPE:WALL-OUTER
G1 F3000 X141.661 Y105.342 E208.17206
G1 X141.067 Y105.304 E208.19185
G1 X140.471 Y105.327 E208.21169
G1 X139.88 Y105.413 E208.23155
G1 X139.303 Y105.561 E208.25137
G1 X138.743 Y105.768 E208.27122
G1 X138.21 Y106.033 E208.29102
G1 X137.704 Y106.353 E208.31093
G1 X137.239 Y106.722 E208.33068
G1 X136.811 Y107.139 E208.35055
G1 X136.43 Y107.596 E208.37034
G1 X136.1 Y108.095 E208.39024
G1 X135.823 Y108.621 E208.41001
G1 X135.602 Y109.177 E208.42991
G1 X135.442 Y109.75 E208.4497
G1 X135.343 Y110.335 E208.46943
G1 X135.304 Y110.933 E208.48937
G1 X135.328 Y111.533 E208.50934
G1 X135.413 Y112.12 E208.52907
G1 X135.561 Y112.697 E208.54888
G1 X135.768 Y113.257 E208.56874
G1 X136.032 Y113.79 E208.58852
G1 X136.353 Y114.296 E208.60845
G1 X136.722 Y114.761 E208.62819
G1 X137.139 Y115.189 E208.64807
G1 X137.596 Y115.57 E208.66786
G1 X138.095 Y115.9 E208.68775
G1 X138.621 Y116.177 E208.70753
G1 X139.177 Y116.397 E208.72741
G1 X139.75 Y116.558 E208.74721
G1 X140.339 Y116.658 E208.76708
G1 X140.933 Y116.696 E208.78688
G1 X141.529 Y116.673 E208.80672
G1 X142.12 Y116.587 E208.82658
G1 X142.697 Y116.439 E208.84639
G1 X143.257 Y116.232 E208.86625
G1 X143.79 Y115.966 E208.88606
G1 X144.295 Y115.647 E208.90593
G1 X144.761 Y115.278 E208.9257
G1 X145.189 Y114.861 E208.94557
G1 X145.57 Y114.404 E208.96536
G1 X145.9 Y113.905 E208.98526
G1 X146.177 Y113.379 E209.00503
G1 X146.397 Y112.823 E209.02492
G1 X146.558 Y112.25 E209.04472
G1 X146.657 Y111.665 E209.06445
G1 X146.696 Y111.067 E209.08438
G1 X146.672 Y110.467 E209.10435
G1 X146.587 Y109.88 E209.12408
G1 X146.439 Y109.303 E209.14389
G1 X146.231 Y108.743 E209.16376
G1 X145.967 Y108.21 E209.18355
G1 X145.647 Y107.704 E209.20346
G1 X145.278 Y107.239 E209.2232
G1 X144.861 Y106.811 E209.24308
G1 X144.403 Y106.43 E209.26289
G1 X143.905 Y106.1 E209.28276
G1 X143.379 Y105.823 E209.30254
G1 X142.823 Y105.603 E209.32242
G1 X142.25 Y105.442 E209.34222
G0 F7200 X142.053 Y105.409
G0 X142.127 Y104.975
G0 X142.164 Y104.202
;TYPE:WALL-INNER
G1 F3000 X142.759 Y104.331 E209.36247
G1 X143.358 Y104.52 E209.38336
G1 X143.934 Y104.758 E209.40409
G1 X144.478 Y105.045 E209.42455
G1 X144.993 Y105.378 E209.44494
G1 X145.486 Y105.762 E209.46573
G1 X145.946 Y106.193 E209.48669
G1 X146.346 Y106.644 E209.50674
G1 X146.716 Y107.142 E209.52738
G1 X147.041 Y107.675 E209.54814
G1 X147.314 Y108.228 E209.56865
G1 X147.536 Y108.801 E209.58909
G1 X147.705 Y109.394 E209.6096
G1 X147.823 Y110.003 E209.63023
G1 X147.884 Y110.621 E209.65089
G1 X147.892 Y111.25 E209.67181
G1 X147.844 Y111.857 E209.69206
G1 X147.739 Y112.467 E209.71265
G1 X147.584 Y113.057 E209.73294
G1 X147.366 Y113.652 E209.75401
G1 X147.108 Y114.203 E209.77425
G1 X146.792 Y114.744 E209.79509
G1 X146.433 Y115.248 E209.81567
G1 X146.031 Y115.718 E209.83624
G1 X145.59 Y116.146 E209.85668
G1 X145.111 Y116.537 E209.87725
G1 X144.59 Y116.889 E209.89816
G1 X144.053 Y117.184 E209.91854
G1 X143.502 Y117.425 E209.93854
G1 X142.9 Y117.628 E209.95967
G1 X142.296 Y117.772 E209.98032
G1 X141.687 Y117.86 E210.00079
G1 X141.059 Y117.896 E210.02171
G1 X85 Y117.9 E211.88624
G1 X81.027 Y117.9 E212.01838
G1 X80.499 Y117.876 E212.03596
G1 X79.887 Y117.805 E212.05645
G1 X79.288 Y117.679 E212.07681
G1 X78.698 Y117.5 E212.09732
G1 X78.118 Y117.264 E212.11815
G1 X77.574 Y116.984 E212.13849
G1 X77.052 Y116.653 E212.15905
G1 X76.557 Y116.272 E212.17983
G1 X76.099 Y115.849 E212.20056
G1 X75.69 Y115.397 E212.22084
G1 X75.319 Y114.907 E212.24128
G1 X74.988 Y114.374 E212.26215
G1 X74.713 Y113.827 E212.28251
G1 X74.483 Y113.248 E212.30323
G1 X74.304 Y112.641 E212.32428
G1 X74.188 Y112.058 E212.34405
G1 X74.121 Y111.431 E212.36503
G1 X74.108 Y110.822 E212.38529
G1 X74.153 Y110.191 E212.40633
G1 X74.25 Y109.589 E212.42661
G1 X74.405 Y108.987 E212.44728
G1 X74.608 Y108.418 E212.46738
G1 X74.873 Y107.84 E212.48852
G1 X75.178 Y107.305 E212.50901
G1 X75.531 Y106.802 E212.52945
G1 X75.931 Y106.327 E212.5501
G1 X76.377 Y105.885 E212.57098
G1 X76.843 Y105.499 E212.59111
G1 X77.357 Y105.147 E212.61183
G1 X77.894 Y104.845 E212.63232
G1 X78.469 Y104.588 E212.65327
G1 X79.048 Y104.389 E212.67363
G1 X79.641 Y104.241 E212.69396
G1 X80.25 Y104.148 E212.71445
G1 X80.887 Y104.107 E212.73568
G1 X136.636 Y104.1 E214.5899
G1 X140.973 Y104.1 E214.73415
G1 X141.562 Y104.126 E214.75376
G1 X142.164 Y104.202 E214.77394
G0 F7200 X142.232 Y103.807
;TYPE:WALL-OUTER
G1 F3000 X142.865 Y103.945 E214.79549
G1 X143.495 Y104.143 E214.81745
G1 X144.104 Y104.395 E214.83938
G1 X144.677 Y104.697 E214.86092
G1 X145.23 Y105.055 E214.88283
G1 X145.746 Y105.457 E214.90458
G1 X146.231 Y105.912 E214.9267
G1 X146.653 Y106.386 E214.94781
G1 X147.05 Y106.922 E214.97
G1 X147.394 Y107.485 E214.99194
G1 X147.68 Y108.066 E215.01348
G1 X147.916 Y108.673 E215.03514
G1 X148.095 Y109.303 E215.05692
G1 X148.219 Y109.941 E215.07854
G1 X148.284 Y110.6 E215.10057
G1 X148.292 Y111.265 E215.12269
G1 X148.242 Y111.903 E215.14397
G1 X148.129 Y112.557 E215.16604
G1 X147.966 Y113.177 E215.18737
G1 X147.737 Y113.803 E215.20954
G1 X147.461 Y114.391 E215.23114
G1 X147.129 Y114.961 E215.25308
G1 X146.749 Y115.494 E215.27485
G1 X146.321 Y115.994 E215.29674
G1 X145.858 Y116.444 E215.31822
G1 X145.354 Y116.855 E215.33985
G1 X144.799 Y117.23 E215.36213
G1 X144.232 Y117.542 E215.38365
G1 X143.64 Y117.801 E215.40514
G1 X143.011 Y118.013 E215.42722
G1 X142.37 Y118.166 E215.44914
G1 X141.732 Y118.258 E215.47058
G1 X141.064 Y118.296 E215.49283
G1 X85 Y118.3 E217.35753
G1 X81.009 Y118.3 E217.49027
G1 X80.477 Y118.276 E217.50798
G1 X79.824 Y118.2 E217.52985
G1 X79.181 Y118.065 E217.5517
G1 X78.56 Y117.876 E217.57329
G1 X77.962 Y117.633 E217.59476
G1 X77.369 Y117.327 E217.61695
G1 X76.823 Y116.981 E217.63845
G1 X76.3 Y116.579 E217.66039
G1 X75.813 Y116.129 E217.68245
G1 X75.383 Y115.654 E217.70376
G1 X74.987 Y115.131 E217.72558
G1 X74.641 Y114.573 E217.74741
G1 X74.345 Y113.986 E217.76928
G1 X74.104 Y113.379 E217.791
G1 X73.917 Y112.743 E217.81305
G1 X73.791 Y112.112 E217.83445
G1 X73.721 Y111.459 E217.85629
G1 X73.708 Y110.813 E217.87778
G1 X73.755 Y110.143 E217.90012
G1 X73.857 Y109.515 E217.92128
G1 X74.024 Y108.863 E217.94367
G1 X74.238 Y108.263 E217.96486
G1 X74.514 Y107.661 E217.98688
G1 X74.839 Y107.093 E218.00865
G1 X75.217 Y106.554 E218.03055
G1 X75.636 Y106.056 E218.05219
G1 X76.105 Y105.591 E218.07416
G1 X76.603 Y105.179 E218.09566
G1 X77.148 Y104.805 E218.11764
G1 X77.709 Y104.49 E218.13904
G1 X78.322 Y104.216 E218.16137
G1 X78.934 Y104.005 E218.1829
G1 X79.562 Y103.849 E218.20443
G1 X80.209 Y103.75 E218.2262
G1 X80.877 Y103.707 E218.24846
G1 X136.636 Y103.7 E220.10301
G1 X140.991 Y103.7 E220.24786
G1 X141.593 Y103.727 E220.2679
G1 X142.232 Y103.807 E220.28932
G0 F7200 X142.427 Y103.849
G0 X142.333 Y104.279
G0 X142.102 Y104.587
;TYPE:SKIN
G1 F1500 X142.655 Y104.707 E220.30814
G1 X143.219 Y104.885 E220.32781
G1 X143.773 Y105.114 E220.34775
G1 X144.285 Y105.384 E220.367
G1 X144.76 Y105.692 E220.38583
G1 X145.239 Y106.064 E220.406
G1 X145.662 Y106.461 E220.4253
G1 X146.042 Y106.89 E220.44436
G1 X146.397 Y107.368 E220.46416
G1 X146.702 Y107.868 E220.48364
G1 X146.958 Y108.386 E220.50286
G1 X147.165 Y108.92 E220.52191
G1 X147.325 Y109.483 E220.54138
G1 X147.437 Y110.059 E220.56089
G1 X147.494 Y110.642 E220.58038
G1 X147.502 Y111.25 E220.6006
G1 X147.458 Y111.804 E220.61908
G1 X147.359 Y112.38 E220.63852
G1 X147.214 Y112.933 E220.65754
G1 X147.008 Y113.497 E220.67751
G1 X146.763 Y114.018 E220.69666
G1 X146.462 Y114.534 E220.71653
G1 X146.121 Y115.014 E220.73611
G1 X145.749 Y115.449 E220.75515
G1 X145.33 Y115.856 E220.77458
G1 X144.88 Y116.223 E220.79389
G1 X144.389 Y116.555 E220.8136
G1 X143.879 Y116.835 E220.83295
G1 X143.371 Y117.057 E220.85139
G1 X142.792 Y117.253 E220.87172
G1 X142.218 Y117.39 E220.89135
G1 X141.655 Y117.47 E220.91026
G1 X141.037 Y117.506 E220.93085
G1 X85 Y117.51 E222.79465
G1 X81.045 Y117.51 E222.9262
G1 X80.533 Y117.486 E222.94324
G1 X79.946 Y117.419 E222.96289
G1 X79.379 Y117.299 E222.98217
G1 X78.829 Y117.133 E223.00128
G1 X78.288 Y116.913 E223.0207
G1 X77.77 Y116.646 E223.04009
G1 X77.265 Y116.326 E223.05997
G1 X76.821 Y115.984 E223.07861
G1 X76.364 Y115.562 E223.0993
G1 X75.992 Y115.15 E223.11776
G1 X75.642 Y114.688 E223.13704
G1 X75.332 Y114.188 E223.15661
G1 X75.07 Y113.668 E223.17597
G1 X74.85 Y113.114 E223.1958
G1 X74.68 Y112.536 E223.21584
G1 X74.575 Y112.007 E223.23378
G1 X74.511 Y111.405 E223.25391
G1 X74.498 Y110.832 E223.27297
G1 X74.541 Y110.235 E223.29288
G1 X74.632 Y109.669 E223.31195
G1 X74.78 Y109.095 E223.33167
G1 X74.966 Y108.574 E223.35007
G1 X75.221 Y108.017 E223.37044
G1 X75.503 Y107.522 E223.38939
G1 X75.847 Y107.032 E223.4093
G1 X76.212 Y106.598 E223.42816
G1 X76.644 Y106.17 E223.44839
G1 X77.077 Y105.811 E223.4671
G1 X77.563 Y105.478 E223.48669
G1 X78.066 Y105.195 E223.50589
G1 X78.613 Y104.951 E223.52581
G1 X79.167 Y104.761 E223.54529
G1 X79.709 Y104.625 E223.56387
G1 X80.287 Y104.538 E223.58331
G1 X80.912 Y104.497 E223.60415
G1 X136.636 Y104.49 E225.45753
G1 X140.956 Y104.49 E225.60122
G1 X141.533 Y104.515 E225.62043
G1 X142.102 Y104.587 E225.6395
G0 F7200 X142.424 Y104.67
G1 F1500 X141.752 Y104.556 E225.66217
G1 X141.077 Y104.514 E225.68467
G1 X140.399 Y104.54 E225.70723
G1 X139.725 Y104.637 E225.72988
G1 X139.067 Y104.806 E225.75248
G1 X138.43 Y105.041 E225.77506
G1 X137.823 Y105.343 E225.79761
G1 X137.246 Y105.708 E225.82032
G1 X136.716 Y106.128 E225.84281
G1 X136.23 Y106.602 E225.86539
G1 X135.795 Y107.123 E225.88796
G1 X135.419 Y107.692 E225.91065
G1 X135.104 Y108.289 E225.9331
G1 X134.852 Y108.924 E225.95582
G1 X134.67 Y109.578 E225.9784
G1 X134.557 Y110.243 E226.00084
G1 X134.513 Y110.923 E226.0235
G1 X134.541 Y111.606 E226.04624
G1 X134.637 Y112.275 E226.06871
G1 X134.806 Y112.933 E226.09131
G1 X135.041 Y113.57 E226.11389
G1 X135.343 Y114.177 E226.13644
G1 X135.709 Y114.754 E226.15917
G1 X136.128 Y115.284 E226.18164
G1 X136.602 Y115.77 E226.20422
G1 X137.123 Y116.205 E226.22679
G1 X137.692 Y116.581 E226.24948
G1 X138.29 Y116.896 E226.27196
G1 X138.924 Y117.147 E226.29464
G1 X139.576 Y117.33 E226.31716
G1 X140.248 Y117.444 E226.33983
G1 X140.923 Y117.486 E226.36232
G1 X141.601 Y117.46 E226.38489
G1 X142.275 Y117.363 E226.40754
G1 X142.933 Y117.194 E226.43013
G1 X143.571 Y116.959 E226.45275
G1 X144.178 Y116.655 E226.47533
G1 X144.753 Y116.292 E226.49794
G1 X145.283 Y115.872 E226.52044
G1 X145.77 Y115.398 E226.54304
G1 X146.205 Y114.877 E226.56561
G1 X146.581 Y114.308 E226.5883
G1 X146.896 Y113.71 E226.61078
G1 X147.147 Y113.076 E226.63346
G1 X147.33 Y112.424 E226.65598
G1 X147.443 Y111.757 E226.67848
G1 X147.487 Y111.077 E226.70115
G1 X147.459 Y110.394 E226.72388
G1 X147.363 Y109.725 E226.74636
G1 X147.194 Y109.066 E226.76899
G1 X146.958 Y108.43 E226.79155
G1 X146.657 Y107.823 E226.81409
G1 X146.292 Y107.246 E226.83679
G1 X145.872 Y106.716 E226.85929
G1 X145.398 Y106.23 E226.88187
G1 X144.876 Y105.795 E226.90447
G1 X144.308 Y105.419 E226.92712
G1 X143.71 Y105.104 E226.9496
G1 X143.076 Y104.853 E226.97228
G1 X142.424 Y104.67 E226.9948
G0 F7200 X138.692 Y104.751
G1 F1500 X138.611 Y104.67 E226.99861
G0 F7200 X138.286 Y104.91
G1 F1500 X138.045 Y104.67 E227.00993
G0 F7200 X137.909 Y105.099
G1 F1500 X137.479 Y104.67 E227.03013
G0 F7200 X136.914 Y104.67
G1 F1500 X137.547 Y105.303 E227.0599
G0 F7200 X137.201 Y105.522
G1 F1500 X136.349 Y104.67 E227.09998
G0 F7200 X135.783 Y104.67
G1 F1500 X136.88 Y105.767 E227.15158
G0 F7200 X136.567 Y106.02
G1 F1500 X135.217 Y104.67 E227.21508
G0 F7200 X134.652 Y104.67
G1 F1500 X136.28 Y106.299 E227.29168
G0 F7200 X136.004 Y106.589
G1 F1500 X134.086 Y104.67 E227.38192
G0 F7200 X133.52 Y104.67
G1 F1500 X135.748 Y106.898 E227.48672
G0 F7200 X135.51 Y107.226
G1 F1500 X132.955 Y104.67 E227.60692
G0 F7200 X132.389 Y104.67
G1 F1500 X135.285 Y107.567 E227.74316
G0 F7200 X135.087 Y107.934
G1 F1500 X131.823 Y104.67 E227.89669
G0 F7200 X131.258 Y104.67
G1 F1500 X134.9 Y108.313 E228.06802
G0 F7200 X134.739 Y108.718
G1 F1500 X130.692 Y104.67 E228.25841
G0 F7200 X130.126 Y104.67
G1 F1500 X134.602 Y109.146 E228.46894
G0 F7200 X134.484 Y109.594
G1 F1500 X129.561 Y104.671 E228.70051
G0 F7200 X128.996 Y104.671
G1 F1500 X134.402 Y110.078 E228.95481
G0 F7200 X134.353 Y110.595
G1 F1500 X128.43 Y104.671 E229.23343
G0 F7200 X127.864 Y104.671
G1 F1500 X134.342 Y111.149 E229.53814
G0 F7200 X134.38 Y111.753
G1 F1500 X127.299 Y104.671 E229.87123
G0 F7200 X126.733 Y104.671
G1 F1500 X134.491 Y112.429 E230.23614
G1 X134.561 Y112.499
G0 F7200 X134.721 Y113.225
G1 F1500 X126.167 Y104.671 E230.6385
G0 F7200 X125.601 Y104.671
G1 F1500 X135.177 Y114.247 E231.08892
G1 X135.247 Y114.317
G0 F7200 X135.427 Y117.325
G1 F1500 X122.773 Y104.671 E231.68413
G0 F7200 X122.208 Y104.672
G1 F1500 X134.862 Y117.325 E232.27931
G0 F7200 X134.296 Y117.325
G1 F1500 X121.642 Y104.672 E232.87449
G0 F7200 X121.077 Y104.672
G1 F1500 X133.73 Y117.325 E233.46965
G0 F7200 X133.165 Y117.325
G1 F1500 X120.511 Y104.672 E234.06483
G0 F7200 X119.945 Y104.672
G1 F1500 X132.599 Y117.325 E234.66001
G0 F7200 X132.033 Y117.325
G1 F1500 X119.38 Y104.672 E235.25517
G0 F7200 X118.814 Y104.672
G1 F1500 X131.468 Y117.325 E235.85035
G0 F7200 X130.902 Y117.325
G1 F1500 X118.248 Y104.672 E236.44554
G0 F7200 X117.683 Y104.672
G1 F1500 X130.336 Y117.325 E237.04069
G0 F7200 X129.771 Y117.325
G1 F1500 X117.117 Y104.672 E237.63588
G0 F7200 X116.551 Y104.672
G1 F1500 X129.205 Y117.325 E238.23106
G0 F7200 X128.639 Y117.325
G1 F1500 X115.986 Y104.672 E238.82622
G0 F7200 X115.421 Y104.673
G1 F1500 X128.074 Y117.325 E239.42135
G0 F7200 X127.508 Y117.325
G1 F1500 X114.855 Y104.673 E240.01649
G0 F7200 X114.289 Y104.673
G1 F1500 X126.942 Y117.325 E240.61162
G0 F7200 X126.376 Y117.325
G1 F1500 X113.723 Y104.673 E241.20676
G0 F7200 X113.158 Y104.673
G1 F1500 X125.811 Y117.325 E241.80189
G0 F7200 X125.246 Y117.326
G1 F1500 X112.592 Y104.673 E242.39707
G0 F7200 X112.026 Y104.673
G1 F1500 X124.68 Y117.326 E242.99225
G0 F7200 X124.114 Y117.326
G1 F1500 X111.461 Y104.673 E243.58741
G0 F7200 X110.895 Y104.673
G1 F1500 X123.549 Y117.326 E244.18259
G0 F7200 X122.983 Y117.326
G1 F1500 X110.329 Y104.673 E244.77778
G0 F7200 X109.764 Y104.673
G1 F1500 X122.417 Y117.326 E245.37293
G0 F7200 X121.852 Y117.326
G1 F1500 X109.198 Y104.673 E245.96812
G0 F7200 X108.633 Y104.673
G1 F1500 X121.286 Y117.326 E246.56328
G0 F7200 X120.72 Y117.326
G1 F1500 X108.067 Y104.673 E247.15843
G0 F7200 X107.502 Y104.673
G1 F1500 X120.155 Y117.326 E247.75359
G0 F7200 X119.589 Y117.326
G1 F1500 X106.936 Y104.673 E248.34875
G0 F7200 X106.37 Y104.673
G1 F1500 X119.023 Y117.326 E248.94391
G0 F7200 X118.458 Y117.326
G1 F1500 X105.805 Y104.673 E249.53907
G0 F7200 X105.239 Y104.673
G1 F1500 X117.892 Y117.326 E250.13422
G0 F7200 X117.326 Y117.326
G1 F1500 X104.673 Y104.673 E250.72938
G0 F7200 X104.108 Y104.673
G1 F1500 X116.761 Y117.326 E251.32454
G0 F7200 X116.195 Y117.326
G1 F1500 X103.542 Y104.673 E251.9197
G0 F7200 X102.976 Y104.673
G1 F1500 X115.629 Y117.326 E252.51486
G0 F7200 X115.063 Y117.326
G1 F1500 X102.41 Y104.673 E253.11002
G0 F7200 X101.845 Y104.673
G1 F1500 X114.498 Y117.326 E253.70517
G0 F7200 X113.932 Y117.326
G1 F1500 X101.28 Y104.674 E254.30029
G0 F7200 X100.714 Y104.674
G1 F1500 X113.366 Y117.326 E254.8954
G0 F7200 X112.801 Y117.326
G1 F1500 X100.148 Y104.674 E255.49053
G0 F7200 X99.583 Y104.674
G1 F1500 X112.235 Y117.326 E256.08564
G0 F7200 X111.67 Y117.327
G1 F1500 X99.017 Y104.674 E256.6808
G0 F7200 X98.451 Y104.674
G1 F1500 X111.104 Y117.327 E257.27596
G0 F7200 X110.539 Y117.327
G1 F1500 X97.886 Y104.674 E257.87112
G0 F7200 X97.32 Y104.674
G1 F1500 X109.973 Y117.327 E258.46628
G0 F7200 X109.407 Y117.327
G1 F1500 X96.754 Y104.674 E259.06144
G0 F7200 X96.189 Y104.674
G1 F1500 X108.842 Y117.327 E259.65659
G0 F7200 X108.276 Y117.327
G1 F1500 X95.623 Y104.674 E260.25175
G0 F7200 X95.057 Y104.674
G1 F1500 X107.71 Y117.327 E260.84691
G0 F7200 X107.145 Y117.327
G1 F1500 X94.492 Y104.675 E261.44205
G0 F7200 X93.927 Y104.675
G1 F1500 X106.579 Y117.327 E262.03716
G0 F7200 X106.013 Y117.327
G1 F1500 X93.361 Y104.675 E262.63227
G0 F7200 X92.795 Y104.675
G1 F1500 X105.448 Y117.327 E263.2274
G0 F7200 X104.882 Y117.327
G1 F1500 X92.23 Y104.675 E263.82251
G0 F7200 X91.664 Y104.675
G1 F1500 X104.316 Y117.327 E264.41762
G0 F7200 X103.75 Y117.327
G1 F1500 X91.098 Y104.675 E265.01274
G0 F7200 X90.533 Y104.675
G1 F1500 X103.185 Y117.327 E265.60785
G0 F7200 X102.619 Y117.327
G1 F1500 X89.967 Y104.675 E266.20296
G0 F7200 X89.401 Y104.675
G1 F1500 X102.053 Y117.327 E266.79807
G0 F7200 X101.488 Y117.327
G1 F1500 X88.835 Y104.675 E267.3932
G0 F7200 X88.27 Y104.675
G1 F1500 X100.922 Y117.327 E267.98832
G0 F7200 X100.356 Y117.327
G1 F1500 X87.705 Y104.675 E268.5834
G0 F7200 X87.139 Y104.675
G1 F1500 X99.791 Y117.327 E269.17852
G0 F7200 X99.225 Y117.327
G1 F1500 X86.573 Y104.675 E269.77363
G0 F7200 X86.008 Y104.675
G1 F1500 X98.659 Y117.327 E270.36871
G0 F7200 X98.094 Y117.328
G1 F1500 X85.442 Y104.675 E270.96385
G0 F7200 X84.876 Y104.675
G1 F1500 X97.529 Y117.328 E271.55901
G0 F7200 X96.963 Y117.328
G1 F1500 X84.311 Y104.675 E272.15414
G0 F7200 X83.745 Y104.675
G1 F1500 X96.397 Y117.328 E272.74928
G0 F7200 X95.832 Y117.328
G1 F1500 X83.179 Y104.675 E273.34444
G0 F7200 X82.614 Y104.675
G1 F1500 X95.266 Y117.328 E273.93957
G0 F7200 X94.7 Y117.328
G1 F1500 X82.048 Y104.675 E274.53471
G0 F7200 X81.482 Y104.675
G1 F1500 X94.135 Y117.328 E275.12986
G0 F7200 X93.569 Y117.328
G1 F1500 X80.917 Y104.676 E275.72497
G0 F7200 X80.388 Y104.712
G1 F1500 X93.003 Y117.328 E276.31837
G0 F7200 X92.437 Y117.328
G1 F1500 X79.89 Y104.78 E276.90857
G0 F7200 X79.425 Y104.881
G1 F1500 X91.872 Y117.328 E277.49403
G0 F7200 X91.306 Y117.328
G1 F1500 X78.99 Y105.011 E278.07336
G0 F7200 X78.576 Y105.163
G1 F1500 X90.74 Y117.328 E278.64554
G0 F7200 X90.175 Y117.328
G1 F1500 X78.185 Y105.338 E279.20952
G0 F7200 X77.819 Y105.538
G1 F1500 X89.609 Y117.328 E279.76408
G0 F7200 X89.043 Y117.328
G1 F1500 X77.472 Y105.757 E280.30835
G0 F7200 X77.141 Y105.991
G1 F1500 X88.478 Y117.328 E280.84161
G0 F7200 X87.912 Y117.328
G1 F1500 X76.832 Y106.247 E281.3628
G0 F7200 X76.542 Y106.523
G1 F1500 X87.346 Y117.328 E281.87101
G0 F7200 X86.781 Y117.328
G1 F1500 X76.265 Y106.812 E282.36565
G0 F7200 X76.006 Y107.119
G1 F1500 X86.215 Y117.328 E282.84585
G0 F7200 X85.649 Y117.328
G1 F1500 X75.772 Y107.45 E283.31046
G0 F7200 X75.552 Y107.797
G1 F1500 X85.084 Y117.328 E283.75879
G0 F7200 X84.519 Y117.328
G1 F1500 X75.351 Y108.161 E284.19
G0 F7200 X75.173 Y108.549
G1 F1500 X83.953 Y117.328 E284.60296
G0 F7200 X83.387 Y117.328
G1 F1500 X75.018 Y108.959 E284.99661
G0 F7200 X74.888 Y109.395
G1 F1500 X82.822 Y117.328 E285.36978
G0 F7200 X82.256 Y117.328
G1 F1500 X74.782 Y109.855 E285.72131
G0 F7200 X74.711 Y110.349
G1 F1500 X81.69 Y117.328 E286.04958
G0 F7200 X81.124 Y117.328
G1 F1500 X74.678 Y110.882 E286.35278
G0 F7200 X74.698 Y111.468
G1 F1500 X80.533 Y117.303 E286.62724
G0 F7200 X79.886 Y117.221
G1 F1500 X74.779 Y112.114 E286.86746
G0 F7200 X74.964 Y112.865
G1 F1500 X79.136 Y117.037 E287.0637
G1 X79.206 Y117.107
G0 F7200 X78.194 Y116.661
G1 F1500 X75.345 Y113.811 E287.19773
G1 X75.275 Y113.741
G0 F7200 X123.339 Y104.671
G1 F1500 X135.993 Y117.325 E287.79294
G0 F7200 X136.559 Y117.325
G1 F1500 X123.904 Y104.671 E288.38816
G0 F7200 X124.47 Y104.671
G1 F1500 X137.124 Y117.325 E288.98337
G0 F7200 X137.69 Y117.325
G1 F1500 X125.036 Y104.671 E289.57857
G1 X124.966 Y104.601
G0 F7200 X137.74 Y116.809
G1 F1500 X138.256 Y117.325 E289.60285
;MESH:NONMESH
G0 F600 X138.256 Y117.325 Z0.9
G0 F7200 X135.995 Y114.551
G0 X135.364 Y113.431
G0 X134.981 Y112.206
G0 X134.864 Y110.928
G0 X135.012 Y109.655
G0 X135.423 Y108.437
G0 X136.077 Y107.334
G0 X136.948 Y106.391
G0 X137.995 Y105.65
G0 X139.173 Y105.141
G0 X140.431 Y104.889
G0 X142.284 Y104.942
G0 X142.269 Y105.032
;TIME_ELAPSED:301.658540
;LAYER:3
;TYPE:WALL-INNER
;MESH:??????????????????6.stl
G1 F3000 X141.638 Y104.933 E289.62409
G1 X141 Y104.899 E289.64534
G1 X140.362 Y104.933 E289.66659
G1 X139.731 Y105.032 E289.68783
G1 X139.115 Y105.198 E289.70905
G1 X138.517 Y105.427 E289.73035
G1 X137.951 Y105.717 E289.7515
G1 X137.413 Y106.065 E289.77281
G1 X136.919 Y106.465 E289.79396
G1 X136.465 Y106.919 E289.81531
G1 X136.065 Y107.413 E289.83645
G1 X135.717 Y107.951 E289.85776
G1 X135.427 Y108.517 E289.87892
G1 X135.198 Y109.115 E289.90021
G1 X135.032 Y109.731 E289.92143
G1 X134.934 Y110.358 E289.94254
G1 X134.899 Y111 E289.96392
G1 X134.934 Y111.642 E289.98531
G1 X135.032 Y112.269 E290.00642
G1 X135.198 Y112.885 E290.02764
G1 X135.427 Y113.483 E290.04893
G1 X135.717 Y114.049 E290.07009
G1 X136.065 Y114.587 E290.0914
G1 X136.465 Y115.081 E290.11254
G1 X136.919 Y115.535 E290.13389
G1 X137.413 Y115.935 E290.15503
G1 X137.951 Y116.283 E290.17635
G1 X138.517 Y116.573 E290.1975
G1 X139.115 Y116.802 E290.2188
G1 X139.731 Y116.968 E290.24002
G1 X140.362 Y117.067 E290.26126
G1 X141 Y117.101 E290.28251
G1 X141.638 Y117.067 E290.30376
G1 X142.269 Y116.968 E290.325
G1 X142.885 Y116.802 E290.34622
G1 X143.483 Y116.573 E290.36752
G1 X144.049 Y116.283 E290.38867
G1 X144.586 Y115.935 E290.40996
G1 X145.081 Y115.535 E290.43112
G1 X145.535 Y115.081 E290.45248
G1 X145.935 Y114.587 E290.47362
G1 X146.283 Y114.049 E290.49493
G1 X146.573 Y113.483 E290.51608
G1 X146.802 Y112.885 E290.53738
G1 X146.968 Y112.269 E290.5586
G1 X147.066 Y111.642 E290.57971
G1 X147.101 Y111 E290.60109
G1 X147.066 Y110.358 E290.62248
G1 X146.968 Y109.731 E290.64358
G1 X146.802 Y109.115 E290.6648
G1 X146.573 Y108.517 E290.6861
G1 X146.283 Y107.951 E290.70725
G1 X145.935 Y107.413 E290.72857
G1 X145.535 Y106.919 E290.74971
G1 X145.081 Y106.465 E290.77106
G1 X144.586 Y106.065 E290.79223
G1 X144.049 Y105.717 E290.81351
G1 X143.483 Y105.427 E290.83466
G1 X142.885 Y105.198 E290.85596
G1 X142.269 Y105.032 E290.87718
G0 F7200 X142.186 Y105.424
;TYPE:WALL-OUTER
G1 F3000 X141.596 Y105.331 E290.89705
G1 X141 Y105.3 E290.9169
G1 X140.404 Y105.331 E290.93675
G1 X139.814 Y105.424 E290.95661
G1 X139.239 Y105.579 E290.97642
G1 X138.68 Y105.793 E290.99633
G1 X138.151 Y106.064 E291.0161
G1 X137.648 Y106.389 E291.03602
G1 X137.187 Y106.763 E291.05576
G1 X136.763 Y107.187 E291.0757
G1 X136.389 Y107.648 E291.09545
G1 X136.064 Y108.151 E291.11537
G1 X135.793 Y108.68 E291.13513
G1 X135.579 Y109.239 E291.15504
G1 X135.424 Y109.814 E291.17485
G1 X135.332 Y110.4 E291.19458
G1 X135.3 Y111 E291.21456
G1 X135.332 Y111.6 E291.23455
G1 X135.424 Y112.186 E291.25428
G1 X135.579 Y112.761 E291.27408
G1 X135.793 Y113.32 E291.29399
G1 X136.064 Y113.849 E291.31376
G1 X136.389 Y114.352 E291.33368
G1 X136.763 Y114.813 E291.35342
G1 X137.187 Y115.237 E291.37337
G1 X137.648 Y115.611 E291.39311
G1 X138.151 Y115.936 E291.41303
G1 X138.68 Y116.207 E291.4328
G1 X139.239 Y116.421 E291.45271
G1 X139.814 Y116.576 E291.47251
G1 X140.404 Y116.669 E291.49238
G1 X141 Y116.7 E291.51223
G1 X141.596 Y116.669 E291.53208
G1 X142.186 Y116.576 E291.55195
G1 X142.761 Y116.421 E291.57175
G1 X143.32 Y116.207 E291.59166
G1 X143.849 Y115.936 E291.61143
G1 X144.351 Y115.611 E291.63132
G1 X144.813 Y115.237 E291.65109
G1 X145.237 Y114.813 E291.67103
G1 X145.611 Y114.352 E291.69078
G1 X145.936 Y113.849 E291.7107
G1 X146.207 Y113.32 E291.73047
G1 X146.421 Y112.761 E291.75037
G1 X146.576 Y112.186 E291.77018
G1 X146.668 Y111.6 E291.78991
G1 X146.7 Y111 E291.8099
G1 X146.668 Y110.4 E291.82988
G1 X146.576 Y109.814 E291.84961
G1 X146.421 Y109.239 E291.86942
G1 X146.207 Y108.68 E291.88932
G1 X145.936 Y108.151 E291.90909
G1 X145.611 Y107.648 E291.92901
G1 X145.237 Y107.187 E291.94876
G1 X144.813 Y106.763 E291.9687
G1 X144.351 Y106.389 E291.98847
G1 X143.849 Y106.064 E292.00836
G1 X143.32 Y105.793 E292.02813
G1 X142.761 Y105.579 E292.04804
G1 X142.186 Y105.424 E292.06784
G0 F7200 X141.989 Y105.393
G0 X142.058 Y104.959
G0 X142.136 Y104.198
;TYPE:WALL-INNER
G1 F3000 X142.746 Y104.329 E292.0886
G1 X143.341 Y104.514 E292.10932
G1 X143.906 Y104.747 E292.12965
G1 X144.461 Y105.036 E292.15046
G1 X144.978 Y105.367 E292.17088
G1 X145.461 Y105.742 E292.19121
G1 X145.923 Y106.173 E292.21223
G1 X146.339 Y106.635 E292.23291
G1 X146.704 Y107.124 E292.2532
G1 X147.027 Y107.649 E292.2737
G1 X147.301 Y108.2 E292.29417
G1 X147.533 Y108.795 E292.31541
G1 X147.7 Y109.373 E292.33542
G1 X147.82 Y109.981 E292.35604
G1 X147.882 Y110.599 E292.37669
G1 X147.892 Y111.228 E292.39762
G1 X147.846 Y111.839 E292.418
G1 X147.743 Y112.444 E292.43841
G1 X147.587 Y113.042 E292.45896
G1 X147.375 Y113.629 E292.47972
G1 X147.117 Y114.185 E292.50011
G1 X146.805 Y114.723 E292.52079
G1 X146.451 Y115.224 E292.5412
G1 X146.045 Y115.7 E292.562
G1 X145.61 Y116.127 E292.58228
G1 X145.127 Y116.524 E292.60307
G1 X144.614 Y116.872 E292.62369
G1 X144.073 Y117.171 E292.64425
G1 X143.503 Y117.424 E292.66499
G1 X142.92 Y117.623 E292.68548
G1 X142.332 Y117.764 E292.70559
G1 X141.705 Y117.858 E292.72668
G1 X141.081 Y117.894 E292.74747
G1 X86.333 Y117.9 E294.56839
G1 X81.027 Y117.9 E294.74487
G1 X80.365 Y117.869 E294.76692
G1 X79.77 Y117.789 E294.78688
G1 X79.162 Y117.65 E294.80763
G1 X78.579 Y117.461 E294.82801
G1 X78.003 Y117.215 E294.84884
G1 X77.464 Y116.925 E294.8692
G1 X76.943 Y116.581 E294.88997
G1 X76.462 Y116.196 E294.91046
G1 X76.016 Y115.77 E294.93097
G1 X75.61 Y115.306 E294.95148
G1 X75.238 Y114.794 E294.97253
G1 X74.924 Y114.27 E294.99284
G1 X74.654 Y113.705 E295.01367
G1 X74.441 Y113.139 E295.03379
G1 X74.275 Y112.537 E295.05456
G1 X74.161 Y111.908 E295.07582
G1 X74.108 Y111.317 E295.09555
G1 X74.108 Y110.683 E295.11664
G1 X74.161 Y110.092 E295.13638
G1 X74.275 Y109.463 E295.15764
G1 X74.441 Y108.861 E295.17841
G1 X74.654 Y108.295 E295.19852
G1 X74.924 Y107.73 E295.21935
G1 X75.238 Y107.206 E295.23967
G1 X75.61 Y106.694 E295.26072
G1 X76.016 Y106.23 E295.28122
G1 X76.462 Y105.804 E295.30174
G1 X76.943 Y105.419 E295.32223
G1 X77.464 Y105.075 E295.34299
G1 X78.003 Y104.785 E295.36335
G1 X78.579 Y104.539 E295.38418
G1 X79.162 Y104.35 E295.40457
G1 X79.77 Y104.211 E295.42531
G1 X80.365 Y104.131 E295.44528
G1 X81.027 Y104.1 E295.46732
G1 X140.974 Y104.1 E297.46117
G1 X141.54 Y104.124 E297.48001
G1 X142.136 Y104.198 E297.49998
G0 F7200 X142.201 Y103.803
;TYPE:WALL-OUTER
G1 F3000 X142.85 Y103.942 E297.52206
G1 X143.476 Y104.137 E297.54387
G1 X144.078 Y104.385 E297.56552
G1 X144.662 Y104.689 E297.58742
G1 X145.205 Y105.037 E297.60887
G1 X145.726 Y105.442 E297.63082
G1 X146.206 Y105.889 E297.65263
G1 X146.649 Y106.382 E297.67468
G1 X147.031 Y106.894 E297.69592
G1 X147.378 Y107.456 E297.71789
G1 X147.671 Y108.046 E297.7398
G1 X147.909 Y108.655 E297.76155
G1 X148.089 Y109.282 E297.78325
G1 X148.216 Y109.925 E297.80505
G1 X148.282 Y110.576 E297.82681
G1 X148.292 Y111.241 E297.84893
G1 X148.244 Y111.882 E297.87031
G1 X148.134 Y112.531 E297.8922
G1 X147.97 Y113.16 E297.91382
G1 X147.744 Y113.783 E297.93587
G1 X147.472 Y114.371 E297.95741
G1 X147.141 Y114.941 E297.97934
G1 X146.77 Y115.467 E298.00074
G1 X146.341 Y115.969 E298.02271
G1 X145.874 Y116.428 E298.04449
G1 X145.365 Y116.846 E298.06639
G1 X144.824 Y117.213 E298.08814
G1 X144.251 Y117.53 E298.10992
G1 X143.648 Y117.798 E298.13186
G1 X143.033 Y118.007 E298.15347
G1 X142.407 Y118.158 E298.17489
G1 X141.754 Y118.255 E298.19684
G1 X141.087 Y118.294 E298.21907
G1 X86.333 Y118.3 E300.04019
G1 X81.009 Y118.3 E300.21727
G1 X80.337 Y118.269 E300.23964
G1 X79.695 Y118.182 E300.26119
G1 X79.059 Y118.037 E300.28289
G1 X78.434 Y117.834 E300.30474
G1 X77.835 Y117.578 E300.32641
G1 X77.255 Y117.266 E300.34831
G1 X76.709 Y116.906 E300.37007
G1 X76.2 Y116.499 E300.39174
G1 X75.726 Y116.046 E300.41355
G1 X75.293 Y115.551 E300.43542
G1 X74.908 Y115.021 E300.45721
G1 X74.568 Y114.452 E300.47926
G1 X74.289 Y113.869 E300.50075
G1 X74.058 Y113.257 E300.52251
G1 X73.884 Y112.626 E300.54428
G1 X73.765 Y111.97 E300.56646
G1 X73.708 Y111.33 E300.58783
G1 X73.708 Y110.67 E300.60978
G1 X73.765 Y110.03 E300.63115
G1 X73.884 Y109.374 E300.65332
G1 X74.058 Y108.743 E300.67509
G1 X74.289 Y108.131 E300.69685
G1 X74.568 Y107.548 E300.71835
G1 X74.908 Y106.979 E300.74039
G1 X75.293 Y106.449 E300.76218
G1 X75.726 Y105.954 E300.78406
G1 X76.2 Y105.501 E300.80586
G1 X76.709 Y105.094 E300.82754
G1 X77.255 Y104.734 E300.84929
G1 X77.835 Y104.422 E300.8712
G1 X78.434 Y104.166 E300.89286
G1 X79.059 Y103.963 E300.91472
G1 X79.695 Y103.818 E300.93642
G1 X80.337 Y103.731 E300.95796
G1 X81.009 Y103.7 E300.98034
G1 X140.991 Y103.7 E302.97535
G1 X141.569 Y103.725 E302.99459
G1 X142.201 Y103.803 E303.01577
G0 F7200 X142.396 Y103.844
G0 X142.303 Y104.274
G0 X142.351 Y104.65
;TYPE:SKIN
G1 F1500 X141.679 Y104.545 E303.03839
G1 X141 Y104.509 E303.06101
G1 X140.321 Y104.545 E303.08362
G1 X139.649 Y104.65 E303.10624
G1 X138.994 Y104.827 E303.12881
G1 X138.357 Y105.07 E303.15149
G1 X137.756 Y105.379 E303.17396
G1 X137.183 Y105.749 E303.19665
G1 X136.658 Y106.175 E303.21914
G1 X136.175 Y106.658 E303.24186
G1 X135.749 Y107.183 E303.26434
G1 X135.379 Y107.756 E303.28703
G1 X135.07 Y108.357 E303.30951
G1 X134.827 Y108.994 E303.33218
G1 X134.65 Y109.649 E303.35475
G1 X134.546 Y110.317 E303.37723
G1 X134.509 Y111 E303.39998
G1 X134.546 Y111.683 E303.42273
G1 X134.65 Y112.351 E303.44522
G1 X134.827 Y113.006 E303.46779
G1 X135.07 Y113.643 E303.49046
G1 X135.379 Y114.244 E303.51294
G1 X135.749 Y114.817 E303.53562
G1 X136.175 Y115.342 E303.55811
G1 X136.658 Y115.825 E303.58083
G1 X137.183 Y116.251 E303.60332
G1 X137.756 Y116.621 E303.626
G1 X138.357 Y116.93 E303.64848
G1 X138.994 Y117.173 E303.67116
G1 X139.649 Y117.35 E303.69372
G1 X140.321 Y117.455 E303.71634
G1 X141 Y117.491 E303.73896
G1 X141.679 Y117.455 E303.76158
G1 X142.351 Y117.35 E303.7842
G1 X143.006 Y117.173 E303.80676
G1 X143.643 Y116.93 E303.82944
G1 X144.244 Y116.621 E303.85192
G1 X144.816 Y116.251 E303.87457
G1 X145.342 Y115.825 E303.89709
G1 X145.825 Y115.342 E303.91981
G1 X146.251 Y114.817 E303.94229
G1 X146.621 Y114.244 E303.96498
G1 X146.93 Y113.643 E303.98746
G1 X147.173 Y113.006 E304.01013
G1 X147.35 Y112.351 E304.0327
G1 X147.454 Y111.683 E304.05518
G1 X147.491 Y111 E304.07793
G1 X147.454 Y110.317 E304.10068
G1 X147.35 Y109.649 E304.12317
G1 X147.173 Y108.994 E304.14574
G1 X146.93 Y108.357 E304.16841
G1 X146.621 Y107.756 E304.19089
G1 X146.251 Y107.183 E304.21357
G1 X145.825 Y106.658 E304.23606
G1 X145.342 Y106.175 E304.25878
G1 X144.816 Y105.749 E304.28129
G1 X144.244 Y105.379 E304.30395
G1 X143.643 Y105.07 E304.32643
G1 X143.006 Y104.827 E304.3491
G1 X142.351 Y104.65 E304.37167
G0 F7200 X142.064 Y104.582
G1 F1500 X142.658 Y104.709 E304.39187
G1 X143.203 Y104.879 E304.41086
G1 X143.743 Y105.102 E304.43029
G1 X144.271 Y105.377 E304.45009
G1 X144.744 Y105.679 E304.46876
G1 X145.214 Y106.044 E304.48855
G1 X145.644 Y106.446 E304.50813
G1 X146.038 Y106.884 E304.52772
G1 X146.378 Y107.338 E304.54659
G1 X146.69 Y107.845 E304.56639
G1 X146.941 Y108.351 E304.58518
G1 X147.16 Y108.91 E304.60514
G1 X147.323 Y109.475 E304.6247
G1 X147.434 Y110.034 E304.64366
G1 X147.492 Y110.62 E304.66324
G1 X147.502 Y111.234 E304.68367
G1 X147.46 Y111.786 E304.70208
G1 X147.365 Y112.346 E304.72097
G1 X147.213 Y112.928 E304.74098
G1 X147.009 Y113.492 E304.76093
G1 X146.772 Y114.004 E304.77969
G1 X146.48 Y114.508 E304.79907
G1 X146.145 Y114.983 E304.8184
G1 X145.761 Y115.432 E304.83805
G1 X145.357 Y115.829 E304.85689
G1 X144.888 Y116.214 E304.87707
G1 X144.407 Y116.541 E304.89641
G1 X143.907 Y116.817 E304.91541
G1 X143.355 Y117.063 E304.93551
G1 X142.81 Y117.249 E304.95466
G1 X142.265 Y117.379 E304.9733
G1 X141.668 Y117.468 E304.99337
G1 X141.058 Y117.504 E305.0137
G1 X86.333 Y117.51 E306.83386
G1 X81.045 Y117.51 E307.00974
G1 X80.39 Y117.479 E307.03155
G1 X79.843 Y117.406 E307.0499
G1 X79.27 Y117.275 E307.06945
G1 X78.72 Y117.097 E307.08868
G1 X78.162 Y116.858 E307.10887
G1 X77.672 Y116.594 E307.12738
G1 X77.165 Y116.26 E307.14758
G1 X76.715 Y115.899 E307.16676
G1 X76.304 Y115.506 E307.18568
G1 X75.918 Y115.065 E307.20517
G1 X75.563 Y114.577 E307.22524
G1 X75.259 Y114.069 E307.24493
G1 X75.015 Y113.557 E307.2638
G1 X74.811 Y113.015 E307.28306
G1 X74.657 Y112.456 E307.30234
G1 X74.545 Y111.838 E307.32323
G1 X74.498 Y111.304 E307.34106
G1 X74.498 Y110.696 E307.36128
G1 X74.545 Y110.162 E307.37911
G1 X74.658 Y109.54 E307.40014
G1 X74.812 Y108.981 E307.41943
G1 X75.017 Y108.438 E307.43873
G1 X75.259 Y107.931 E307.45742
G1 X75.563 Y107.423 E307.47711
G1 X75.92 Y106.932 E307.4973
G1 X76.304 Y106.494 E307.51667
G1 X76.715 Y106.101 E307.53558
G1 X77.165 Y105.74 E307.55477
G1 X77.671 Y105.406 E307.57494
G1 X78.162 Y105.142 E307.59348
G1 X78.72 Y104.903 E307.61367
G1 X79.271 Y104.725 E307.63293
G1 X79.843 Y104.594 E307.65245
G1 X80.39 Y104.521 E307.6708
G1 X81.045 Y104.49 E307.69261
G1 X140.958 Y104.49 E309.68532
G1 X141.512 Y104.514 E309.70377
G1 X142.064 Y104.582 E309.72227
G0 F7200 X139.723 Y104.993
G0 X138.501 Y105.391
G0 X137.39 Y106.033
G0 X136.436 Y106.893
G0 X135.683 Y107.931
G0 X135.16 Y109.103
G0 X134.895 Y110.354
G0 X134.895 Y111.646
G0 X135.16 Y112.897
G0 X135.683 Y114.069
G0 X136.292 Y114.909
G0 X138.509 Y117.18
G1 F1500 X138.365 Y117.324 E309.72904
G0 F7200 X138.115 Y117.008
G1 F1500 X137.799 Y117.324 E309.7439
G0 F7200 X137.742 Y116.816
G1 F1500 X137.233 Y117.324 E309.76782
G0 F7200 X136.668 Y117.324
G1 F1500 X137.392 Y116.6 E309.80188
G0 F7200 X137.051 Y116.375
G1 F1500 X136.102 Y117.324 E309.84651
G0 F7200 X135.536 Y117.324
G1 F1500 X136.739 Y116.121 E309.9031
G0 F7200 X136.436 Y115.859
G1 F1500 X134.971 Y117.324 E309.97201
G0 F7200 X134.405 Y117.324
G1 F1500 X136.153 Y115.576 E310.05423
G0 F7200 X135.888 Y115.276
G1 F1500 X133.839 Y117.324 E310.15058
G0 F7200 X133.274 Y117.324
G1 F1500 X135.635 Y114.963 E310.26164
G0 F7200 X135.408 Y114.624
G1 F1500 X132.708 Y117.324 E310.38864
G0 F7200 X132.141 Y117.325
G1 F1500 X135.191 Y114.275 E310.5321
G0 F7200 X134.999 Y113.902
G1 F1500 X131.576 Y117.325 E310.69311
G0 F7200 X131.01 Y117.325
G1 F1500 X134.825 Y113.51 E310.87255
G0 F7200 X134.669 Y113.101
G1 F1500 X130.444 Y117.325 E311.07126
G0 F7200 X129.879 Y117.325
G1 F1500 X134.545 Y112.659 E311.29074
G0 F7200 X134.442 Y112.195
G1 F1500 X129.313 Y117.325 E311.53201
G0 F7200 X128.747 Y117.325
G1 F1500 X134.367 Y111.705 E311.79636
G0 F7200 X134.337 Y111.169
G1 F1500 X128.182 Y117.325 E312.0859
G0 F7200 X127.616 Y117.325
G1 F1500 X134.349 Y110.592 E312.4026
G0 F7200 X134.418 Y109.957
G1 F1500 X127.05 Y117.325 E312.74916
G0 F7200 X126.485 Y117.325
G1 F1500 X134.574 Y109.235 E313.12967
G1 X134.644 Y109.165
G0 F7200 X134.868 Y108.376
G1 F1500 X125.919 Y117.325 E313.5506
G0 F7200 X125.353 Y117.325
G1 F1500 X135.608 Y107.07 E314.03297
G1 X135.678 Y107
G0 F7200 X137.069 Y105.609
G1 F1500 X138.01 Y104.668 E314.07723
G0 F7200 X138.374 Y104.87
G1 F1500 X138.575 Y104.668 E314.08671
G0 F7200 X137.444 Y104.668
G1 F1500 X124.787 Y117.325 E314.68205
G0 F7200 X124.221 Y117.325
G1 F1500 X136.878 Y104.668 E315.2774
G0 F7200 X136.313 Y104.668
G1 F1500 X123.656 Y117.325 E315.87275
G0 F7200 X123.09 Y117.325
G1 F1500 X135.747 Y104.668 E316.46809
G0 F7200 X135.181 Y104.668
G1 F1500 X122.524 Y117.325 E317.06344
G0 F7200 X121.958 Y117.325
G1 F1500 X134.616 Y104.668 E317.65881
G0 F7200 X134.05 Y104.668
G1 F1500 X121.393 Y117.325 E318.25415
G0 F7200 X120.827 Y117.325
G1 F1500 X133.484 Y104.668 E318.8495
G0 F7200 X132.919 Y104.668
G1 F1500 X120.261 Y117.325 E319.44487
G0 F7200 X119.696 Y117.325
G1 F1500 X132.353 Y104.668 E320.04022
G0 F7200 X131.787 Y104.668
G1 F1500 X119.13 Y117.325 E320.63556
G0 F7200 X118.564 Y117.326
G1 F1500 X131.222 Y104.668 E321.23096
G0 F7200 X130.656 Y104.668
G1 F1500 X117.998 Y117.326 E321.82635
G0 F7200 X117.432 Y117.326
G1 F1500 X130.09 Y104.668 E322.42174
G0 F7200 X129.524 Y104.668
G1 F1500 X116.867 Y117.326 E323.01711
G0 F7200 X116.301 Y117.326
G1 F1500 X128.959 Y104.668 E323.61251
G0 F7200 X128.393 Y104.668
G1 F1500 X115.735 Y117.326 E324.2079
G0 F7200 X115.17 Y117.326
G1 F1500 X127.827 Y104.668 E324.80327
G0 F7200 X127.262 Y104.668
G1 F1500 X114.604 Y117.326 E325.39866
G0 F7200 X114.038 Y117.326
G1 F1500 X126.696 Y104.668 E325.99406
G0 F7200 X126.13 Y104.668
G1 F1500 X113.472 Y117.326 E326.58945
G0 F7200 X112.907 Y117.326
G1 F1500 X125.565 Y104.668 E327.18485
G0 F7200 X124.999 Y104.668
G1 F1500 X112.34 Y117.327 E327.78029
G0 F7200 X111.775 Y117.327
G1 F1500 X124.433 Y104.668 E328.3757
G0 F7200 X123.868 Y104.668
G1 F1500 X111.209 Y117.327 E328.97114
G0 F7200 X110.643 Y117.327
G1 F1500 X123.302 Y104.668 E329.56658
G0 F7200 X122.736 Y104.668
G1 F1500 X110.078 Y117.327 E330.162
G0 F7200 X109.512 Y117.327
G1 F1500 X122.171 Y104.668 E330.75744
G0 F7200 X121.605 Y104.668
G1 F1500 X108.946 Y117.327 E331.35288
G0 F7200 X108.381 Y117.327
G1 F1500 X121.039 Y104.668 E331.9483
G0 F7200 X120.474 Y104.668
G1 F1500 X107.815 Y117.327 E332.54374
G0 F7200 X107.249 Y117.327
G1 F1500 X119.908 Y104.668 E333.13918
G0 F7200 X119.342 Y104.668
G1 F1500 X106.684 Y117.327 E333.7346
G0 F7200 X106.118 Y117.327
G1 F1500 X118.776 Y104.668 E334.33001
G0 F7200 X118.211 Y104.668
G1 F1500 X105.551 Y117.328 E334.9255
G0 F7200 X104.986 Y117.328
G1 F1500 X117.645 Y104.668 E335.52097
G0 F7200 X117.079 Y104.668
G1 F1500 X104.42 Y117.328 E336.11643
G0 F7200 X103.854 Y117.328
G1 F1500 X116.514 Y104.668 E336.71192
G0 F7200 X115.948 Y104.668
G1 F1500 X103.289 Y117.328 E337.30738
G0 F7200 X102.723 Y117.328
G1 F1500 X115.382 Y104.668 E337.90285
G0 F7200 X114.817 Y104.668
G1 F1500 X102.157 Y117.328 E338.49833
G0 F7200 X101.592 Y117.328
G1 F1500 X114.251 Y104.668 E339.0938
G0 F7200 X113.685 Y104.668
G1 F1500 X101.026 Y117.328 E339.68926
G0 F7200 X100.46 Y117.328
G1 F1500 X113.12 Y104.668 E340.28475
G0 F7200 X112.554 Y104.668
G1 F1500 X99.895 Y117.328 E340.88021
G0 F7200 X99.328 Y117.328
G1 F1500 X111.988 Y104.668 E341.4757
G0 F7200 X111.423 Y104.668
G1 F1500 X98.763 Y117.328 E342.07119
G0 F7200 X98.197 Y117.328
G1 F1500 X110.857 Y104.668 E342.66668
G0 F7200 X110.291 Y104.668
G1 F1500 X97.631 Y117.328 E343.26216
G0 F7200 X97.065 Y117.328
G1 F1500 X109.726 Y104.668 E343.85767
G0 F7200 X109.16 Y104.668
G1 F1500 X96.5 Y117.328 E344.45316
G0 F7200 X95.934 Y117.328
G1 F1500 X108.594 Y104.668 E345.04865
G0 F7200 X108.028 Y104.668
G1 F1500 X95.368 Y117.328 E345.64414
G0 F7200 X94.803 Y117.328
G1 F1500 X107.463 Y104.668 E346.23963
G0 F7200 X106.897 Y104.668
G1 F1500 X94.237 Y117.328 E346.83511
G0 F7200 X93.671 Y117.328
G1 F1500 X106.331 Y104.668 E347.4306
G0 F7200 X105.766 Y104.668
G1 F1500 X93.106 Y117.328 E348.02609
G0 F7200 X92.539 Y117.329
G1 F1500 X105.2 Y104.668 E348.62162
G0 F7200 X104.634 Y104.668
G1 F1500 X91.974 Y117.329 E349.21713
G0 F7200 X91.408 Y117.329
G1 F1500 X104.069 Y104.668 E349.81267
G0 F7200 X103.503 Y104.668
G1 F1500 X90.842 Y117.329 E350.4082
G0 F7200 X90.277 Y117.329
G1 F1500 X102.937 Y104.668 E351.00371
G0 F7200 X102.372 Y104.668
G1 F1500 X89.711 Y117.329 E351.59925
G0 F7200 X89.145 Y117.329
G1 F1500 X101.806 Y104.668 E352.19478
G0 F7200 X101.24 Y104.668
G1 F1500 X88.579 Y117.329 E352.79032
G0 F7200 X88.014 Y117.329
G1 F1500 X100.675 Y104.668 E353.38585
G0 F7200 X100.109 Y104.668
G1 F1500 X87.448 Y117.329 E353.98139
G0 F7200 X86.882 Y117.329
G1 F1500 X99.543 Y104.668 E354.57692
G0 F7200 X98.977 Y104.668
G1 F1500 X86.317 Y117.329 E355.17243
G0 F7200 X85.751 Y117.329
G1 F1500 X98.412 Y104.668 E355.76797
G0 F7200 X97.846 Y104.668
G1 F1500 X85.185 Y117.329 E356.3635
G0 F7200 X84.62 Y117.329
G1 F1500 X97.28 Y104.668 E356.95901
G0 F7200 X96.715 Y104.668
G1 F1500 X84.054 Y117.329 E357.55455
G0 F7200 X83.488 Y117.329
G1 F1500 X96.149 Y104.668 E358.15008
G0 F7200 X95.583 Y104.668
G1 F1500 X82.923 Y117.329 E358.74559
G0 F7200 X82.357 Y117.329
G1 F1500 X95.018 Y104.668 E359.34113
G0 F7200 X94.452 Y104.668
G1 F1500 X81.791 Y117.329 E359.93666
G0 F7200 X81.226 Y117.329
G1 F1500 X93.886 Y104.668 E360.53217
G0 F7200 X93.321 Y104.668
G1 F1500 X80.678 Y117.311 E361.12686
G0 F7200 X80.157 Y117.266
G1 F1500 X92.755 Y104.668 E361.71943
G0 F7200 X92.189 Y104.668
G1 F1500 X79.675 Y117.183 E362.30808
G0 F7200 X79.222 Y117.07
G1 F1500 X91.624 Y104.668 E362.89143
G0 F7200 X91.058 Y104.668
G1 F1500 X78.795 Y116.932 E363.46827
G0 F7200 X78.398 Y116.763
G1 F1500 X90.492 Y104.668 E364.03715
G0 F7200 X89.927 Y104.668
G1 F1500 X78.019 Y116.576 E364.59727
G0 F7200 X77.659 Y116.37
G1 F1500 X89.361 Y104.668 E365.1477
G0 F7200 X88.795 Y104.668
G1 F1500 X77.318 Y116.145 E365.68754
G0 F7200 X77.001 Y115.897
G1 F1500 X88.229 Y104.668 E366.21569
G0 F7200 X87.664 Y104.668
G1 F1500 X76.699 Y115.633 E366.73145
G0 F7200 X76.412 Y115.355
G1 F1500 X87.098 Y104.668 E367.23411
G0 F7200 X86.532 Y104.668
G1 F1500 X76.148 Y115.053 E367.72257
G0 F7200 X75.901 Y114.734
G1 F1500 X85.967 Y104.668 E368.19604
G0 F7200 X85.401 Y104.668
G1 F1500 X75.668 Y114.401 E368.65385
G0 F7200 X75.457 Y114.047
G1 F1500 X84.835 Y104.668 E369.09499
G0 F7200 X84.27 Y104.668
G1 F1500 X75.269 Y113.669 E369.51837
G0 F7200 X75.101 Y113.272
G1 F1500 X83.704 Y104.668 E369.92305
G0 F7200 X83.138 Y104.668
G1 F1500 X74.954 Y112.852 E370.308
G0 F7200 X74.832 Y112.409
G1 F1500 X82.573 Y104.668 E370.67211
G0 F7200 X82.007 Y104.668
G1 F1500 X74.745 Y111.93 E371.0137
G0 F7200 X74.688 Y111.421
G1 F1500 X81.441 Y104.668 E371.33134
G0 F7200 X80.867 Y104.677
G1 F1500 X74.678 Y110.866 E371.62245
G0 F7200 X74.716 Y110.262
G1 F1500 X80.26 Y104.718 E371.88322
G0 F7200 X79.574 Y104.839
G1 F1500 X74.833 Y109.579 E372.1062
G1 X74.763 Y109.649
G0 F7200 X75.088 Y108.759
G1 F1500 X78.772 Y105.075 E372.27948
G1 X78.842 Y105.005
G0 F7200 X77.643 Y105.638
G1 F1500 X75.644 Y107.637 E372.37351
G1 X75.574 Y107.707
;MESH:NONMESH
G0 F600 X75.574 Y107.707 Z1.1
G0 F7200 X77.88 Y105.032
;TIME_ELAPSED:396.351689
;LAYER:4
;TYPE:FILL
;MESH:??????????????????6.stl
G1 F3000 X90.585 Y117.738 E372.97114
G0 F7200 X90.683 Y117.738
G1 F3000 X104.163 Y104.259 E373.60517
G0 F7200 X104.26 Y104.26
G1 F3000 X117.734 Y117.734 E374.23895
G0 F7200 X117.84 Y117.735
G1 F3000 X131.316 Y104.259 E374.87282
G0 F7200 X131.412 Y104.26
G1 F3000 X135.39 Y108.237 E375.05991
G1 X135.46 Y108.307
G0 F7200 X135.43 Y108.292
G0 X134.864 Y109.762
G1 F3000 X126.891 Y117.734 E375.43491
G0 F7200 X126.784 Y117.733
G1 F3000 X113.311 Y104.26 E376.06864
G0 F7200 X113.214 Y104.259
G1 F3000 X99.735 Y117.737 E376.70263
G0 F7200 X99.634 Y117.736
G1 F3000 X86.158 Y104.26 E377.33649
G0 F7200 X86.061 Y104.259
G1 F3000 X75.475 Y114.845 E377.83443
G1 X75.405 Y114.915
G0 F7200 X75.434 Y114.894
G0 X77.879 Y116.966
G1 F3000 X90.586 Y104.259 E378.43213
G0 F7200 X90.683 Y104.26
G1 F3000 X104.16 Y117.736 E379.06602
G0 F7200 X104.261 Y117.737
G1 F3000 X117.739 Y104.259 E379.69998
G0 F7200 X117.836 Y104.26
G1 F3000 X131.309 Y117.733 E380.33371
G0 F7200 X131.417 Y117.733
G1 F3000 X135.389 Y113.762 E380.52052
G1 X135.459 Y113.692
G0 F7200 X135.429 Y113.706
G0 X134.865 Y112.238
G1 F3000 X126.887 Y104.26 E380.89578
G0 F7200 X126.79 Y104.259
G1 F3000 X113.313 Y117.736 E381.5297
G0 F7200 X113.209 Y117.735
G1 F3000 X99.734 Y104.26 E382.16352
G0 F7200 X99.637 Y104.259
G1 F3000 X86.158 Y117.738 E382.79753
G0 F7200 X86.06 Y117.738
G1 F3000 X75.474 Y107.152 E383.29546
G1 X75.404 Y107.082
G0 F7200 X75.435 Y107.104
G0 X74.285 Y110.488
G1 F3000 X81.535 Y117.738 E383.63648
G0 F7200 X81.632 Y117.738
G1 F3000 X95.112 Y104.259 E384.27051
G0 F7200 X95.209 Y104.26
G1 F3000 X108.685 Y117.736 E384.90438
G0 F7200 X108.787 Y117.736
G1 F3000 X122.265 Y104.259 E385.53832
G0 F7200 X122.362 Y104.26
G1 F3000 X135.834 Y117.732 E386.17201
G0 F7200 X135.944 Y117.733
G1 F3000 X137.498 Y116.179 E386.2451
G1 X137.568 Y116.109
G0 F7200 X137.547 Y116.14
G0 X139.762 Y117.135
G1 F3000 X140.359 Y117.732 E386.27318
G0 F7200 X140.469 Y117.733
G1 F3000 X140.944 Y117.258 E386.29553
G0 F7200 X139.103 Y116.84
G0 X137.931 Y116.317
G0 X136.893 Y115.564
G0 X136.033 Y114.61
G0 X135.391 Y113.499
G0 X134.993 Y112.277
G0 X134.859 Y111
G0 X134.993 Y109.723
G0 X135.391 Y108.501
G0 X136.033 Y107.39
G0 X137.497 Y105.819
G1 F3000 X135.938 Y104.26 E386.36886
G0 F7200 X135.841 Y104.259
G1 F3000 X122.365 Y117.735 E387.00273
G0 F7200 X122.26 Y117.734
G1 F3000 X108.785 Y104.26 E387.63653
G0 F7200 X108.688 Y104.259
G1 F3000 X95.209 Y117.738 E388.27054
G0 F7200 X95.11 Y117.737
G1 F3000 X81.632 Y104.26 E388.90448
G0 F7200 X81.535 Y104.259
G1 F3000 X74.285 Y111.509 E389.24549
G1 X74.215 Y111.579
G0 F7200 X74.232 Y111.579
G0 X139.76 Y104.866
G1 F3000 X140.367 Y104.259 E389.27405
G0 F7200 X140.463 Y104.26
G1 F3000 X140.944 Y104.74 E389.29665
G0 F7200 X142.289 Y104.935
G0 X142.269 Y105.032
;TYPE:WALL-INNER
G1 F3000 X141.638 Y104.933 E389.31789
G1 X141 Y104.899 E389.33914
G1 X140.362 Y104.933 E389.36039
G1 X139.731 Y105.032 E389.38163
G1 X139.115 Y105.198 E389.40285
G1 X138.517 Y105.427 E389.42415
G1 X137.951 Y105.717 E389.4453
G1 X137.413 Y106.065 E389.46662
G1 X136.919 Y106.465 E389.48776
G1 X136.465 Y106.919 E389.50911
G1 X136.065 Y107.413 E389.53025
G1 X135.717 Y107.951 E389.55156
G1 X135.427 Y108.517 E389.57272
G1 X135.198 Y109.115 E389.59401
G1 X135.032 Y109.731 E389.61523
G1 X134.934 Y110.358 E389.63634
G1 X134.899 Y111 E389.65773
G1 X134.934 Y111.642 E389.67911
G1 X135.032 Y112.269 E389.70022
G1 X135.198 Y112.885 E389.72144
G1 X135.427 Y113.483 E389.74273
G1 X135.717 Y114.049 E389.76389
G1 X136.065 Y114.587 E389.7852
G1 X136.465 Y115.081 E389.80634
G1 X136.919 Y115.535 E389.82769
G1 X137.413 Y115.935 E389.84884
G1 X137.951 Y116.283 E389.87015
G1 X138.517 Y116.573 E389.8913
G1 X139.115 Y116.802 E389.9126
G1 X139.731 Y116.968 E389.93382
G1 X140.362 Y117.067 E389.95506
G1 X141 Y117.101 E389.97631
G1 X141.638 Y117.067 E389.99756
G1 X142.269 Y116.968 E390.0188
G1 X142.885 Y116.802 E390.04002
G1 X143.483 Y116.573 E390.06132
G1 X144.049 Y116.283 E390.08247
G1 X144.586 Y115.935 E390.10376
G1 X145.081 Y115.535 E390.12492
G1 X145.535 Y115.081 E390.14628
G1 X145.935 Y114.587 E390.16742
G1 X146.283 Y114.049 E390.18873
G1 X146.573 Y113.483 E390.20988
G1 X146.802 Y112.885 E390.23118
G1 X146.968 Y112.269 E390.2524
G1 X147.066 Y111.642 E390.27351
G1 X147.101 Y111 E390.29489
G1 X147.066 Y110.358 E390.31628
G1 X146.968 Y109.731 E390.33739
G1 X146.802 Y109.115 E390.3586
G1 X146.573 Y108.517 E390.3799
G1 X146.283 Y107.951 E390.40105
G1 X145.935 Y107.413 E390.42237
G1 X145.535 Y106.919 E390.44351
G1 X145.081 Y106.465 E390.46486
G1 X144.586 Y106.065 E390.48603
G1 X144.049 Y105.717 E390.50731
G1 X143.483 Y105.427 E390.52847
G1 X142.885 Y105.198 E390.54976
G1 X142.269 Y105.032 E390.57098
G0 F7200 X142.186 Y105.424
;TYPE:WALL-OUTER
G1 F3000 X141.596 Y105.331 E390.59085
G1 X141 Y105.3 E390.6107
G1 X140.404 Y105.331 E390.63055
G1 X139.814 Y105.424 E390.65041
G1 X139.239 Y105.579 E390.67022
G1 X138.68 Y105.793 E390.69013
G1 X138.151 Y106.064 E390.7099
G1 X137.648 Y106.389 E390.72982
G1 X137.187 Y106.763 E390.74956
G1 X136.763 Y107.187 E390.7695
G1 X136.389 Y107.648 E390.78925
G1 X136.064 Y108.151 E390.80917
G1 X135.793 Y108.68 E390.82894
G1 X135.579 Y109.239 E390.84884
G1 X135.424 Y109.814 E390.86865
G1 X135.332 Y110.4 E390.88838
G1 X135.3 Y111 E390.90836
G1 X135.332 Y111.6 E390.92835
G1 X135.424 Y112.186 E390.94808
G1 X135.579 Y112.761 E390.96789
G1 X135.793 Y113.32 E390.98779
G1 X136.064 Y113.849 E391.00756
G1 X136.389 Y114.352 E391.02748
G1 X136.763 Y114.813 E391.04723
G1 X137.187 Y115.237 E391.06717
G1 X137.648 Y115.611 E391.08691
G1 X138.151 Y115.936 E391.10683
G1 X138.68 Y116.207 E391.1266
G1 X139.239 Y116.421 E391.14651
G1 X139.814 Y116.576 E391.16632
G1 X140.404 Y116.669 E391.18618
G1 X141 Y116.7 E391.20603
G1 X141.596 Y116.669 E391.22588
G1 X142.186 Y116.576 E391.24575
G1 X142.761 Y116.421 E391.26555
G1 X143.32 Y116.207 E391.28546
G1 X143.849 Y115.936 E391.30523
G1 X144.351 Y115.611 E391.32512
G1 X144.813 Y115.237 E391.34489
G1 X145.237 Y114.813 E391.36484
G1 X145.611 Y114.352 E391.38458
G1 X145.936 Y113.849 E391.4045
G1 X146.207 Y113.32 E391.42427
G1 X146.421 Y112.761 E391.44418
G1 X146.576 Y112.186 E391.46398
G1 X146.668 Y111.6 E391.48371
G1 X146.7 Y111 E391.5037
G1 X146.668 Y110.4 E391.52368
G1 X146.576 Y109.814 E391.54341
G1 X146.421 Y109.239 E391.56322
G1 X146.207 Y108.68 E391.58313
G1 X145.936 Y108.151 E391.60289
G1 X145.611 Y107.648 E391.62281
G1 X145.237 Y107.187 E391.64256
G1 X144.813 Y106.763 E391.6625
G1 X144.351 Y106.389 E391.68227
G1 X143.849 Y106.064 E391.70216
G1 X143.32 Y105.793 E391.72193
G1 X142.761 Y105.579 E391.74184
G1 X142.186 Y105.424 E391.76164
G0 F7200 X141.989 Y105.393
G0 X142.058 Y104.959
G0 X142.125 Y104.197
;TYPE:WALL-INNER
G1 F3000 X142.729 Y104.325 E391.78218
G1 X143.319 Y104.505 E391.8027
G1 X143.878 Y104.733 E391.82278
G1 X144.439 Y105.025 E391.84381
G1 X144.966 Y105.359 E391.86456
G1 X145.443 Y105.728 E391.88462
G1 X145.902 Y106.152 E391.9054
G1 X146.323 Y106.619 E391.92632
G1 X146.692 Y107.109 E391.94672
G1 X147.011 Y107.623 E391.96684
G1 X147.296 Y108.192 E391.98801
G1 X147.521 Y108.764 E392.00845
G1 X147.695 Y109.358 E392.02904
G1 X147.815 Y109.957 E392.04935
G1 X147.88 Y110.579 E392.07015
G1 X147.892 Y111.207 E392.09105
G1 X147.849 Y111.807 E392.11105
G1 X147.746 Y112.425 E392.13189
G1 X147.594 Y113.018 E392.15225
G1 X147.385 Y113.601 E392.17285
G1 X147.121 Y114.173 E392.1938
G1 X146.821 Y114.697 E392.21389
G1 X146.462 Y115.207 E392.23463
G1 X146.057 Y115.687 E392.25552
G1 X145.619 Y116.118 E392.27596
G1 X145.148 Y116.508 E392.2963
G1 X144.639 Y116.856 E392.3168
G1 X144.088 Y117.164 E392.3378
G1 X143.526 Y117.415 E392.35827
G1 X142.942 Y117.615 E392.3788
G1 X142.346 Y117.762 E392.39922
G1 X141.74 Y117.854 E392.41961
G1 X141.103 Y117.893 E392.44083
G1 X87.667 Y117.9 E394.21812
G1 X81.027 Y117.9 E394.43897
G1 X80.365 Y117.869 E394.46101
G1 X79.77 Y117.789 E394.48098
G1 X79.162 Y117.65 E394.50172
G1 X78.579 Y117.461 E394.52211
G1 X78.003 Y117.215 E394.54294
G1 X77.464 Y116.925 E394.5633
G1 X76.943 Y116.581 E394.58406
G1 X76.462 Y116.196 E394.60455
G1 X76.016 Y115.77 E394.62507
G1 X75.61 Y115.306 E394.64557
G1 X75.238 Y114.794 E394.66662
G1 X74.924 Y114.27 E394.68694
G1 X74.654 Y113.705 E394.70777
G1 X74.441 Y113.139 E394.72788
G1 X74.275 Y112.537 E394.74865
G1 X74.161 Y111.908 E394.76991
G1 X74.108 Y111.317 E394.78965
G1 X74.108 Y110.683 E394.81074
G1 X74.161 Y110.092 E394.83047
G1 X74.275 Y109.463 E394.85173
G1 X74.441 Y108.861 E394.8725
G1 X74.654 Y108.295 E394.89262
G1 X74.924 Y107.73 E394.91344
G1 X75.238 Y107.206 E394.93376
G1 X75.61 Y106.694 E394.95481
G1 X76.016 Y106.23 E394.97532
G1 X76.462 Y105.804 E394.99583
G1 X76.943 Y105.419 E395.01632
G1 X77.464 Y105.075 E395.03709
G1 X78.003 Y104.785 E395.05745
G1 X78.579 Y104.539 E395.07828
G1 X79.162 Y104.35 E395.09866
G1 X79.77 Y104.211 E395.11941
G1 X80.365 Y104.131 E395.13937
G1 X81.027 Y104.1 E395.16142
G1 X140.973 Y104.1 E397.15523
G1 X141.51 Y104.124 E397.17311
G1 X142.125 Y104.197 E397.1937
G0 F7200 X142.189 Y103.802
;TYPE:WALL-OUTER
G1 F3000 X142.827 Y103.937 E397.21539
G1 X143.454 Y104.129 E397.2372
G1 X144.048 Y104.371 E397.25854
G1 X144.641 Y104.679 E397.28076
G1 X145.194 Y105.03 E397.30255
G1 X145.701 Y105.422 E397.32386
G1 X146.188 Y105.872 E397.34592
G1 X146.632 Y106.364 E397.36796
G1 X147.023 Y106.884 E397.3896
G1 X147.361 Y107.429 E397.41093
G1 X147.66 Y108.026 E397.43314
G1 X147.9 Y108.634 E397.45488
G1 X148.083 Y109.261 E397.4766
G1 X148.211 Y109.9 E397.49828
G1 X148.28 Y110.553 E397.52012
G1 X148.292 Y111.218 E397.54224
G1 X148.246 Y111.857 E397.56355
G1 X148.14 Y112.498 E397.58515
G1 X147.974 Y113.145 E397.60737
G1 X147.758 Y113.748 E397.62868
G1 X147.477 Y114.357 E397.65098
G1 X147.16 Y114.91 E397.67218
G1 X146.776 Y115.456 E397.69438
G1 X146.351 Y115.959 E397.71629
G1 X145.891 Y116.412 E397.73776
G1 X145.388 Y116.828 E397.75947
G1 X144.852 Y117.195 E397.78108
G1 X144.268 Y117.522 E397.80334
G1 X143.673 Y117.787 E397.825
G1 X143.055 Y117.999 E397.84673
G1 X142.426 Y118.154 E397.86828
G1 X141.779 Y118.252 E397.89004
G1 X141.112 Y118.293 E397.91227
G1 X87.667 Y118.3 E399.68986
G1 X81.009 Y118.3 E399.9113
G1 X80.337 Y118.269 E399.93368
G1 X79.695 Y118.182 E399.95523
G1 X79.059 Y118.037 E399.97692
G1 X78.434 Y117.834 E399.99878
G1 X77.835 Y117.578 E400.02044
G1 X77.255 Y117.266 E400.04235
G1 X76.709 Y116.906 E400.0641
G1 X76.2 Y116.499 E400.08578
G1 X75.726 Y116.046 E400.10759
G1 X75.293 Y115.551 E400.12946
G1 X74.908 Y115.021 E400.15125
G1 X74.568 Y114.452 E400.17329
G1 X74.289 Y113.869 E400.19479
G1 X74.058 Y113.257 E400.21655
G1 X73.884 Y112.626 E400.23832
G1 X73.765 Y111.97 E400.26049
G1 X73.708 Y111.33 E400.28186
G1 X73.708 Y110.67 E400.30381
G1 X73.765 Y110.03 E400.32519
G1 X73.884 Y109.374 E400.34736
G1 X74.058 Y108.743 E400.36913
G1 X74.289 Y108.131 E400.39089
G1 X74.568 Y107.548 E400.41238
G1 X74.908 Y106.979 E400.43443
G1 X75.293 Y106.449 E400.45622
G1 X75.726 Y105.954 E400.47809
G1 X76.2 Y105.501 E400.4999
G1 X76.709 Y105.094 E400.52158
G1 X77.255 Y104.734 E400.54333
G1 X77.835 Y104.422 E400.56523
G1 X78.434 Y104.166 E400.5869
G1 X79.059 Y103.963 E400.60875
G1 X79.695 Y103.818 E400.63045
G1 X80.337 Y103.731 E400.652
G1 X81.009 Y103.7 E400.67437
G1 X140.991 Y103.7 E402.66938
G1 X141.534 Y103.724 E402.68746
G1 X142.189 Y103.802 E402.7094
G0 F7200 X142.384 Y103.843
G0 X142.292 Y104.273
G0 X142.622 Y104.721
;TYPE:SKIN
G1 F1500 X142.254 Y104.636 E402.72221
G1 X141.317 Y104.548 E402.75414
G1 X141.172 Y104.685 E402.76091
G0 F7200 X141.143 Y104.656
G0 X142.706 Y104.523
G1 F1500 X143.351 Y105.167 E402.77607
G0 F7200 X143.565 Y104.815
G1 F1500 X144.577 Y105.828 E402.79988
G0 F7200 X144.803 Y105.488
G1 F1500 X146.517 Y107.202 E402.84019
G0 F7200 X146.17 Y107.42
G1 F1500 X147.178 Y108.429 E402.86391
G0 F7200 X147.15 Y108.966
G1 F1500 X147.276 Y109.375 E402.8791
G1 X147.46 Y110.407 E402.91631
G1 X147.466 Y111.545 E402.9567
G1 X147.252 Y112.745 E402.99997
G1 X146.774 Y113.964 E403.04644
G1 X146.112 Y114.999 E403.09005
G1 X145.289 Y115.874 E403.13269
G1 X144.307 Y116.588 E403.17578
G1 X143.148 Y117.126 E403.22114
G1 X142.016 Y117.409 E403.26255
G1 X141.243 Y117.484 E403.29012
G1 X141.09 Y117.614 E403.29725
G0 F7200 X141.168 Y117.692
G0 X144.069 Y116.317
G0 X145.107 Y115.564
G0 X145.967 Y114.61
G0 X146.609 Y113.499
G0 X147.007 Y112.277
G0 X147.353 Y108.887
G1 F1500 X146.588 Y108.122 E403.31524
G0 F7200 X146.93 Y107.898
G1 F1500 X144.103 Y105.071 E403.38172
G0 F7200 X143.877 Y105.41
G1 F1500 X143.113 Y104.646 E403.39969
G0 F7200 X143.057 Y104.836
;MESH:NONMESH
G0 F600 X143.057 Y104.836 Z1.3
G0 F7200 X77.88 Y105.032
;TIME_ELAPSED:418.046524
;LAYER:5
;TYPE:FILL
;MESH:??????????????????6.stl
G1 F3000 X90.586 Y117.738 E403.99734
G0 F7200 X90.682 Y117.739
G1 F3000 X104.163 Y104.259 E404.63143
G0 F7200 X104.26 Y104.26
G1 F3000 X117.734 Y117.734 E405.2652
G0 F7200 X117.84 Y117.735
G1 F3000 X131.316 Y104.259 E405.89907
G0 F7200 X131.412 Y104.26
G1 F3000 X135.39 Y108.237 E406.08616
G1 X135.46 Y108.307
G0 F7200 X135.43 Y108.292
G0 X134.864 Y109.762
G1 F3000 X126.892 Y117.733 E406.46112
G0 F7200 X126.784 Y117.733
G1 F3000 X113.311 Y104.26 E407.09484
G0 F7200 X113.214 Y104.259
G1 F3000 X99.735 Y117.738 E407.72885
G0 F7200 X99.635 Y117.737
G1 F3000 X86.158 Y104.26 E408.36277
G0 F7200 X86.061 Y104.259
G1 F3000 X75.475 Y114.845 E408.8607
G1 X75.405 Y114.915
G0 F7200 X75.434 Y114.894
G0 X77.879 Y116.966
G1 F3000 X90.586 Y104.259 E409.4584
G0 F7200 X90.683 Y104.26
G1 F3000 X104.16 Y117.736 E410.0923
G0 F7200 X104.261 Y117.737
G1 F3000 X117.739 Y104.259 E410.72626
G0 F7200 X117.836 Y104.26
G1 F3000 X131.309 Y117.733 E411.35999
G0 F7200 X131.417 Y117.733
G1 F3000 X135.389 Y113.762 E411.5468
G1 X135.459 Y113.692
G0 F7200 X135.429 Y113.706
G0 X134.865 Y112.238
G1 F3000 X126.887 Y104.26 E411.92206
G0 F7200 X126.79 Y104.259
G1 F3000 X113.313 Y117.736 E412.55597
G0 F7200 X113.209 Y117.735
G1 F3000 X99.734 Y104.26 E413.1898
G0 F7200 X99.637 Y104.259
G1 F3000 X86.157 Y117.739 E413.82385
G0 F7200 X86.06 Y117.738
G1 F3000 X75.474 Y107.152 E414.32179
G1 X75.404 Y107.082
G0 F7200 X75.435 Y107.104
G0 X74.285 Y110.488
G1 F3000 X81.535 Y117.738 E414.6628
G0 F7200 X81.631 Y117.739
G1 F3000 X95.112 Y104.259 E415.29689
G0 F7200 X95.209 Y104.26
G1 F3000 X108.685 Y117.736 E415.93076
G0 F7200 X108.787 Y117.736
G1 F3000 X122.265 Y104.259 E416.5647
G0 F7200 X122.362 Y104.26
G1 F3000 X135.834 Y117.732 E417.19838
G0 F7200 X135.944 Y117.733
G1 F3000 X137.498 Y116.179 E417.27147
G1 X137.568 Y116.109
G0 F7200 X137.547 Y116.14
G0 X139.762 Y117.135
G1 F3000 X140.359 Y117.731 E417.29953
G0 F7200 X140.47 Y117.732
G1 F3000 X140.944 Y117.258 E417.32183
G0 F7200 X139.103 Y116.84
G0 X137.931 Y116.317
G0 X136.893 Y115.564
G0 X136.033 Y114.61
G0 X135.391 Y113.499
G0 X134.993 Y112.277
G0 X134.859 Y111
G0 X134.993 Y109.723
G0 X135.391 Y108.501
G0 X136.033 Y107.39
G0 X137.497 Y105.819
G1 F3000 X135.938 Y104.26 E417.39516
G0 F7200 X135.841 Y104.259
G1 F3000 X122.366 Y117.734 E418.02898
G0 F7200 X122.259 Y117.733
G1 F3000 X108.785 Y104.26 E418.66273
G0 F7200 X108.688 Y104.259
G1 F3000 X95.209 Y117.738 E419.29674
G0 F7200 X95.11 Y117.738
G1 F3000 X81.632 Y104.26 E419.93071
G0 F7200 X81.535 Y104.259
G1 F3000 X74.285 Y111.509 E420.27172
G1 X74.215 Y111.579
G0 F7200 X74.232 Y111.579
G0 X139.76 Y104.866
G1 F3000 X140.367 Y104.259 E420.30028
G0 F7200 X140.463 Y104.26
G1 F3000 X140.944 Y104.74 E420.32288
G0 F7200 X142.289 Y104.935
G0 X142.269 Y105.032
;TYPE:WALL-INNER
G1 F3000 X141.638 Y104.933 E420.34412
G1 X141 Y104.899 E420.36537
G1 X140.362 Y104.933 E420.38662
G1 X139.731 Y105.032 E420.40786
G1 X139.115 Y105.198 E420.42908
G1 X138.517 Y105.427 E420.45038
G1 X137.951 Y105.717 E420.47153
G1 X137.413 Y106.065 E420.49284
G1 X136.919 Y106.465 E420.51399
G1 X136.465 Y106.919 E420.53534
G1 X136.065 Y107.413 E420.55648
G1 X135.717 Y107.951 E420.57779
G1 X135.427 Y108.517 E420.59895
G1 X135.198 Y109.115 E420.62024
G1 X135.032 Y109.731 E420.64146
G1 X134.934 Y110.358 E420.66257
G1 X134.899 Y111 E420.68396
G1 X134.934 Y111.642 E420.70534
G1 X135.032 Y112.269 E420.72645
G1 X135.198 Y112.885 E420.74767
G1 X135.427 Y113.483 E420.76896
G1 X135.717 Y114.049 E420.79012
G1 X136.065 Y114.587 E420.81143
G1 X136.465 Y115.081 E420.83257
G1 X136.919 Y115.535 E420.85392
G1 X137.413 Y115.935 E420.87507
G1 X137.951 Y116.283 E420.89638
G1 X138.517 Y116.573 E420.91753
G1 X139.115 Y116.802 E420.93883
G1 X139.731 Y116.968 E420.96005
G1 X140.362 Y117.067 E420.98129
G1 X141 Y117.101 E421.00254
G1 X141.638 Y117.067 E421.02379
G1 X142.269 Y116.968 E421.04503
G1 X142.885 Y116.802 E421.06625
G1 X143.483 Y116.573 E421.08755
G1 X144.049 Y116.283 E421.1087
G1 X144.586 Y115.935 E421.12999
G1 X145.081 Y115.535 E421.15115
G1 X145.535 Y115.081 E421.17251
G1 X145.935 Y114.587 E421.19365
G1 X146.283 Y114.049 E421.21496
G1 X146.573 Y113.483 E421.23611
G1 X146.802 Y112.885 E421.25741
G1 X146.968 Y112.269 E421.27863
G1 X147.066 Y111.642 E421.29974
G1 X147.101 Y111 E421.32112
G1 X147.066 Y110.358 E421.34251
G1 X146.968 Y109.731 E421.36362
G1 X146.802 Y109.115 E421.38483
G1 X146.573 Y108.517 E421.40613
G1 X146.283 Y107.951 E421.42728
G1 X145.935 Y107.413 E421.4486
G1 X145.535 Y106.919 E421.46974
G1 X145.081 Y106.465 E421.49109
G1 X144.586 Y106.065 E421.51226
G1 X144.049 Y105.717 E421.53354
G1 X143.483 Y105.427 E421.55469
G1 X142.885 Y105.198 E421.57599
G1 X142.269 Y105.032 E421.59721
G0 F7200 X142.186 Y105.424
;TYPE:WALL-OUTER
G1 F3000 X141.596 Y105.331 E421.61708
G1 X141 Y105.3 E421.63693
G1 X140.404 Y105.331 E421.65678
G1 X139.814 Y105.424 E421.67664
G1 X139.239 Y105.579 E421.69645
G1 X138.68 Y105.793 E421.71636
G1 X138.151 Y106.064 E421.73613
G1 X137.648 Y106.389 E421.75605
G1 X137.187 Y106.763 E421.77579
G1 X136.763 Y107.187 E421.79573
G1 X136.389 Y107.648 E421.81548
G1 X136.064 Y108.151 E421.8354
G1 X135.793 Y108.68 E421.85517
G1 X135.579 Y109.239 E421.87507
G1 X135.424 Y109.814 E421.89488
G1 X135.332 Y110.4 E421.91461
G1 X135.3 Y111 E421.93459
G1 X135.332 Y111.6 E421.95458
G1 X135.424 Y112.186 E421.97431
G1 X135.579 Y112.761 E421.99412
G1 X135.793 Y113.32 E422.01402
G1 X136.064 Y113.849 E422.03379
G1 X136.389 Y114.352 E422.05371
G1 X136.763 Y114.813 E422.07345
G1 X137.187 Y115.237 E422.0934
G1 X137.648 Y115.611 E422.11314
G1 X138.151 Y115.936 E422.13306
G1 X138.68 Y116.207 E422.15283
G1 X139.239 Y116.421 E422.17274
G1 X139.814 Y116.576 E422.19255
G1 X140.404 Y116.669 E422.21241
G1 X141 Y116.7 E422.23226
G1 X141.596 Y116.669 E422.25211
G1 X142.186 Y116.576 E422.27198
G1 X142.761 Y116.421 E422.29178
G1 X143.32 Y116.207 E422.31169
G1 X143.849 Y115.936 E422.33146
G1 X144.351 Y115.611 E422.35135
G1 X144.813 Y115.237 E422.37112
G1 X145.237 Y114.813 E422.39107
G1 X145.611 Y114.352 E422.41081
G1 X145.936 Y113.849 E422.43073
G1 X146.207 Y113.32 E422.4505
G1 X146.421 Y112.761 E422.4704
G1 X146.576 Y112.186 E422.49021
G1 X146.668 Y111.6 E422.50994
G1 X146.7 Y111 E422.52993
G1 X146.668 Y110.4 E422.54991
G1 X146.576 Y109.814 E422.56964
G1 X146.421 Y109.239 E422.58945
G1 X146.207 Y108.68 E422.60935
G1 X145.936 Y108.151 E422.62912
G1 X145.611 Y107.648 E422.64904
G1 X145.237 Y107.187 E422.66879
G1 X144.813 Y106.763 E422.68873
G1 X144.351 Y106.389 E422.7085
G1 X143.849 Y106.064 E422.72839
G1 X143.32 Y105.793 E422.74816
G1 X142.761 Y105.579 E422.76807
G1 X142.186 Y105.424 E422.78787
G0 F7200 X141.989 Y105.393
G0 X142.058 Y104.959
G0 X142.091 Y104.192
;TYPE:WALL-INNER
G1 F3000 X142.711 Y104.321 E422.80894
G1 X143.295 Y104.498 E422.82923
G1 X143.863 Y104.728 E422.84962
G1 X144.42 Y105.013 E422.87043
G1 X144.938 Y105.341 E422.89082
G1 X145.429 Y105.717 E422.91139
G1 X145.893 Y106.143 E422.93234
G1 X146.305 Y106.597 E422.95273
G1 X146.672 Y107.08 E422.9729
G1 X147.004 Y107.612 E422.99376
G1 X147.284 Y108.169 E423.0145
G1 X147.511 Y108.735 E423.03478
G1 X147.689 Y109.338 E423.05569
G1 X147.811 Y109.937 E423.07602
G1 X147.878 Y110.56 E423.09686
G1 X147.892 Y111.168 E423.11709
G1 X147.848 Y111.797 E423.13806
G1 X147.752 Y112.393 E423.15814
G1 X147.596 Y113.007 E423.17921
G1 X147.394 Y113.576 E423.19929
G1 X147.135 Y114.146 E423.22012
G1 X146.826 Y114.687 E423.24084
G1 X146.473 Y115.192 E423.26133
G1 X146.081 Y115.66 E423.28164
G1 X145.635 Y116.103 E423.30255
G1 X145.165 Y116.493 E423.32286
G1 X144.643 Y116.852 E423.34393
G1 X144.115 Y117.15 E423.3641
G1 X143.557 Y117.401 E423.38445
G1 X142.959 Y117.609 E423.4055
G1 X142.37 Y117.755 E423.42569
G1 X141.757 Y117.851 E423.44632
G1 X141.124 Y117.892 E423.46742
G1 X89 Y117.9 E425.20107
G1 X81.027 Y117.9 E425.46626
G1 X80.365 Y117.869 E425.4883
G1 X79.77 Y117.789 E425.50827
G1 X79.162 Y117.65 E425.52901
G1 X78.579 Y117.461 E425.54939
G1 X78.003 Y117.215 E425.57023
G1 X77.464 Y116.925 E425.59058
G1 X76.943 Y116.581 E425.61135
G1 X76.462 Y116.196 E425.63184
G1 X76.016 Y115.77 E425.65235
G1 X75.61 Y115.306 E425.67286
G1 X75.238 Y114.794 E425.69391
G1 X74.924 Y114.27 E425.71423
G1 X74.654 Y113.705 E425.73506
G1 X74.441 Y113.139 E425.75517
G1 X74.275 Y112.537 E425.77594
G1 X74.161 Y111.908 E425.7972
G1 X74.108 Y111.317 E425.81694
G1 X74.108 Y110.683 E425.83802
G1 X74.161 Y110.092 E425.85776
G1 X74.275 Y109.463 E425.87902
G1 X74.441 Y108.861 E425.89979
G1 X74.654 Y108.295 E425.9199
G1 X74.924 Y107.73 E425.94073
G1 X75.238 Y107.206 E425.96105
G1 X75.61 Y106.694 E425.9821
G1 X76.016 Y106.23 E426.00261
G1 X76.462 Y105.804 E426.02312
G1 X76.944 Y105.418 E426.04366
G1 X77.464 Y105.075 E426.06438
G1 X78.003 Y104.785 E426.08473
G1 X78.579 Y104.539 E426.10557
G1 X79.162 Y104.35 E426.12595
G1 X79.77 Y104.211 E426.14669
G1 X80.365 Y104.131 E426.16666
G1 X81.027 Y104.1 E426.1887
G1 X140.973 Y104.1 E428.18252
G1 X141.489 Y104.123 E428.1997
G1 X142.091 Y104.192 E428.21985
G0 F7200 X142.164 Y103.798
;TYPE:WALL-OUTER
G1 F3000 X142.807 Y103.932 E428.24169
G1 X143.428 Y104.12 E428.26328
G1 X144.031 Y104.364 E428.28491
G1 X144.616 Y104.664 E428.30678
G1 X145.167 Y105.012 E428.32845
G1 X145.696 Y105.418 E428.35063
G1 X146.173 Y105.856 E428.37217
G1 X146.61 Y106.338 E428.39381
G1 X147.003 Y106.855 E428.41541
G1 X147.353 Y107.416 E428.4374
G1 X147.649 Y108.004 E428.4593
G1 X147.891 Y108.609 E428.48097
G1 X148.077 Y109.239 E428.50282
G1 X148.207 Y109.878 E428.52451
G1 X148.278 Y110.531 E428.54635
G1 X148.292 Y111.175 E428.56778
G1 X148.246 Y111.845 E428.59011
G1 X148.144 Y112.475 E428.61134
G1 X147.98 Y113.122 E428.63354
G1 X147.766 Y113.726 E428.65485
G1 X147.492 Y114.328 E428.67685
G1 X147.164 Y114.901 E428.69881
G1 X146.794 Y115.432 E428.72034
G1 X146.371 Y115.936 E428.74222
G1 X145.907 Y116.397 E428.76398
G1 X145.401 Y116.817 E428.78585
G1 X144.861 Y117.188 E428.80764
G1 X144.293 Y117.509 E428.82934
G1 X143.706 Y117.773 E428.85075
G1 X143.074 Y117.992 E428.87299
G1 X142.451 Y118.147 E428.89435
G1 X141.801 Y118.249 E428.91623
G1 X141.135 Y118.292 E428.93843
G1 X89 Y118.3 E430.67245
G1 X81.009 Y118.3 E430.93823
G1 X80.337 Y118.269 E430.9606
G1 X79.695 Y118.182 E430.98215
G1 X79.059 Y118.037 E431.00385
G1 X78.434 Y117.834 E431.0257
G1 X77.835 Y117.578 E431.04737
G1 X77.255 Y117.266 E431.06927
G1 X76.709 Y116.906 E431.09103
G1 X76.2 Y116.499 E431.1127
G1 X75.726 Y116.046 E431.13451
G1 X75.293 Y115.551 E431.15638
G1 X74.908 Y115.021 E431.17817
G1 X74.568 Y114.452 E431.20022
G1 X74.289 Y113.869 E431.22171
G1 X74.058 Y113.257 E431.24347
G1 X73.884 Y112.626 E431.26524
G1 X73.765 Y111.97 E431.28742
G1 X73.708 Y111.33 E431.30879
G1 X73.708 Y110.67 E431.33074
G1 X73.765 Y110.03 E431.35211
G1 X73.884 Y109.374 E431.37428
G1 X74.058 Y108.743 E431.39605
G1 X74.289 Y108.131 E431.41781
G1 X74.568 Y107.548 E431.43931
G1 X74.908 Y106.979 E431.46135
G1 X75.293 Y106.449 E431.48314
G1 X75.726 Y105.954 E431.50502
G1 X76.2 Y105.501 E431.52682
G1 X76.709 Y105.094 E431.5485
G1 X77.255 Y104.734 E431.57025
G1 X77.835 Y104.422 E431.59216
G1 X78.434 Y104.166 E431.61382
G1 X79.059 Y103.963 E431.63568
G1 X79.695 Y103.818 E431.65737
G1 X80.337 Y103.731 E431.67892
G1 X81.009 Y103.7 E431.7013
G1 X140.991 Y103.7 E433.69631
G1 X141.51 Y103.723 E433.71359
G1 X142.164 Y103.798 E433.73548
G0 F7200 X142.36 Y103.838
G0 X142.271 Y104.269
G0 X142.043 Y104.594
;TYPE:SKIN
G1 F1500 X142.283 Y104.638 E433.74393
G1 X143.375 Y104.96 E433.78335
G1 X144.497 Y105.534 E433.82698
G1 X145.452 Y106.276 E433.86885
G1 X146.248 Y107.178 E433.9105
G1 X146.878 Y108.245 E433.9534
G1 X147.318 Y109.502 E433.99951
G1 X147.485 Y110.748 E434.04304
G1 X147.417 Y111.948 E434.08465
G1 X147.134 Y113.08 E434.12505
G0 F7200 X147.156 Y113.624
G1 F1500 X146.113 Y114.667 E434.14958
G0 F7200 X146.422 Y114.924
G1 F1500 X144.927 Y116.419 E434.18474
G0 F7200 X144.669 Y116.111
G1 F1500 X143.623 Y117.156 E434.20933
G0 F7200 X143.08 Y117.134
G1 F1500 X142.662 Y117.268 E434.22839
G1 X141.318 Y117.482 E434.28748
G1 X141.115 Y117.402 E434.29696
G0 F7200 X140.995 Y117.522
G0 X143.168 Y117.329
G1 F1500 X143.941 Y116.556 E434.31514
G0 F7200 X144.167 Y116.896
G1 F1500 X146.897 Y114.166 E434.37934
G0 F7200 X146.555 Y113.942
G1 F1500 X147.33 Y113.167 E434.39757
G0 F7200 X147.007 Y109.723
G0 X146.609 Y108.501
G0 X145.967 Y107.39
G0 X145.107 Y106.436
G0 X144.069 Y105.683
G0 X143.121 Y105.26
G0 X141.617 Y104.738
G0 X141.798 Y104.556
G1 F1500 X141.537 Y104.535 E434.40709
G1 X141.169 Y104.338 E434.42227
G0 F7200 X141.13 Y104.505
;MESH:NONMESH
G0 F600 X141.13 Y104.505 Z1.5
G0 F7200 X77.88 Y105.032
;TIME_ELAPSED:439.692133
;LAYER:6
;TYPE:FILL
;MESH:??????????????????6.stl
G1 F3000 X90.585 Y117.738 E435.0199
G0 F7200 X90.683 Y117.738
G1 F3000 X104.163 Y104.259 E435.65393
G0 F7200 X104.26 Y104.26
G1 F3000 X117.733 Y117.733 E436.28766
G0 F7200 X117.84 Y117.734
G1 F3000 X131.316 Y104.259 E436.92151
G0 F7200 X131.412 Y104.26
G1 F3000 X135.39 Y108.237 E437.1086
G1 X135.46 Y108.307
G0 F7200 X135.43 Y108.292
G0 X134.864 Y109.762
G1 F3000 X126.893 Y117.733 E437.48353
G0 F7200 X126.783 Y117.732
G1 F3000 X113.311 Y104.26 E438.11721
G0 F7200 X113.214 Y104.259
G1 F3000 X99.735 Y117.737 E438.7512
G0 F7200 X99.634 Y117.736
G1 F3000 X86.158 Y104.26 E439.38507
G0 F7200 X86.061 Y104.259
G1 F3000 X75.475 Y114.845 E439.883
G1 X75.405 Y114.915
G0 F7200 X75.434 Y114.894
G0 X77.879 Y116.966
G1 F3000 X90.586 Y104.259 E440.4807
G0 F7200 X90.683 Y104.26
G1 F3000 X104.159 Y117.736 E441.11457
G0 F7200 X104.262 Y117.736
G1 F3000 X117.739 Y104.259 E441.74849
G0 F7200 X117.836 Y104.26
G1 F3000 X131.308 Y117.731 E442.38214
G0 F7200 X131.419 Y117.732
G1 F3000 X135.389 Y113.762 E442.56888
G1 X135.459 Y113.692
G0 F7200 X135.429 Y113.706
G0 X134.865 Y112.238
G1 F3000 X126.887 Y104.26 E442.94414
G0 F7200 X126.79 Y104.259
G1 F3000 X113.314 Y117.735 E443.57801
G0 F7200 X113.209 Y117.734
G1 F3000 X99.734 Y104.26 E444.21181
G0 F7200 X99.637 Y104.259
G1 F3000 X86.158 Y117.738 E444.84582
G0 F7200 X86.06 Y117.738
G1 F3000 X75.474 Y107.152 E445.34375
G1 X75.404 Y107.082
G0 F7200 X75.435 Y107.104
G0 X74.285 Y110.488
G1 F3000 X81.535 Y117.738 E445.68477
G0 F7200 X81.632 Y117.738
G1 F3000 X95.112 Y104.259 E446.31881
G0 F7200 X95.209 Y104.26
G1 F3000 X108.684 Y117.735 E446.95263
G0 F7200 X108.788 Y117.736
G1 F3000 X122.265 Y104.259 E447.58655
G0 F7200 X122.362 Y104.26
G1 F3000 X135.833 Y117.731 E448.22018
G0 F7200 X135.945 Y117.731
G1 F3000 X137.498 Y116.179 E448.29321
G1 X137.568 Y116.109
G0 F7200 X137.547 Y116.14
G0 X139.762 Y117.135
G1 F3000 X140.357 Y117.73 E448.32119
G0 F7200 X140.471 Y117.731
G1 F3000 X140.944 Y117.258 E448.34344
G0 F7200 X139.103 Y116.84
G0 X137.931 Y116.317
G0 X136.893 Y115.564
G0 X136.033 Y114.61
G0 X135.391 Y113.499
G0 X134.993 Y112.277
G0 X134.859 Y111
G0 X134.993 Y109.723
G0 X135.391 Y108.501
G0 X136.033 Y107.39
G0 X137.497 Y105.819
G1 F3000 X135.938 Y104.26 E448.41677
G0 F7200 X135.841 Y104.259
G1 F3000 X122.366 Y117.733 E449.05057
G0 F7200 X122.258 Y117.733
G1 F3000 X108.785 Y104.26 E449.6843
G0 F7200 X108.688 Y104.259
G1 F3000 X95.209 Y117.738 E450.31831
G0 F7200 X95.11 Y117.737
G1 F3000 X81.632 Y104.26 E450.95225
G0 F7200 X81.535 Y104.259
G1 F3000 X74.285 Y111.509 E451.29327
G1 X74.215 Y111.579
G0 F7200 X74.232 Y111.579
G0 X139.76 Y104.866
G1 F3000 X140.367 Y104.259 E451.32182
G0 F7200 X140.463 Y104.26
G1 F3000 X140.944 Y104.74 E451.34442
G0 F7200 X142.289 Y104.935
G0 X142.269 Y105.032
;TYPE:WALL-INNER
G1 F3000 X141.638 Y104.933 E451.36566
G1 X141 Y104.899 E451.38691
G1 X140.362 Y104.933 E451.40816
G1 X139.731 Y105.032 E451.42941
G1 X139.115 Y105.198 E451.45063
G1 X138.517 Y105.427 E451.47193
G1 X137.951 Y105.717 E451.49308
G1 X137.413 Y106.065 E451.51439
G1 X136.919 Y106.465 E451.53553
G1 X136.465 Y106.919 E451.55689
G1 X136.065 Y107.413 E451.57803
G1 X135.717 Y107.951 E451.59934
G1 X135.427 Y108.517 E451.62049
G1 X135.198 Y109.115 E451.64179
G1 X135.032 Y109.731 E451.66301
G1 X134.934 Y110.358 E451.68411
G1 X134.899 Y111 E451.7055
G1 X134.934 Y111.642 E451.72688
G1 X135.032 Y112.269 E451.74799
G1 X135.198 Y112.885 E451.76921
G1 X135.427 Y113.483 E451.79051
G1 X135.717 Y114.049 E451.81166
G1 X136.065 Y114.587 E451.83297
G1 X136.465 Y115.081 E451.85411
G1 X136.919 Y115.535 E451.87547
G1 X137.413 Y115.935 E451.89661
G1 X137.951 Y116.283 E451.91792
G1 X138.517 Y116.573 E451.93907
G1 X139.115 Y116.802 E451.96037
G1 X139.731 Y116.968 E451.98159
G1 X140.362 Y117.067 E452.00283
G1 X141 Y117.101 E452.02408
G1 X141.638 Y117.067 E452.04533
G1 X142.269 Y116.968 E452.06658
G1 X142.885 Y116.802 E452.0878
G1 X143.483 Y116.573 E452.1091
G1 X144.049 Y116.283 E452.13025
G1 X144.586 Y115.935 E452.15153
G1 X145.081 Y115.535 E452.1727
G1 X145.535 Y115.081 E452.19405
G1 X145.935 Y114.587 E452.21519
G1 X146.283 Y114.049 E452.23651
G1 X146.573 Y113.483 E452.25766
G1 X146.802 Y112.885 E452.27896
G1 X146.968 Y112.269 E452.30018
G1 X147.066 Y111.642 E452.32128
G1 X147.101 Y111 E452.34267
G1 X147.066 Y110.358 E452.36405
G1 X146.968 Y109.731 E452.38516
G1 X146.802 Y109.115 E452.40638
G1 X146.573 Y108.517 E452.42768
G1 X146.283 Y107.951 E452.44883
G1 X145.935 Y107.413 E452.47014
G1 X145.535 Y106.919 E452.49128
G1 X145.081 Y106.465 E452.51264
G1 X144.586 Y106.065 E452.5338
G1 X144.049 Y105.717 E452.55509
G1 X143.483 Y105.427 E452.57624
G1 X142.885 Y105.198 E452.59754
G1 X142.269 Y105.032 E452.61876
G0 F7200 X142.186 Y105.424
;TYPE:WALL-OUTER
G1 F3000 X141.596 Y105.331 E452.63862
G1 X141 Y105.3 E452.65847
G1 X140.404 Y105.331 E452.67832
G1 X139.814 Y105.424 E452.69819
G1 X139.239 Y105.579 E452.71799
G1 X138.68 Y105.793 E452.7379
G1 X138.151 Y106.064 E452.75767
G1 X137.648 Y106.389 E452.77759
G1 X137.187 Y106.763 E452.79733
G1 X136.763 Y107.187 E452.81728
G1 X136.389 Y107.648 E452.83702
G1 X136.064 Y108.151 E452.85694
G1 X135.793 Y108.68 E452.87671
G1 X135.579 Y109.239 E452.89662
G1 X135.424 Y109.814 E452.91642
G1 X135.332 Y110.4 E452.93615
G1 X135.3 Y111 E452.95614
G1 X135.332 Y111.6 E452.97612
G1 X135.424 Y112.186 E452.99585
G1 X135.579 Y112.761 E453.01566
G1 X135.793 Y113.32 E453.03557
G1 X136.064 Y113.849 E453.05534
G1 X136.389 Y114.352 E453.07525
G1 X136.763 Y114.813 E453.095
G1 X137.187 Y115.237 E453.11494
G1 X137.648 Y115.611 E453.13469
G1 X138.151 Y115.936 E453.15461
G1 X138.68 Y116.207 E453.17437
G1 X139.239 Y116.421 E453.19428
G1 X139.814 Y116.576 E453.21409
G1 X140.404 Y116.669 E453.23396
G1 X141 Y116.7 E453.25381
G1 X141.596 Y116.669 E453.27366
G1 X142.186 Y116.576 E453.29352
G1 X142.761 Y116.421 E453.31333
G1 X143.32 Y116.207 E453.33324
G1 X143.849 Y115.936 E453.35301
G1 X144.351 Y115.611 E453.3729
G1 X144.813 Y115.237 E453.39267
G1 X145.237 Y114.813 E453.41261
G1 X145.611 Y114.352 E453.43235
G1 X145.936 Y113.849 E453.45227
G1 X146.207 Y113.32 E453.47204
G1 X146.421 Y112.761 E453.49195
G1 X146.576 Y112.186 E453.51176
G1 X146.668 Y111.6 E453.53149
G1 X146.7 Y111 E453.55147
G1 X146.668 Y110.4 E453.57145
G1 X146.576 Y109.814 E453.59118
G1 X146.421 Y109.239 E453.61099
G1 X146.207 Y108.68 E453.6309
G1 X145.936 Y108.151 E453.65067
G1 X145.611 Y107.648 E453.67059
G1 X145.237 Y107.187 E453.69033
G1 X144.813 Y106.763 E453.71027
G1 X144.351 Y106.389 E453.73004
G1 X143.849 Y106.064 E453.74993
G1 X143.32 Y105.793 E453.7697
G1 X142.761 Y105.579 E453.78961
G1 X142.186 Y105.424 E453.80942
G0 F7200 X141.989 Y105.393
G0 X142.058 Y104.959
G0 X142.083 Y104.191
;TYPE:WALL-INNER
G1 F3000 X142.676 Y104.313 E453.82956
G1 X143.279 Y104.494 E453.8505
G1 X143.849 Y104.722 E453.87091
G1 X144.397 Y105.001 E453.89137
G1 X144.926 Y105.333 E453.91214
G1 X145.405 Y105.697 E453.93215
G1 X145.872 Y106.124 E453.9532
G1 X146.292 Y106.582 E453.97386
G1 X146.666 Y107.073 E453.99439
G1 X146.992 Y107.591 E454.01475
G1 X147.271 Y108.138 E454.03517
G1 X147.507 Y108.724 E454.05618
G1 X147.682 Y109.312 E454.07659
G1 X147.808 Y109.923 E454.09734
G1 X147.876 Y110.529 E454.11762
G1 X147.892 Y111.147 E454.13818
G1 X147.851 Y111.766 E454.15882
G1 X147.753 Y112.386 E454.17969
G1 X147.604 Y112.981 E454.20009
G1 X147.404 Y113.553 E454.22025
G1 X147.145 Y114.125 E454.24113
G1 X146.84 Y114.664 E454.26173
G1 X146.489 Y115.172 E454.28227
G1 X146.09 Y115.65 E454.30298
G1 X145.651 Y116.089 E454.32363
G1 X145.179 Y116.483 E454.34408
G1 X144.68 Y116.83 E454.36429
G1 X144.128 Y117.143 E454.3854
G1 X143.57 Y117.396 E454.40577
G1 X142.992 Y117.598 E454.42614
G1 X142.388 Y117.751 E454.44686
G1 X141.779 Y117.848 E454.46737
G1 X141.147 Y117.891 E454.48844
G1 X90.333 Y117.9 E456.17852
G1 X81.027 Y117.9 E456.48804
G1 X80.365 Y117.869 E456.51008
G1 X79.77 Y117.789 E456.53005
G1 X79.162 Y117.65 E456.5508
G1 X78.579 Y117.461 E456.57118
G1 X78.003 Y117.215 E456.59201
G1 X77.464 Y116.925 E456.61237
G1 X76.943 Y116.581 E456.63313
G1 X76.462 Y116.196 E456.65363
G1 X76.016 Y115.77 E456.67414
G1 X75.61 Y115.306 E456.69465
G1 X75.238 Y114.794 E456.7157
G1 X74.924 Y114.27 E456.73601
G1 X74.654 Y113.705 E456.75684
G1 X74.441 Y113.139 E456.77695
G1 X74.275 Y112.537 E456.79772
G1 X74.161 Y111.908 E456.81899
G1 X74.108 Y111.317 E456.83872
G1 X74.108 Y110.683 E456.85981
G1 X74.161 Y110.092 E456.87954
G1 X74.275 Y109.463 E456.90081
G1 X74.441 Y108.861 E456.92158
G1 X74.654 Y108.295 E456.94169
G1 X74.924 Y107.73 E456.96252
G1 X75.238 Y107.206 E456.98283
G1 X75.61 Y106.694 E457.00388
G1 X76.016 Y106.23 E457.02439
G1 X76.462 Y105.804 E457.0449
G1 X76.943 Y105.419 E457.0654
G1 X77.464 Y105.075 E457.08616
G1 X78.003 Y104.785 E457.10652
G1 X78.579 Y104.539 E457.12735
G1 X79.162 Y104.35 E457.14773
G1 X79.77 Y104.211 E457.16848
G1 X80.365 Y104.131 E457.18845
G1 X81.027 Y104.1 E457.21049
G1 X140.973 Y104.1 E459.2043
G1 X141.457 Y104.121 E459.22041
G1 X142.083 Y104.191 E459.24136
G0 F7200 X142.142 Y103.795
;TYPE:WALL-OUTER
G1 F3000 X142.772 Y103.924 E459.26275
G1 X143.41 Y104.116 E459.28491
G1 X144.015 Y104.358 E459.30659
G1 X144.6 Y104.656 E459.32842
G1 X145.147 Y104.999 E459.3499
G1 X145.664 Y105.392 E459.3715
G1 X146.155 Y105.841 E459.39362
G1 X146.601 Y106.328 E459.41559
G1 X146.996 Y106.846 E459.43726
G1 X147.337 Y107.388 E459.45855
G1 X147.635 Y107.972 E459.48036
G1 X147.884 Y108.59 E459.50252
G1 X148.072 Y109.222 E459.52445
G1 X148.202 Y109.852 E459.54585
G1 X148.276 Y110.508 E459.5678
G1 X148.292 Y111.152 E459.58923
G1 X148.249 Y111.812 E459.61123
G1 X148.145 Y112.465 E459.63322
G1 X147.989 Y113.091 E459.65468
G1 X147.769 Y113.718 E459.67678
G1 X147.506 Y114.3 E459.69802
G1 X147.177 Y114.881 E459.72023
G1 X146.811 Y115.409 E459.7416
G1 X146.382 Y115.924 E459.76389
G1 X145.925 Y116.381 E459.78538
G1 X145.424 Y116.799 E459.80709
G1 X144.889 Y117.171 E459.82876
G1 X144.312 Y117.498 E459.85082
G1 X143.721 Y117.766 E459.8724
G1 X143.099 Y117.984 E459.89432
G1 X142.471 Y118.143 E459.91587
G1 X141.825 Y118.246 E459.93763
G1 X141.159 Y118.291 E459.95983
G1 X90.333 Y118.3 E461.65031
G1 X81.009 Y118.3 E461.96043
G1 X80.337 Y118.269 E461.9828
G1 X79.695 Y118.182 E462.00435
G1 X79.059 Y118.037 E462.02604
G1 X78.434 Y117.834 E462.0479
G1 X77.835 Y117.578 E462.06957
G1 X77.255 Y117.266 E462.09147
G1 X76.709 Y116.906 E462.11322
G1 X76.2 Y116.499 E462.1349
G1 X75.726 Y116.046 E462.15671
G1 X75.293 Y115.551 E462.17858
G1 X74.908 Y115.021 E462.20037
G1 X74.568 Y114.452 E462.22242
G1 X74.289 Y113.869 E462.24391
G1 X74.058 Y113.257 E462.26567
G1 X73.884 Y112.626 E462.28744
G1 X73.765 Y111.97 E462.30961
G1 X73.708 Y111.33 E462.33099
G1 X73.708 Y110.67 E462.35294
G1 X73.765 Y110.03 E462.37431
G1 X73.884 Y109.374 E462.39648
G1 X74.058 Y108.743 E462.41825
G1 X74.289 Y108.131 E462.44001
G1 X74.568 Y107.548 E462.46151
G1 X74.908 Y106.979 E462.48355
G1 X75.293 Y106.449 E462.50534
G1 X75.726 Y105.954 E462.52721
G1 X76.2 Y105.501 E462.54902
G1 X76.709 Y105.094 E462.5707
G1 X77.255 Y104.734 E462.59245
G1 X77.835 Y104.422 E462.61435
G1 X78.434 Y104.166 E462.63602
G1 X79.059 Y103.963 E462.65788
G1 X79.695 Y103.818 E462.67957
G1 X80.337 Y103.731 E462.70112
G1 X81.009 Y103.7 E462.7235
G1 X140.991 Y103.7 E464.71851
G1 X141.488 Y103.722 E464.73505
G1 X142.142 Y103.795 E464.75694
G0 F7200 X142.337 Y103.835
G0 X142.248 Y104.265
G0 X142.623 Y104.722
;TYPE:SKIN
G1 F1500 X142.254 Y104.636 E464.76977
G1 X141.317 Y104.548 E464.80162
G1 X141.172 Y104.685 E464.80838
G0 F7200 X141.143 Y104.656
G0 X142.711 Y104.528
G1 F1500 X143.351 Y105.167 E464.82342
G0 F7200 X143.571 Y104.822
G1 F1500 X144.577 Y105.828 E464.84707
G0 F7200 X144.802 Y105.486
G1 F1500 X146.511 Y107.196 E464.88728
G0 F7200 X146.17 Y107.42
G1 F1500 X147.177 Y108.428 E464.91097
G0 F7200 X147.15 Y108.966
G1 F1500 X147.274 Y109.374 E464.92609
G1 X147.459 Y110.406 E464.96325
G1 X147.465 Y111.544 E465.00359
G1 X147.252 Y112.745 E465.04682
G1 X146.774 Y113.964 E465.09324
G1 X146.111 Y114.999 E465.1368
G1 X145.289 Y115.873 E465.17933
G1 X144.306 Y116.588 E465.22242
G1 X143.147 Y117.126 E465.26771
G1 X142.015 Y117.408 E465.30906
G1 X141.242 Y117.483 E465.33659
G1 X141.072 Y117.596 E465.34382
G0 F7200 X141.168 Y117.692
G0 X144.069 Y116.317
G0 X145.107 Y115.564
G0 X145.967 Y114.61
G0 X146.609 Y113.499
G0 X147.007 Y112.277
G0 X147.351 Y108.885
G1 F1500 X146.588 Y108.122 E465.36177
G0 F7200 X146.926 Y107.893
G1 F1500 X144.104 Y105.072 E465.42812
G0 F7200 X143.877 Y105.41
G1 F1500 X143.114 Y104.648 E465.44606
G0 F7200 X143.058 Y104.837
;MESH:NONMESH
G0 F600 X143.058 Y104.837 Z1.7
G0 F7200 X77.88 Y105.032
;TIME_ELAPSED:461.387638
;LAYER:7
;TYPE:FILL
;MESH:??????????????????6.stl
G1 F3000 X90.586 Y117.738 E466.04371
G0 F7200 X90.682 Y117.739
G1 F3000 X104.163 Y104.259 E466.67779
G0 F7200 X104.26 Y104.26
G1 F3000 X117.739 Y117.739 E467.3118
G0 F7200 X117.835 Y117.74
G1 F3000 X131.316 Y104.259 E467.94591
G0 F7200 X131.412 Y104.26
G1 F3000 X135.39 Y108.237 E468.13299
G1 X135.46 Y108.307
G0 F7200 X135.43 Y108.292
G0 X134.864 Y109.762
G1 F3000 X126.886 Y117.74 E468.50826
G0 F7200 X126.79 Y117.739
G1 F3000 X113.311 Y104.26 E469.14227
G0 F7200 X113.214 Y104.259
G1 F3000 X99.733 Y117.739 E469.77635
G0 F7200 X99.637 Y117.738
G1 F3000 X86.158 Y104.26 E470.41034
G0 F7200 X86.061 Y104.259
G1 F3000 X75.475 Y114.845 E470.90827
G1 X75.405 Y114.915
G0 F7200 X75.434 Y114.894
G0 X77.879 Y116.966
G1 F3000 X90.586 Y104.259 E471.50597
G0 F7200 X90.683 Y104.26
G1 F3000 X104.162 Y117.738 E472.13995
G0 F7200 X104.259 Y117.739
G1 F3000 X117.739 Y104.259 E472.77401
G0 F7200 X117.836 Y104.26
G1 F3000 X131.316 Y117.739 E473.40805
G0 F7200 X131.411 Y117.74
G1 F3000 X135.389 Y113.762 E473.59516
G1 X135.459 Y113.692
G0 F7200 X135.429 Y113.706
G0 X134.865 Y112.238
G1 F3000 X126.887 Y104.26 E473.97042
G0 F7200 X126.79 Y104.259
G1 F3000 X113.309 Y117.74 E474.60452
G0 F7200 X113.214 Y117.739
G1 F3000 X99.734 Y104.26 E475.23856
G0 F7200 X99.637 Y104.259
G1 F3000 X86.157 Y117.739 E475.87262
G0 F7200 X86.06 Y117.738
G1 F3000 X75.474 Y107.152 E476.37055
G1 X75.404 Y107.082
G0 F7200 X75.435 Y107.104
G0 X74.285 Y110.488
G1 F3000 X81.535 Y117.738 E476.71157
G0 F7200 X81.631 Y117.739
G1 F3000 X95.112 Y104.259 E477.34565
G0 F7200 X95.209 Y104.26
G1 F3000 X108.687 Y117.738 E477.97961
G0 F7200 X108.784 Y117.739
G1 F3000 X122.265 Y104.259 E478.61369
G0 F7200 X122.362 Y104.26
G1 F3000 X135.841 Y117.739 E479.2477
G0 F7200 X135.937 Y117.74
G1 F3000 X137.498 Y116.179 E479.32113
G1 X137.568 Y116.109
G0 F7200 X137.547 Y116.14
G0 X139.762 Y117.135
G1 F3000 X140.367 Y117.739 E479.34956
G0 F7200 X140.462 Y117.74
G1 F3000 X140.944 Y117.258 E479.37224
G0 F7200 X139.103 Y116.84
G0 X137.931 Y116.317
G0 X136.893 Y115.564
G0 X136.033 Y114.61
G0 X135.391 Y113.499
G0 X134.993 Y112.277
G0 X134.859 Y111
G0 X134.993 Y109.723
G0 X135.391 Y108.501
G0 X136.033 Y107.39
G0 X137.497 Y105.819
G1 F3000 X135.938 Y104.26 E479.44557
G0 F7200 X135.841 Y104.259
G1 F3000 X122.36 Y117.74 E480.07967
G0 F7200 X122.265 Y117.739
G1 F3000 X108.785 Y104.26 E480.71371
G0 F7200 X108.688 Y104.259
G1 F3000 X95.208 Y117.739 E481.34776
G0 F7200 X95.111 Y117.738
G1 F3000 X81.632 Y104.26 E481.98175
G0 F7200 X81.535 Y104.259
G1 F3000 X74.285 Y111.509 E482.32277
G1 X74.215 Y111.579
G0 F7200 X74.232 Y111.579
G0 X139.76 Y104.866
G1 F3000 X140.367 Y104.259 E482.35132
G0 F7200 X140.463 Y104.26
G1 F3000 X140.944 Y104.74 E482.37392
G0 F7200 X142.289 Y104.935
G0 X142.269 Y105.032
;TYPE:WALL-INNER
G1 F3000 X141.638 Y104.933 E482.39516
G1 X141 Y104.899 E482.41641
G1 X140.362 Y104.933 E482.43766
G1 X139.731 Y105.032 E482.45891
G1 X139.115 Y105.198 E482.48013
G1 X138.517 Y105.427 E482.50143
G1 X137.951 Y105.717 E482.52258
G1 X137.413 Y106.065 E482.54389
G1 X136.919 Y106.465 E482.56503
G1 X136.465 Y106.919 E482.58639
G1 X136.065 Y107.413 E482.60753
G1 X135.717 Y107.951 E482.62884
G1 X135.427 Y108.517 E482.64999
G1 X135.198 Y109.115 E482.67129
G1 X135.032 Y109.731 E482.69251
G1 X134.934 Y110.358 E482.71361
G1 X134.899 Y111 E482.735
G1 X134.934 Y111.642 E482.75638
G1 X135.032 Y112.269 E482.77749
G1 X135.198 Y112.885 E482.79871
G1 X135.427 Y113.483 E482.82001
G1 X135.717 Y114.049 E482.84116
G1 X136.065 Y114.587 E482.86247
G1 X136.465 Y115.081 E482.88361
G1 X136.919 Y115.535 E482.90497
G1 X137.413 Y115.935 E482.92611
G1 X137.951 Y116.283 E482.94742
G1 X138.517 Y116.573 E482.96857
G1 X139.115 Y116.802 E482.98987
G1 X139.731 Y116.968 E483.01109
G1 X140.362 Y117.067 E483.03233
G1 X141 Y117.101 E483.05358
G1 X141.638 Y117.067 E483.07483
G1 X142.269 Y116.968 E483.09608
G1 X142.885 Y116.802 E483.1173
G1 X143.483 Y116.573 E483.1386
G1 X144.049 Y116.283 E483.15975
G1 X144.586 Y115.935 E483.18103
G1 X145.081 Y115.535 E483.2022
G1 X145.535 Y115.081 E483.22355
G1 X145.935 Y114.587 E483.24469
G1 X146.283 Y114.049 E483.26601
G1 X146.573 Y113.483 E483.28716
G1 X146.802 Y112.885 E483.30846
G1 X146.968 Y112.269 E483.32968
G1 X147.066 Y111.642 E483.35078
G1 X147.101 Y111 E483.37217
G1 X147.066 Y110.358 E483.39355
G1 X146.968 Y109.731 E483.41466
G1 X146.802 Y109.115 E483.43588
G1 X146.573 Y108.517 E483.45718
G1 X146.283 Y107.951 E483.47833
G1 X145.935 Y107.413 E483.49964
G1 X145.535 Y106.919 E483.52078
G1 X145.081 Y106.465 E483.54214
G1 X144.586 Y106.065 E483.5633
G1 X144.049 Y105.717 E483.58459
G1 X143.483 Y105.427 E483.60574
G1 X142.885 Y105.198 E483.62704
G1 X142.269 Y105.032 E483.64826
G0 F7200 X142.186 Y105.424
;TYPE:WALL-OUTER
G1 F3000 X141.596 Y105.331 E483.66812
G1 X141 Y105.3 E483.68797
G1 X140.404 Y105.331 E483.70782
G1 X139.814 Y105.424 E483.72769
G1 X139.239 Y105.579 E483.74749
G1 X138.68 Y105.793 E483.7674
G1 X138.151 Y106.064 E483.78717
G1 X137.648 Y106.389 E483.80709
G1 X137.187 Y106.763 E483.82683
G1 X136.763 Y107.187 E483.84678
G1 X136.389 Y107.648 E483.86652
G1 X136.064 Y108.151 E483.88644
G1 X135.793 Y108.68 E483.90621
G1 X135.579 Y109.239 E483.92612
G1 X135.424 Y109.814 E483.94593
G1 X135.332 Y110.4 E483.96565
G1 X135.3 Y111 E483.98564
G1 X135.332 Y111.6 E484.00562
G1 X135.424 Y112.186 E484.02535
G1 X135.579 Y112.761 E484.04516
G1 X135.793 Y113.32 E484.06507
G1 X136.064 Y113.849 E484.08484
G1 X136.389 Y114.352 E484.10475
G1 X136.763 Y114.813 E484.1245
G1 X137.187 Y115.237 E484.14444
G1 X137.648 Y115.611 E484.16419
G1 X138.151 Y115.936 E484.18411
G1 X138.68 Y116.207 E484.20387
G1 X139.239 Y116.421 E484.22378
G1 X139.814 Y116.576 E484.24359
G1 X140.404 Y116.669 E484.26346
G1 X141 Y116.7 E484.28331
G1 X141.596 Y116.669 E484.30316
G1 X142.186 Y116.576 E484.32302
G1 X142.761 Y116.421 E484.34283
G1 X143.32 Y116.207 E484.36274
G1 X143.849 Y115.936 E484.38251
G1 X144.351 Y115.611 E484.4024
G1 X144.813 Y115.237 E484.42217
G1 X145.237 Y114.813 E484.44211
G1 X145.611 Y114.352 E484.46185
G1 X145.936 Y113.849 E484.48177
G1 X146.207 Y113.32 E484.50154
G1 X146.421 Y112.761 E484.52145
G1 X146.576 Y112.186 E484.54126
G1 X146.668 Y111.6 E484.56099
G1 X146.7 Y111 E484.58097
G1 X146.668 Y110.4 E484.60095
G1 X146.576 Y109.814 E484.62068
G1 X146.421 Y109.239 E484.64049
G1 X146.207 Y108.68 E484.6604
G1 X145.936 Y108.151 E484.68017
G1 X145.611 Y107.648 E484.70009
G1 X145.237 Y107.187 E484.71983
G1 X144.813 Y106.763 E484.73977
G1 X144.351 Y106.389 E484.75954
G1 X143.849 Y106.064 E484.77943
G1 X143.32 Y105.793 E484.7992
G1 X142.761 Y105.579 E484.81911
G1 X142.186 Y105.424 E484.83892
G0 F7200 X141.989 Y105.393
G0 X142.058 Y104.959
G0 X142.23 Y104.211
;TYPE:WALL-INNER
G1 F3000 X142.838 Y104.35 E484.85966
G1 X143.421 Y104.539 E484.88005
G1 X143.997 Y104.785 E484.90088
G1 X144.536 Y105.075 E484.92124
G1 X145.057 Y105.419 E484.942
G1 X145.538 Y105.803 E484.96247
G1 X145.989 Y106.235 E484.98324
G1 X146.384 Y106.686 E485.00318
G1 X146.762 Y107.206 E485.02457
G1 X147.076 Y107.73 E485.04488
G1 X147.346 Y108.295 E485.06571
G1 X147.559 Y108.861 E485.08583
G1 X147.727 Y109.471 E485.10687
G1 X147.839 Y110.084 E485.1276
G1 X147.892 Y110.683 E485.1476
G1 X147.892 Y111.317 E485.16868
G1 X147.839 Y111.916 E485.18868
G1 X147.727 Y112.529 E485.20941
G1 X147.559 Y113.139 E485.23045
G1 X147.346 Y113.705 E485.25057
G1 X147.076 Y114.27 E485.2714
G1 X146.757 Y114.802 E485.29203
G1 X146.391 Y115.305 E485.31272
G1 X145.989 Y115.765 E485.33304
G1 X145.538 Y116.197 E485.35381
G1 X145.057 Y116.581 E485.37428
G1 X144.536 Y116.925 E485.39504
G1 X143.997 Y117.215 E485.4154
G1 X143.421 Y117.461 E485.43623
G1 X142.838 Y117.65 E485.45662
G1 X142.23 Y117.789 E485.47736
G1 X141.635 Y117.869 E485.49733
G1 X140.973 Y117.9 E485.51937
G1 X81.027 Y117.9 E487.51318
G1 X80.365 Y117.869 E487.53523
G1 X79.77 Y117.789 E487.55519
G1 X79.162 Y117.65 E487.57594
G1 X78.579 Y117.461 E487.59632
G1 X78.003 Y117.215 E487.61715
G1 X77.464 Y116.925 E487.63751
G1 X76.943 Y116.581 E487.65828
G1 X76.462 Y116.196 E487.67877
G1 X76.016 Y115.77 E487.69928
G1 X75.61 Y115.306 E487.71979
G1 X75.238 Y114.794 E487.74084
G1 X74.924 Y114.27 E487.76115
G1 X74.654 Y113.705 E487.78198
G1 X74.441 Y113.139 E487.8021
G1 X74.275 Y112.537 E487.82287
G1 X74.161 Y111.908 E487.84413
G1 X74.108 Y111.317 E487.86386
G1 X74.108 Y110.683 E487.88495
G1 X74.161 Y110.092 E487.90469
G1 X74.275 Y109.463 E487.92595
G1 X74.441 Y108.861 E487.94672
G1 X74.654 Y108.295 E487.96683
G1 X74.924 Y107.73 E487.98766
G1 X75.238 Y107.206 E488.00798
G1 X75.61 Y106.694 E488.02903
G1 X76.016 Y106.23 E488.04953
G1 X76.462 Y105.804 E488.07005
G1 X76.943 Y105.419 E488.09054
G1 X77.464 Y105.075 E488.1113
G1 X78.003 Y104.785 E488.13166
G1 X78.579 Y104.539 E488.15249
G1 X79.162 Y104.35 E488.17288
G1 X79.77 Y104.211 E488.19362
G1 X80.365 Y104.131 E488.21359
G1 X81.027 Y104.1 E488.23563
G1 X140.973 Y104.1 E490.22944
G1 X141.635 Y104.131 E490.25148
G1 X142.23 Y104.211 E490.27145
G0 F7200 X142.305 Y103.818
;TYPE:WALL-OUTER
G1 F3000 X142.941 Y103.963 E490.29315
G1 X143.566 Y104.166 E490.315
G1 X144.165 Y104.422 E490.33667
G1 X144.745 Y104.734 E490.35858
G1 X145.291 Y105.094 E490.38033
G1 X145.8 Y105.501 E490.402
G1 X146.279 Y105.959 E490.42405
G1 X146.701 Y106.441 E490.44535
G1 X147.092 Y106.979 E490.46747
G1 X147.432 Y107.548 E490.48952
G1 X147.711 Y108.131 E490.51102
G1 X147.942 Y108.743 E490.53277
G1 X148.115 Y109.374 E490.55454
G1 X148.235 Y110.03 E490.57672
G1 X148.292 Y110.67 E490.59809
G1 X148.292 Y111.33 E490.62004
G1 X148.235 Y111.97 E490.64141
G1 X148.115 Y112.626 E490.66359
G1 X147.942 Y113.257 E490.68535
G1 X147.711 Y113.869 E490.70711
G1 X147.432 Y114.452 E490.72861
G1 X147.092 Y115.021 E490.75065
G1 X146.702 Y115.557 E490.7727
G1 X146.279 Y116.041 E490.79408
G1 X145.8 Y116.499 E490.81612
G1 X145.291 Y116.906 E490.8378
G1 X144.745 Y117.266 E490.85955
G1 X144.165 Y117.578 E490.88145
G1 X143.566 Y117.834 E490.90312
G1 X142.941 Y118.037 E490.92498
G1 X142.305 Y118.182 E490.94667
G1 X141.663 Y118.269 E490.96822
G1 X140.991 Y118.3 E490.9906
G1 X81.009 Y118.3 E492.98561
G1 X80.337 Y118.269 E493.00798
G1 X79.695 Y118.182 E493.02953
G1 X79.059 Y118.037 E493.05122
G1 X78.434 Y117.834 E493.07308
G1 X77.835 Y117.578 E493.09475
G1 X77.255 Y117.266 E493.11665
G1 X76.709 Y116.906 E493.1384
G1 X76.2 Y116.499 E493.16008
G1 X75.726 Y116.046 E493.18189
G1 X75.293 Y115.551 E493.20376
G1 X74.908 Y115.021 E493.22555
G1 X74.568 Y114.452 E493.24759
G1 X74.289 Y113.869 E493.26909
G1 X74.058 Y113.257 E493.29085
G1 X73.884 Y112.626 E493.31262
G1 X73.765 Y111.97 E493.33479
G1 X73.708 Y111.33 E493.35616
G1 X73.708 Y110.67 E493.37812
G1 X73.765 Y110.03 E493.39949
G1 X73.884 Y109.374 E493.42166
G1 X74.058 Y108.743 E493.44343
G1 X74.289 Y108.131 E493.46519
G1 X74.568 Y107.548 E493.48669
G1 X74.908 Y106.979 E493.50873
G1 X75.293 Y106.449 E493.53052
G1 X75.726 Y105.954 E493.55239
G1 X76.2 Y105.501 E493.5742
G1 X76.709 Y105.094 E493.59588
G1 X77.255 Y104.734 E493.61763
G1 X77.835 Y104.422 E493.63953
G1 X78.434 Y104.166 E493.6612
G1 X79.059 Y103.963 E493.68306
G1 X79.695 Y103.818 E493.70475
G1 X80.337 Y103.731 E493.7263
G1 X81.009 Y103.7 E493.74868
G1 X140.991 Y103.7 E495.74369
G1 X141.663 Y103.731 E495.76606
G1 X142.305 Y103.818 E495.78761
G0 F7200 X142.5 Y103.862
G0 X142.403 Y104.291
G0 X142.284 Y104.636
;TYPE:SKIN
G1 F1500 X142.519 Y104.684 E495.79572
G1 X143.776 Y105.124 E495.84074
G1 X144.839 Y105.758 E495.88258
G1 X145.872 Y106.706 E495.92998
G1 X146.587 Y107.688 E495.97105
G1 X147.125 Y108.846 E496.01421
G1 X147.409 Y109.976 E496.0536
G1 X147.489 Y111.028 E496.08927
G1 X147.355 Y112.293 E496.13228
G1 X147.271 Y112.659 E496.14497
G1 X146.949 Y113.548 E496.17694
G0 F7200 X146.917 Y114.146
G1 F1500 X144.155 Y116.908 E496.24189
G0 F7200 X143.549 Y116.948
G1 F1500 X142.66 Y117.271 E496.2719
G1 X141.626 Y117.456 E496.30522
G1 X141.188 Y117.328 E496.3197
G0 F7200 X141.235 Y117.282
G0 X142.744 Y117.47
G1 F1500 X143.403 Y116.811 E496.3352
G0 F7200 X143.614 Y117.166
G1 F1500 X144.669 Y116.111 E496.36001
G0 F7200 X144.887 Y116.459
G1 F1500 X146.438 Y114.907 E496.3965
G0 F7200 X146.113 Y114.667
G1 F1500 X147.172 Y113.608 E496.42141
G0 F7200 X146.811 Y113.403
G1 F1500 X147.462 Y112.752 E496.43672
G0 F7200 X147.007 Y109.723
G0 X146.609 Y108.501
G0 X145.967 Y107.39
G0 X145.107 Y106.436
G0 X144.069 Y105.683
G0 X141.866 Y104.772
G0 X142.047 Y104.591
G1 F1500 X141.799 Y104.555 E496.44586
G1 X141.307 Y104.482 E496.464
G1 X141.168 Y104.338 E496.47131
G0 F7200 X141.191 Y104.509
;MESH:NONMESH
G0 F600 X141.191 Y104.509 Z1.9
G0 F7200 X77.88 Y105.032
;TIME_ELAPSED:483.047294
;LAYER:8
;TYPE:FILL
;MESH:??????????????????6.stl
G1 F3000 X90.586 Y117.738 E497.06896
G0 F7200 X90.682 Y117.739
G1 F3000 X104.163 Y104.259 E497.70304
G0 F7200 X104.26 Y104.26
G1 F3000 X117.739 Y117.739 E498.33705
G0 F7200 X117.835 Y117.74
G1 F3000 X131.316 Y104.259 E498.97115
G0 F7200 X131.412 Y104.26
G1 F3000 X135.39 Y108.237 E499.15824
G1 X135.46 Y108.307
G0 F7200 X135.43 Y108.292
G0 X134.864 Y109.762
G1 F3000 X126.886 Y117.74 E499.5335
G0 F7200 X126.79 Y117.739
G1 F3000 X113.311 Y104.26 E500.16752
G0 F7200 X113.214 Y104.259
G1 F3000 X99.733 Y117.739 E500.8016
G0 F7200 X99.637 Y117.738
G1 F3000 X86.158 Y104.26 E501.43558
G0 F7200 X86.061 Y104.259
G1 F3000 X75.475 Y114.845 E501.93352
G1 X75.405 Y114.915
G0 F7200 X75.434 Y114.894
G0 X77.879 Y116.966
G1 F3000 X90.586 Y104.259 E502.53122
G0 F7200 X90.683 Y104.26
G1 F3000 X104.162 Y117.738 E503.1652
G0 F7200 X104.259 Y117.739
G1 F3000 X117.739 Y104.259 E503.79926
G0 F7200 X117.836 Y104.26
G1 F3000 X131.316 Y117.739 E504.4333
G0 F7200 X131.411 Y117.74
G1 F3000 X135.389 Y113.762 E504.62041
G1 X135.459 Y113.692
G0 F7200 X135.429 Y113.706
G0 X134.865 Y112.238
G1 F3000 X126.887 Y104.26 E504.99567
G0 F7200 X126.79 Y104.259
G1 F3000 X113.309 Y117.74 E505.62977
G0 F7200 X113.214 Y117.739
G1 F3000 X99.734 Y104.26 E506.26381
G0 F7200 X99.637 Y104.259
G1 F3000 X86.157 Y117.739 E506.89787
G0 F7200 X86.06 Y117.738
G1 F3000 X75.474 Y107.152 E507.3958
G1 X75.404 Y107.082
G0 F7200 X75.435 Y107.104
G0 X74.285 Y110.488
G1 F3000 X81.535 Y117.738 E507.73682
G0 F7200 X81.631 Y117.739
G1 F3000 X95.112 Y104.259 E508.3709
G0 F7200 X95.209 Y104.26
G1 F3000 X108.687 Y117.738 E509.00486
G0 F7200 X108.784 Y117.739
G1 F3000 X122.265 Y104.259 E509.63894
G0 F7200 X122.362 Y104.26
G1 F3000 X135.841 Y117.739 E510.27295
G0 F7200 X135.937 Y117.74
G1 F3000 X137.498 Y116.179 E510.34638
G1 X137.568 Y116.109
G0 F7200 X137.547 Y116.14
G0 X139.762 Y117.135
G1 F3000 X140.367 Y117.739 E510.37481
G0 F7200 X140.462 Y117.74
G1 F3000 X140.944 Y117.258 E510.39748
G0 F7200 X139.103 Y116.84
G0 X137.931 Y116.317
G0 X136.893 Y115.564
G0 X136.033 Y114.61
G0 X135.391 Y113.499
G0 X134.993 Y112.277
G0 X134.859 Y111
G0 X134.993 Y109.723
G0 X135.391 Y108.501
G0 X136.033 Y107.39
G0 X137.497 Y105.819
G1 F3000 X135.938 Y104.26 E510.47081
G0 F7200 X135.841 Y104.259
G1 F3000 X122.36 Y117.74 E511.10492
G0 F7200 X122.265 Y117.739
G1 F3000 X108.785 Y104.26 E511.73895
G0 F7200 X108.688 Y104.259
G1 F3000 X95.208 Y117.739 E512.37301
G0 F7200 X95.111 Y117.738
G1 F3000 X81.632 Y104.26 E513.007
G0 F7200 X81.535 Y104.259
G1 F3000 X74.285 Y111.509 E513.34802
G1 X74.215 Y111.579
G0 F7200 X74.232 Y111.579
G0 X139.76 Y104.866
G1 F3000 X140.367 Y104.259 E513.37657
G0 F7200 X140.463 Y104.26
G1 F3000 X140.944 Y104.74 E513.39917
G0 F7200 X142.289 Y104.935
G0 X142.269 Y105.032
;TYPE:WALL-INNER
G1 F3000 X141.638 Y104.933 E513.42041
G1 X141 Y104.899 E513.44166
G1 X140.362 Y104.933 E513.46291
G1 X139.731 Y105.032 E513.48416
G1 X139.115 Y105.198 E513.50538
G1 X138.517 Y105.427 E513.52667
G1 X137.951 Y105.717 E513.54783
G1 X137.413 Y106.065 E513.56914
G1 X136.919 Y106.465 E513.59028
G1 X136.465 Y106.919 E513.61163
G1 X136.065 Y107.413 E513.63278
G1 X135.717 Y107.951 E513.65409
G1 X135.427 Y108.517 E513.67524
G1 X135.198 Y109.115 E513.69654
G1 X135.032 Y109.731 E513.71776
G1 X134.934 Y110.358 E513.73886
G1 X134.899 Y111 E513.76025
G1 X134.934 Y111.642 E513.78163
G1 X135.032 Y112.269 E513.80274
G1 X135.198 Y112.885 E513.82396
G1 X135.427 Y113.483 E513.84526
G1 X135.717 Y114.049 E513.86641
G1 X136.065 Y114.587 E513.88772
G1 X136.465 Y115.081 E513.90886
G1 X136.919 Y115.535 E513.93022
G1 X137.413 Y115.935 E513.95136
G1 X137.951 Y116.283 E513.97267
G1 X138.517 Y116.573 E513.99382
G1 X139.115 Y116.802 E514.01512
G1 X139.731 Y116.968 E514.03634
G1 X140.362 Y117.067 E514.05758
G1 X141 Y117.101 E514.07883
G1 X141.638 Y117.067 E514.10008
G1 X142.269 Y116.968 E514.12133
G1 X142.885 Y116.802 E514.14255
G1 X143.483 Y116.573 E514.16384
G1 X144.049 Y116.283 E514.185
G1 X144.586 Y115.935 E514.20628
G1 X145.081 Y115.535 E514.22745
G1 X145.535 Y115.081 E514.2488
G1 X145.935 Y114.587 E514.26994
G1 X146.283 Y114.049 E514.29125
G1 X146.573 Y113.483 E514.31241
G1 X146.802 Y112.885 E514.33371
G1 X146.968 Y112.269 E514.35492
G1 X147.066 Y111.642 E514.37603
G1 X147.101 Y111 E514.39742
G1 X147.066 Y110.358 E514.4188
G1 X146.968 Y109.731 E514.43991
G1 X146.802 Y109.115 E514.46113
G1 X146.573 Y108.517 E514.48243
G1 X146.283 Y107.951 E514.50358
G1 X145.935 Y107.413 E514.52489
G1 X145.535 Y106.919 E514.54603
G1 X145.081 Y106.465 E514.56739
G1 X144.586 Y106.065 E514.58855
G1 X144.049 Y105.717 E514.60984
G1 X143.483 Y105.427 E514.63099
G1 X142.885 Y105.198 E514.65229
G1 X142.269 Y105.032 E514.67351
G0 F7200 X142.186 Y105.424
;TYPE:WALL-OUTER
G1 F3000 X141.596 Y105.331 E514.69337
G1 X141 Y105.3 E514.71322
G1 X140.404 Y105.331 E514.73307
G1 X139.814 Y105.424 E514.75294
G1 X139.239 Y105.579 E514.77274
G1 X138.68 Y105.793 E514.79265
G1 X138.151 Y106.064 E514.81242
G1 X137.648 Y106.389 E514.83234
G1 X137.187 Y106.763 E514.85208
G1 X136.763 Y107.187 E514.87203
G1 X136.389 Y107.648 E514.89177
G1 X136.064 Y108.151 E514.91169
G1 X135.793 Y108.68 E514.93146
G1 X135.579 Y109.239 E514.95137
G1 X135.424 Y109.814 E514.97117
G1 X135.332 Y110.4 E514.9909
G1 X135.3 Y111 E515.01089
G1 X135.332 Y111.6 E515.03087
G1 X135.424 Y112.186 E515.0506
G1 X135.579 Y112.761 E515.07041
G1 X135.793 Y113.32 E515.09032
G1 X136.064 Y113.849 E515.11009
G1 X136.389 Y114.352 E515.13
G1 X136.763 Y114.813 E515.14975
G1 X137.187 Y115.237 E515.16969
G1 X137.648 Y115.611 E515.18944
G1 X138.151 Y115.936 E515.20935
G1 X138.68 Y116.207 E515.22912
G1 X139.239 Y116.421 E515.24903
G1 X139.814 Y116.576 E515.26884
G1 X140.404 Y116.669 E515.2887
G1 X141 Y116.7 E515.30855
G1 X141.596 Y116.669 E515.3284
G1 X142.186 Y116.576 E515.34827
G1 X142.761 Y116.421 E515.36808
G1 X143.32 Y116.207 E515.38799
G1 X143.849 Y115.936 E515.40775
G1 X144.351 Y115.611 E515.42764
G1 X144.813 Y115.237 E515.44741
G1 X145.237 Y114.813 E515.46736
G1 X145.611 Y114.352 E515.4871
G1 X145.936 Y113.849 E515.50702
G1 X146.207 Y113.32 E515.52679
G1 X146.421 Y112.761 E515.5467
G1 X146.576 Y112.186 E515.56651
G1 X146.668 Y111.6 E515.58623
G1 X146.7 Y111 E515.60622
G1 X146.668 Y110.4 E515.6262
G1 X146.576 Y109.814 E515.64593
G1 X146.421 Y109.239 E515.66574
G1 X146.207 Y108.68 E515.68565
G1 X145.936 Y108.151 E515.70542
G1 X145.611 Y107.648 E515.72534
G1 X145.237 Y107.187 E515.74508
G1 X144.813 Y106.763 E515.76502
G1 X144.351 Y106.389 E515.78479
G1 X143.849 Y106.064 E515.80468
G1 X143.32 Y105.793 E515.82445
G1 X142.761 Y105.579 E515.84436
G1 X142.186 Y105.424 E515.86417
G0 F7200 X141.989 Y105.393
G0 X142.058 Y104.959
G0 X142.23 Y104.211
;TYPE:WALL-INNER
G1 F3000 X142.838 Y104.35 E515.88491
G1 X143.421 Y104.539 E515.9053
G1 X143.997 Y104.785 E515.92613
G1 X144.536 Y105.075 E515.94649
G1 X145.057 Y105.419 E515.96725
G1 X145.538 Y105.803 E515.98772
G1 X145.989 Y106.235 E516.00849
G1 X146.384 Y106.686 E516.02843
G1 X146.762 Y107.206 E516.04982
G1 X147.076 Y107.73 E516.07013
G1 X147.346 Y108.295 E516.09096
G1 X147.559 Y108.861 E516.11107
G1 X147.727 Y109.471 E516.13212
G1 X147.839 Y110.084 E516.15284
G1 X147.892 Y110.683 E516.17285
G1 X147.892 Y111.317 E516.19393
G1 X147.839 Y111.916 E516.21393
G1 X147.727 Y112.529 E516.23466
G1 X147.559 Y113.139 E516.2557
G1 X147.346 Y113.705 E516.27582
G1 X147.076 Y114.27 E516.29664
G1 X146.757 Y114.802 E516.31728
G1 X146.391 Y115.305 E516.33797
G1 X145.989 Y115.765 E516.35828
G1 X145.538 Y116.197 E516.37906
G1 X145.057 Y116.581 E516.39953
G1 X144.536 Y116.925 E516.42029
G1 X143.997 Y117.215 E516.44065
G1 X143.421 Y117.461 E516.46148
G1 X142.838 Y117.65 E516.48187
G1 X142.23 Y117.789 E516.50261
G1 X141.635 Y117.869 E516.52258
G1 X140.973 Y117.9 E516.54462
G1 X81.027 Y117.9 E518.53843
G1 X80.365 Y117.869 E518.56047
G1 X79.77 Y117.789 E518.58044
G1 X79.162 Y117.65 E518.60119
G1 X78.579 Y117.461 E518.62157
G1 X78.003 Y117.215 E518.6424
G1 X77.464 Y116.925 E518.66276
G1 X76.943 Y116.581 E518.68352
G1 X76.462 Y116.196 E518.70402
G1 X76.016 Y115.77 E518.72453
G1 X75.61 Y115.306 E518.74504
G1 X75.238 Y114.794 E518.76609
G1 X74.924 Y114.27 E518.7864
G1 X74.654 Y113.705 E518.80723
G1 X74.441 Y113.139 E518.82735
G1 X74.275 Y112.537 E518.84811
G1 X74.161 Y111.908 E518.86938
G1 X74.108 Y111.317 E518.88911
G1 X74.108 Y110.683 E518.9102
G1 X74.161 Y110.092 E518.92993
G1 X74.275 Y109.463 E518.9512
G1 X74.441 Y108.861 E518.97197
G1 X74.654 Y108.295 E518.99208
G1 X74.924 Y107.73 E519.01291
G1 X75.238 Y107.206 E519.03323
G1 X75.61 Y106.694 E519.05427
G1 X76.016 Y106.23 E519.07478
G1 X76.462 Y105.804 E519.09529
G1 X76.943 Y105.419 E519.11579
G1 X77.464 Y105.075 E519.13655
G1 X78.003 Y104.785 E519.15691
G1 X78.579 Y104.539 E519.17774
G1 X79.162 Y104.35 E519.19812
G1 X79.77 Y104.211 E519.21887
G1 X80.365 Y104.131 E519.23884
G1 X81.027 Y104.1 E519.26088
G1 X140.973 Y104.1 E521.25469
G1 X141.635 Y104.131 E521.27673
G1 X142.23 Y104.211 E521.2967
G0 F7200 X142.305 Y103.818
;TYPE:WALL-OUTER
G1 F3000 X142.941 Y103.963 E521.3184
G1 X143.566 Y104.166 E521.34025
G1 X144.165 Y104.422 E521.36192
G1 X144.745 Y104.734 E521.38382
G1 X145.291 Y105.094 E521.40558
G1 X145.8 Y105.501 E521.42725
G1 X146.279 Y105.959 E521.4493
G1 X146.701 Y106.441 E521.4706
G1 X147.092 Y106.979 E521.49272
G1 X147.432 Y107.548 E521.51477
G1 X147.711 Y108.131 E521.53627
G1 X147.942 Y108.743 E521.55802
G1 X148.115 Y109.374 E521.57979
G1 X148.235 Y110.03 E521.60197
G1 X148.292 Y110.67 E521.62334
G1 X148.292 Y111.33 E521.64529
G1 X148.235 Y111.97 E521.66666
G1 X148.115 Y112.626 E521.68884
G1 X147.942 Y113.257 E521.7106
G1 X147.711 Y113.869 E521.73236
G1 X147.432 Y114.452 E521.75385
G1 X147.092 Y115.021 E521.7759
G1 X146.702 Y115.557 E521.79795
G1 X146.279 Y116.041 E521.81933
G1 X145.8 Y116.499 E521.84137
G1 X145.291 Y116.906 E521.86305
G1 X144.745 Y117.266 E521.8848
G1 X144.165 Y117.578 E521.9067
G1 X143.566 Y117.834 E521.92837
G1 X142.941 Y118.037 E521.95023
G1 X142.305 Y118.182 E521.97192
G1 X141.663 Y118.269 E521.99347
G1 X140.991 Y118.3 E522.01584
G1 X81.009 Y118.3 E524.01085
G1 X80.337 Y118.269 E524.03323
G1 X79.695 Y118.182 E524.05478
G1 X79.059 Y118.037 E524.07647
G1 X78.434 Y117.834 E524.09833
G1 X77.835 Y117.578 E524.12
G1 X77.255 Y117.266 E524.1419
G1 X76.709 Y116.906 E524.16365
G1 X76.2 Y116.499 E524.18533
G1 X75.726 Y116.046 E524.20714
G1 X75.293 Y115.551 E524.22901
G1 X74.908 Y115.021 E524.2508
G1 X74.568 Y114.452 E524.27284
G1 X74.289 Y113.869 E524.29434
G1 X74.058 Y113.257 E524.3161
G1 X73.884 Y112.626 E524.33787
G1 X73.765 Y111.97 E524.36004
G1 X73.708 Y111.33 E524.38141
G1 X73.708 Y110.67 E524.40337
G1 X73.765 Y110.03 E524.42474
G1 X73.884 Y109.374 E524.44691
G1 X74.058 Y108.743 E524.46868
G1 X74.289 Y108.131 E524.49044
G1 X74.568 Y107.548 E524.51193
G1 X74.908 Y106.979 E524.53398
G1 X75.293 Y106.449 E524.55577
G1 X75.726 Y105.954 E524.57764
G1 X76.2 Y105.501 E524.59945
G1 X76.709 Y105.094 E524.62113
G1 X77.255 Y104.734 E524.64288
G1 X77.835 Y104.422 E524.66478
G1 X78.434 Y104.166 E524.68645
G1 X79.059 Y103.963 E524.70831
G1 X79.695 Y103.818 E524.73
G1 X80.337 Y103.731 E524.75155
G1 X81.009 Y103.7 E524.77392
G1 X140.991 Y103.7 E526.76893
G1 X141.663 Y103.731 E526.79131
G1 X142.305 Y103.818 E526.81286
G0 F7200 X142.5 Y103.862
G0 X142.403 Y104.291
G0 X142.619 Y104.718
;TYPE:SKIN
G1 F1500 X142.253 Y104.635 E526.82574
G1 X141.317 Y104.547 E526.858
G1 X141.171 Y104.685 E526.86489
G0 F7200 X141.142 Y104.656
G0 X142.704 Y104.52
G1 F1500 X143.351 Y105.167 E526.88011
G0 F7200 X143.561 Y104.811
G1 F1500 X144.577 Y105.828 E526.90401
G0 F7200 X144.796 Y105.481
G1 F1500 X146.519 Y107.204 E526.94453
G0 F7200 X146.17 Y107.42
G1 F1500 X147.192 Y108.442 E526.96857
G0 F7200 X147.152 Y108.968
G1 F1500 X147.281 Y109.38 E526.98395
G1 X147.463 Y110.41 E527.0212
G1 X147.467 Y111.546 E527.06166
G1 X147.252 Y112.745 E527.10505
G1 X146.776 Y113.966 E527.15173
G1 X146.114 Y115.001 E527.19549
G1 X145.292 Y115.876 E527.23825
G1 X144.31 Y116.591 E527.28151
G1 X143.151 Y117.13 E527.32704
G1 X142.02 Y117.413 E527.36856
G1 X141.291 Y117.532 E527.39487
G1 X141.152 Y117.676 E527.402
G0 F7200 X141.171 Y117.695
G0 X144.069 Y116.317
G0 X145.107 Y115.564
G0 X145.967 Y114.61
G0 X146.609 Y113.499
G0 X147.007 Y112.277
G0 X147.363 Y108.896
G1 F1500 X146.588 Y108.122 E527.42021
G0 F7200 X146.947 Y107.915
G1 F1500 X144.087 Y105.055 E527.48748
G0 F7200 X143.877 Y105.41
G1 F1500 X143.112 Y104.645 E527.50547
G0 F7200 X143.053 Y104.835
;MESH:NONMESH
G0 F600 X143.053 Y104.835 Z2.1
G0 F7200 X77.88 Y105.032
;TIME_ELAPSED:504.738104
;LAYER:9
;TYPE:FILL
;MESH:??????????????????6.stl
G1 F3000 X90.586 Y117.738 E528.10312
G0 F7200 X90.682 Y117.739
G1 F3000 X104.163 Y104.259 E528.7372
G0 F7200 X104.26 Y104.26
G1 F3000 X117.739 Y117.739 E529.37121
G0 F7200 X117.835 Y117.74
G1 F3000 X131.316 Y104.259 E530.00532
G0 F7200 X131.412 Y104.26
G1 F3000 X135.39 Y108.237 E530.19241
G1 X135.46 Y108.307
G0 F7200 X135.43 Y108.292
G0 X134.864 Y109.762
G1 F3000 X126.886 Y117.74 E530.56767
G0 F7200 X126.79 Y117.739
G1 F3000 X113.311 Y104.26 E531.20168
G0 F7200 X113.214 Y104.259
G1 F3000 X99.733 Y117.739 E531.83576
G0 F7200 X99.637 Y117.738
G1 F3000 X86.158 Y104.26 E532.46975
G0 F7200 X86.061 Y104.259
G1 F3000 X75.475 Y114.845 E532.96768
G1 X75.405 Y114.915
G0 F7200 X75.434 Y114.894
G0 X77.879 Y116.966
G1 F3000 X90.586 Y104.259 E533.56538
G0 F7200 X90.683 Y104.26
G1 F3000 X104.162 Y117.738 E534.19937
G0 F7200 X104.259 Y117.739
G1 F3000 X117.739 Y104.259 E534.83342
G0 F7200 X117.836 Y104.26
G1 F3000 X131.316 Y117.739 E535.46746
G0 F7200 X131.411 Y117.74
G1 F3000 X135.389 Y113.762 E535.65457
G1 X135.459 Y113.692
G0 F7200 X135.429 Y113.706
G0 X134.865 Y112.238
G1 F3000 X126.887 Y104.26 E536.02983
G0 F7200 X126.79 Y104.259
G1 F3000 X113.309 Y117.74 E536.66394
G0 F7200 X113.214 Y117.739
G1 F3000 X99.734 Y104.26 E537.29797
G0 F7200 X99.637 Y104.259
G1 F3000 X86.157 Y117.739 E537.93203
G0 F7200 X86.06 Y117.738
G1 F3000 X75.474 Y107.152 E538.42996
G1 X75.404 Y107.082
G0 F7200 X75.435 Y107.104
G0 X74.285 Y110.488
G1 F3000 X81.535 Y117.738 E538.77098
G0 F7200 X81.631 Y117.739
G1 F3000 X95.112 Y104.259 E539.40506
G0 F7200 X95.209 Y104.26
G1 F3000 X108.687 Y117.738 E540.03902
G0 F7200 X108.784 Y117.739
G1 F3000 X122.265 Y104.259 E540.67311
G0 F7200 X122.362 Y104.26
G1 F3000 X135.841 Y117.739 E541.30712
G0 F7200 X135.937 Y117.74
G1 F3000 X137.498 Y116.179 E541.38054
G1 X137.568 Y116.109
G0 F7200 X137.547 Y116.14
G0 X139.762 Y117.135
G1 F3000 X140.367 Y117.739 E541.40898
G0 F7200 X140.462 Y117.74
G1 F3000 X140.944 Y117.258 E541.43165
G0 F7200 X139.103 Y116.84
G0 X137.931 Y116.317
G0 X136.893 Y115.564
G0 X136.033 Y114.61
G0 X135.391 Y113.499
G0 X134.993 Y112.277
G0 X134.859 Y111
G0 X134.993 Y109.723
G0 X135.391 Y108.501
G0 X136.033 Y107.39
G0 X137.497 Y105.819
G1 F3000 X135.938 Y104.26 E541.50498
G0 F7200 X135.841 Y104.259
G1 F3000 X122.36 Y117.74 E542.13908
G0 F7200 X122.265 Y117.739
G1 F3000 X108.785 Y104.26 E542.77312
G0 F7200 X108.688 Y104.259
G1 F3000 X95.208 Y117.739 E543.40718
G0 F7200 X95.111 Y117.738
G1 F3000 X81.632 Y104.26 E544.04116
G0 F7200 X81.535 Y104.259
G1 F3000 X74.285 Y111.509 E544.38218
G1 X74.215 Y111.579
G0 F7200 X74.232 Y111.579
G0 X139.76 Y104.866
G1 F3000 X140.367 Y104.259 E544.41073
G0 F7200 X140.463 Y104.26
G1 F3000 X140.944 Y104.74 E544.43333
G0 F7200 X142.289 Y104.935
G0 X142.269 Y105.032
;TYPE:WALL-INNER
G1 F3000 X141.638 Y104.933 E544.45458
G1 X141 Y104.899 E544.47583
G1 X140.362 Y104.933 E544.49708
G1 X139.731 Y105.032 E544.51832
G1 X139.115 Y105.198 E544.53954
G1 X138.517 Y105.427 E544.56084
G1 X137.951 Y105.717 E544.58199
G1 X137.413 Y106.065 E544.6033
G1 X136.919 Y106.465 E544.62444
G1 X136.465 Y106.919 E544.6458
G1 X136.065 Y107.413 E544.66694
G1 X135.717 Y107.951 E544.68825
G1 X135.427 Y108.517 E544.7094
G1 X135.198 Y109.115 E544.7307
G1 X135.032 Y109.731 E544.75192
G1 X134.934 Y110.358 E544.77303
G1 X134.899 Y111 E544.79441
G1 X134.934 Y111.642 E544.8158
G1 X135.032 Y112.269 E544.8369
G1 X135.198 Y112.885 E544.85812
G1 X135.427 Y113.483 E544.87942
G1 X135.717 Y114.049 E544.90057
G1 X136.065 Y114.587 E544.92188
G1 X136.465 Y115.081 E544.94303
G1 X136.919 Y115.535 E544.96438
G1 X137.413 Y115.935 E544.98552
G1 X137.951 Y116.283 E545.00683
G1 X138.517 Y116.573 E545.02799
G1 X139.115 Y116.802 E545.04928
G1 X139.731 Y116.968 E545.0705
G1 X140.362 Y117.067 E545.09175
G1 X141 Y117.101 E545.113
G1 X141.638 Y117.067 E545.13425
G1 X142.269 Y116.968 E545.15549
G1 X142.885 Y116.802 E545.17671
G1 X143.483 Y116.573 E545.19801
G1 X144.049 Y116.283 E545.21916
G1 X144.586 Y115.935 E545.24044
G1 X145.081 Y115.535 E545.26161
G1 X145.535 Y115.081 E545.28297
G1 X145.935 Y114.587 E545.30411
G1 X146.283 Y114.049 E545.32542
G1 X146.573 Y113.483 E545.34657
G1 X146.802 Y112.885 E545.36787
G1 X146.968 Y112.269 E545.38909
G1 X147.066 Y111.642 E545.41019
G1 X147.101 Y111 E545.43158
G1 X147.066 Y110.358 E545.45296
G1 X146.968 Y109.731 E545.47407
G1 X146.802 Y109.115 E545.49529
G1 X146.573 Y108.517 E545.51659
G1 X146.283 Y107.951 E545.53774
G1 X145.935 Y107.413 E545.55905
G1 X145.535 Y106.919 E545.58019
G1 X145.081 Y106.465 E545.60155
G1 X144.586 Y106.065 E545.62272
G1 X144.049 Y105.717 E545.644
G1 X143.483 Y105.427 E545.66515
G1 X142.885 Y105.198 E545.68645
G1 X142.269 Y105.032 E545.70767
G0 F7200 X142.186 Y105.424
;TYPE:WALL-OUTER
G1 F3000 X141.596 Y105.331 E545.72753
G1 X141 Y105.3 E545.74738
G1 X140.404 Y105.331 E545.76723
G1 X139.814 Y105.424 E545.7871
G1 X139.239 Y105.579 E545.80691
G1 X138.68 Y105.793 E545.82682
G1 X138.151 Y106.064 E545.84658
G1 X137.648 Y106.389 E545.8665
G1 X137.187 Y106.763 E545.88625
G1 X136.763 Y107.187 E545.90619
G1 X136.389 Y107.648 E545.92593
G1 X136.064 Y108.151 E545.94585
G1 X135.793 Y108.68 E545.96562
G1 X135.579 Y109.239 E545.98553
G1 X135.424 Y109.814 E546.00534
G1 X135.332 Y110.4 E546.02507
G1 X135.3 Y111 E546.04505
G1 X135.332 Y111.6 E546.06504
G1 X135.424 Y112.186 E546.08476
G1 X135.579 Y112.761 E546.10457
G1 X135.793 Y113.32 E546.12448
G1 X136.064 Y113.849 E546.14425
G1 X136.389 Y114.352 E546.16417
G1 X136.763 Y114.813 E546.18391
G1 X137.187 Y115.237 E546.20385
G1 X137.648 Y115.611 E546.2236
G1 X138.151 Y115.936 E546.24352
G1 X138.68 Y116.207 E546.26329
G1 X139.239 Y116.421 E546.28319
G1 X139.814 Y116.576 E546.303
G1 X140.404 Y116.669 E546.32287
G1 X141 Y116.7 E546.34272
G1 X141.596 Y116.669 E546.36257
G1 X142.186 Y116.576 E546.38243
G1 X142.761 Y116.421 E546.40224
G1 X143.32 Y116.207 E546.42215
G1 X143.849 Y115.936 E546.44192
G1 X144.351 Y115.611 E546.46181
G1 X144.813 Y115.237 E546.48158
G1 X145.237 Y114.813 E546.50152
G1 X145.611 Y114.352 E546.52127
G1 X145.936 Y113.849 E546.54118
G1 X146.207 Y113.32 E546.56095
G1 X146.421 Y112.761 E546.58086
G1 X146.576 Y112.186 E546.60067
G1 X146.668 Y111.6 E546.6204
G1 X146.7 Y111 E546.64038
G1 X146.668 Y110.4 E546.66037
G1 X146.576 Y109.814 E546.6801
G1 X146.421 Y109.239 E546.6999
G1 X146.207 Y108.68 E546.71981
G1 X145.936 Y108.151 E546.73958
G1 X145.611 Y107.648 E546.7595
G1 X145.237 Y107.187 E546.77924
G1 X144.813 Y106.763 E546.79919
G1 X144.351 Y106.389 E546.81896
G1 X143.849 Y106.064 E546.83885
G1 X143.32 Y105.793 E546.85862
G1 X142.761 Y105.579 E546.87852
G1 X142.186 Y105.424 E546.89833
G0 F7200 X141.989 Y105.393
G0 X142.058 Y104.959
G0 X142.23 Y104.211
;TYPE:WALL-INNER
G1 F3000 X142.838 Y104.35 E546.91908
G1 X143.421 Y104.539 E546.93946
G1 X143.997 Y104.785 E546.96029
G1 X144.536 Y105.075 E546.98065
G1 X145.057 Y105.419 E547.00141
G1 X145.538 Y105.803 E547.02188
G1 X145.989 Y106.235 E547.04266
G1 X146.384 Y106.686 E547.0626
G1 X146.762 Y107.206 E547.08398
G1 X147.076 Y107.73 E547.1043
G1 X147.346 Y108.295 E547.12512
G1 X147.559 Y108.861 E547.14524
G1 X147.727 Y109.471 E547.16628
G1 X147.839 Y110.084 E547.18701
G1 X147.892 Y110.683 E547.20701
G1 X147.892 Y111.317 E547.2281
G1 X147.839 Y111.916 E547.2481
G1 X147.727 Y112.529 E547.26882
G1 X147.559 Y113.139 E547.28987
G1 X147.346 Y113.705 E547.30998
G1 X147.076 Y114.27 E547.33081
G1 X146.757 Y114.802 E547.35144
G1 X146.391 Y115.305 E547.37213
G1 X145.989 Y115.765 E547.39245
G1 X145.538 Y116.197 E547.41322
G1 X145.057 Y116.581 E547.43369
G1 X144.536 Y116.925 E547.45446
G1 X143.997 Y117.215 E547.47481
G1 X143.421 Y117.461 E547.49564
G1 X142.838 Y117.65 E547.51603
G1 X142.23 Y117.789 E547.53677
G1 X141.635 Y117.869 E547.55674
G1 X140.973 Y117.9 E547.57878
G1 X81.027 Y117.9 E549.57259
G1 X80.365 Y117.869 E549.59464
G1 X79.77 Y117.789 E549.61461
G1 X79.162 Y117.65 E549.63535
G1 X78.579 Y117.461 E549.65573
G1 X78.003 Y117.215 E549.67657
G1 X77.464 Y116.925 E549.69692
G1 X76.943 Y116.581 E549.71769
G1 X76.462 Y116.196 E549.73818
G1 X76.016 Y115.77 E549.75869
G1 X75.61 Y115.306 E549.7792
G1 X75.238 Y114.794 E549.80025
G1 X74.924 Y114.27 E549.82057
G1 X74.654 Y113.705 E549.84139
G1 X74.441 Y113.139 E549.86151
G1 X74.275 Y112.537 E549.88228
G1 X74.161 Y111.908 E549.90354
G1 X74.108 Y111.317 E549.92328
G1 X74.108 Y110.683 E549.94436
G1 X74.161 Y110.092 E549.9641
G1 X74.275 Y109.463 E549.98536
G1 X74.441 Y108.861 E550.00613
G1 X74.654 Y108.295 E550.02624
G1 X74.924 Y107.73 E550.04707
G1 X75.238 Y107.206 E550.06739
G1 X75.61 Y106.694 E550.08844
G1 X76.016 Y106.23 E550.10894
G1 X76.462 Y105.804 E550.12946
G1 X76.943 Y105.419 E550.14995
G1 X77.464 Y105.075 E550.17071
G1 X78.003 Y104.785 E550.19107
G1 X78.579 Y104.539 E550.2119
G1 X79.162 Y104.35 E550.23229
G1 X79.77 Y104.211 E550.25303
G1 X80.365 Y104.131 E550.273
G1 X81.027 Y104.1 E550.29504
G1 X140.973 Y104.1 E552.28885
G1 X141.635 Y104.131 E552.3109
G1 X142.23 Y104.211 E552.33086
G0 F7200 X142.305 Y103.818
;TYPE:WALL-OUTER
G1 F3000 X142.941 Y103.963 E552.35256
G1 X143.566 Y104.166 E552.37442
G1 X144.165 Y104.422 E552.39608
G1 X144.745 Y104.734 E552.41799
G1 X145.291 Y105.094 E552.43974
G1 X145.8 Y105.501 E552.46142
G1 X146.279 Y105.959 E552.48346
G1 X146.701 Y106.441 E552.50477
G1 X147.092 Y106.979 E552.52689
G1 X147.432 Y107.548 E552.54893
G1 X147.711 Y108.131 E552.57043
G1 X147.942 Y108.743 E552.59219
G1 X148.115 Y109.374 E552.61395
G1 X148.235 Y110.03 E552.63613
G1 X148.292 Y110.67 E552.6575
G1 X148.292 Y111.33 E552.67945
G1 X148.235 Y111.97 E552.70082
G1 X148.115 Y112.626 E552.723
G1 X147.942 Y113.257 E552.74476
G1 X147.711 Y113.869 E552.76652
G1 X147.432 Y114.452 E552.78802
G1 X147.092 Y115.021 E552.81006
G1 X146.702 Y115.557 E552.83211
G1 X146.279 Y116.041 E552.85349
G1 X145.8 Y116.499 E552.87553
G1 X145.291 Y116.906 E552.89721
G1 X144.745 Y117.266 E552.91896
G1 X144.165 Y117.578 E552.94087
G1 X143.566 Y117.834 E552.96253
G1 X142.941 Y118.037 E552.98439
G1 X142.305 Y118.182 E553.00608
G1 X141.663 Y118.269 E553.02763
G1 X140.991 Y118.3 E553.05001
G1 X81.009 Y118.3 E555.04502
G1 X80.337 Y118.269 E555.06739
G1 X79.695 Y118.182 E555.08894
G1 X79.059 Y118.037 E555.11064
G1 X78.434 Y117.834 E555.13249
G1 X77.835 Y117.578 E555.15416
G1 X77.255 Y117.266 E555.17606
G1 X76.709 Y116.906 E555.19782
G1 X76.2 Y116.499 E555.21949
G1 X75.726 Y116.046 E555.2413
G1 X75.293 Y115.551 E555.26317
G1 X74.908 Y115.021 E555.28496
G1 X74.568 Y114.452 E555.30701
G1 X74.289 Y113.869 E555.3285
G1 X74.058 Y113.257 E555.35026
G1 X73.884 Y112.626 E555.37203
G1 X73.765 Y111.97 E555.39421
G1 X73.708 Y111.33 E555.41558
G1 X73.708 Y110.67 E555.43753
G1 X73.765 Y110.03 E555.4589
G1 X73.884 Y109.374 E555.48107
G1 X74.058 Y108.743 E555.50284
G1 X74.289 Y108.131 E555.5246
G1 X74.568 Y107.548 E555.5461
G1 X74.908 Y106.979 E555.56814
G1 X75.293 Y106.449 E555.58993
G1 X75.726 Y105.954 E555.61181
G1 X76.2 Y105.501 E555.63361
G1 X76.709 Y105.094 E555.65529
G1 X77.255 Y104.734 E555.67704
G1 X77.835 Y104.422 E555.69895
G1 X78.434 Y104.166 E555.72061
G1 X79.059 Y103.963 E555.74247
G1 X79.695 Y103.818 E555.76416
G1 X80.337 Y103.731 E555.78571
G1 X81.009 Y103.7 E555.80809
G1 X140.991 Y103.7 E557.8031
G1 X141.663 Y103.731 E557.82547
G1 X142.305 Y103.818 E557.84702
G0 F7200 X142.5 Y103.862
G0 X142.403 Y104.291
G0 X142.284 Y104.636
;TYPE:SKIN
G1 F1500 X142.519 Y104.684 E557.85513
G1 X143.776 Y105.124 E557.90015
G1 X144.839 Y105.758 E557.94199
G1 X145.872 Y106.706 E557.98939
G1 X146.587 Y107.688 E558.03046
G1 X147.125 Y108.846 E558.07363
G1 X147.409 Y109.976 E558.11302
G1 X147.489 Y111.028 E558.14868
G1 X147.355 Y112.293 E558.19169
G1 X147.271 Y112.659 E558.20438
G1 X146.949 Y113.548 E558.23635
G0 F7200 X146.917 Y114.146
G1 F1500 X144.155 Y116.908 E558.30131
G0 F7200 X143.549 Y116.948
G1 F1500 X142.66 Y117.271 E558.33131
G1 X141.626 Y117.456 E558.36464
G1 X141.188 Y117.328 E558.37911
G0 F7200 X141.235 Y117.282
G0 X142.744 Y117.47
G1 F1500 X143.403 Y116.811 E558.39461
G0 F7200 X143.614 Y117.166
G1 F1500 X144.669 Y116.111 E558.41942
G0 F7200 X144.887 Y116.459
G1 F1500 X146.438 Y114.907 E558.45591
G0 F7200 X146.113 Y114.667
G1 F1500 X147.172 Y113.608 E558.48082
G0 F7200 X146.811 Y113.403
G1 F1500 X147.462 Y112.752 E558.49613
G0 F7200 X147.007 Y109.723
G0 X146.609 Y108.501
G0 X145.967 Y107.39
G0 X145.107 Y106.436
G0 X144.069 Y105.683
G0 X141.866 Y104.772
G0 X142.047 Y104.591
G1 F1500 X141.799 Y104.555 E558.50527
G1 X141.307 Y104.482 E558.52342
G1 X141.168 Y104.338 E558.53072
G0 F7200 X141.191 Y104.509
;MESH:NONMESH
G0 F600 X141.191 Y104.509 Z2.3
G0 F7200 X77.88 Y105.032
;TIME_ELAPSED:526.397760
;LAYER:10
;TYPE:FILL
;MESH:??????????????????6.stl
G1 F3000 X90.586 Y117.738 E559.12837
G0 F7200 X90.682 Y117.739
G1 F3000 X104.163 Y104.259 E559.76245
G0 F7200 X104.26 Y104.26
G1 F3000 X117.739 Y117.739 E560.39646
G0 F7200 X117.835 Y117.74
G1 F3000 X131.316 Y104.259 E561.03057
G0 F7200 X131.412 Y104.26
G1 F3000 X135.39 Y108.237 E561.21766
G1 X135.46 Y108.307
G0 F7200 X135.43 Y108.292
G0 X134.864 Y109.762
G1 F3000 X126.886 Y117.74 E561.59292
G0 F7200 X126.79 Y117.739
G1 F3000 X113.311 Y104.26 E562.22693
G0 F7200 X113.214 Y104.259
G1 F3000 X99.733 Y117.739 E562.86101
G0 F7200 X99.637 Y117.738
G1 F3000 X86.158 Y104.26 E563.495
G0 F7200 X86.061 Y104.259
G1 F3000 X75.475 Y114.845 E563.99293
G1 X75.405 Y114.915
G0 F7200 X75.434 Y114.894
G0 X77.879 Y116.966
G1 F3000 X90.586 Y104.259 E564.59063
G0 F7200 X90.683 Y104.26
G1 F3000 X104.162 Y117.738 E565.22462
G0 F7200 X104.259 Y117.739
G1 F3000 X117.739 Y104.259 E565.85867
G0 F7200 X117.836 Y104.26
G1 F3000 X131.316 Y117.739 E566.49271
G0 F7200 X131.411 Y117.74
G1 F3000 X135.389 Y113.762 E566.67982
G1 X135.459 Y113.692
G0 F7200 X135.429 Y113.706
G0 X134.865 Y112.238
G1 F3000 X126.887 Y104.26 E567.05508
G0 F7200 X126.79 Y104.259
G1 F3000 X113.309 Y117.74 E567.68919
G0 F7200 X113.214 Y117.739
G1 F3000 X99.734 Y104.26 E568.32322
G0 F7200 X99.637 Y104.259
G1 F3000 X86.157 Y117.739 E568.95728
G0 F7200 X86.06 Y117.738
G1 F3000 X75.474 Y107.152 E569.45521
G1 X75.404 Y107.082
G0 F7200 X75.435 Y107.104
G0 X74.285 Y110.488
G1 F3000 X81.535 Y117.738 E569.79623
G0 F7200 X81.631 Y117.739
G1 F3000 X95.112 Y104.259 E570.43031
G0 F7200 X95.209 Y104.26
G1 F3000 X108.687 Y117.738 E571.06427
G0 F7200 X108.784 Y117.739
G1 F3000 X122.265 Y104.259 E571.69836
G0 F7200 X122.362 Y104.26
G1 F3000 X135.841 Y117.739 E572.33237
G0 F7200 X135.937 Y117.74
G1 F3000 X137.498 Y116.179 E572.40579
G1 X137.568 Y116.109
G0 F7200 X137.547 Y116.14
G0 X139.762 Y117.135
G1 F3000 X140.367 Y117.739 E572.43422
G0 F7200 X140.462 Y117.74
G1 F3000 X140.944 Y117.258 E572.4569
G0 F7200 X139.103 Y116.84
G0 X137.931 Y116.317
G0 X136.893 Y115.564
G0 X136.033 Y114.61
G0 X135.391 Y113.499
G0 X134.993 Y112.277
G0 X134.859 Y111
G0 X134.993 Y109.723
G0 X135.391 Y108.501
G0 X136.033 Y107.39
G0 X137.497 Y105.819
G1 F3000 X135.938 Y104.26 E572.53023
G0 F7200 X135.841 Y104.259
G1 F3000 X122.36 Y117.74 E573.16433
G0 F7200 X122.265 Y117.739
G1 F3000 X108.785 Y104.26 E573.79837
G0 F7200 X108.688 Y104.259
G1 F3000 X95.208 Y117.739 E574.43242
G0 F7200 X95.111 Y117.738
G1 F3000 X81.632 Y104.26 E575.06641
G0 F7200 X81.535 Y104.259
G1 F3000 X74.285 Y111.509 E575.40743
G1 X74.215 Y111.579
G0 F7200 X74.232 Y111.579
G0 X139.76 Y104.866
G1 F3000 X140.367 Y104.259 E575.43598
G0 F7200 X140.463 Y104.26
G1 F3000 X140.944 Y104.74 E575.45858
G0 F7200 X142.289 Y104.935
G0 X142.269 Y105.032
;TYPE:WALL-INNER
G1 F3000 X141.638 Y104.933 E575.47983
G1 X141 Y104.899 E575.50108
G1 X140.362 Y104.933 E575.52233
G1 X139.731 Y105.032 E575.54357
G1 X139.115 Y105.198 E575.56479
G1 X138.517 Y105.427 E575.58609
G1 X137.951 Y105.717 E575.60724
G1 X137.413 Y106.065 E575.62855
G1 X136.919 Y106.465 E575.64969
G1 X136.465 Y106.919 E575.67105
G1 X136.065 Y107.413 E575.69219
G1 X135.717 Y107.951 E575.7135
G1 X135.427 Y108.517 E575.73465
G1 X135.198 Y109.115 E575.75595
G1 X135.032 Y109.731 E575.77717
G1 X134.934 Y110.358 E575.79828
G1 X134.899 Y111 E575.81966
G1 X134.934 Y111.642 E575.84105
G1 X135.032 Y112.269 E575.86215
G1 X135.198 Y112.885 E575.88337
G1 X135.427 Y113.483 E575.90467
G1 X135.717 Y114.049 E575.92582
G1 X136.065 Y114.587 E575.94713
G1 X136.465 Y115.081 E575.96827
G1 X136.919 Y115.535 E575.98963
G1 X137.413 Y115.935 E576.01077
G1 X137.951 Y116.283 E576.03208
G1 X138.517 Y116.573 E576.05323
G1 X139.115 Y116.802 E576.07453
G1 X139.731 Y116.968 E576.09575
G1 X140.362 Y117.067 E576.117
G1 X141 Y117.101 E576.13825
G1 X141.638 Y117.067 E576.1595
G1 X142.269 Y116.968 E576.18074
G1 X142.885 Y116.802 E576.20196
G1 X143.483 Y116.573 E576.22326
G1 X144.049 Y116.283 E576.24441
G1 X144.586 Y115.935 E576.26569
G1 X145.081 Y115.535 E576.28686
G1 X145.535 Y115.081 E576.30821
G1 X145.935 Y114.587 E576.32936
G1 X146.283 Y114.049 E576.35067
G1 X146.573 Y113.483 E576.37182
G1 X146.802 Y112.885 E576.39312
G1 X146.968 Y112.269 E576.41434
G1 X147.066 Y111.642 E576.43544
G1 X147.101 Y111 E576.45683
G1 X147.066 Y110.358 E576.47821
G1 X146.968 Y109.731 E576.49932
G1 X146.802 Y109.115 E576.52054
G1 X146.573 Y108.517 E576.54184
G1 X146.283 Y107.951 E576.56299
G1 X145.935 Y107.413 E576.5843
G1 X145.535 Y106.919 E576.60544
G1 X145.081 Y106.465 E576.6268
G1 X144.586 Y106.065 E576.64796
G1 X144.049 Y105.717 E576.66925
G1 X143.483 Y105.427 E576.6904
G1 X142.885 Y105.198 E576.7117
G1 X142.269 Y105.032 E576.73292
G0 F7200 X142.186 Y105.424
;TYPE:WALL-OUTER
G1 F3000 X141.596 Y105.331 E576.75278
G1 X141 Y105.3 E576.77263
G1 X140.404 Y105.331 E576.79248
G1 X139.814 Y105.424 E576.81235
G1 X139.239 Y105.579 E576.83216
G1 X138.68 Y105.793 E576.85206
G1 X138.151 Y106.064 E576.87183
G1 X137.648 Y106.389 E576.89175
G1 X137.187 Y106.763 E576.9115
G1 X136.763 Y107.187 E576.93144
G1 X136.389 Y107.648 E576.95118
G1 X136.064 Y108.151 E576.9711
G1 X135.793 Y108.68 E576.99087
G1 X135.579 Y109.239 E577.01078
G1 X135.424 Y109.814 E577.03059
G1 X135.332 Y110.4 E577.05032
G1 X135.3 Y111 E577.0703
G1 X135.332 Y111.6 E577.09028
G1 X135.424 Y112.186 E577.11001
G1 X135.579 Y112.761 E577.12982
G1 X135.793 Y113.32 E577.14973
G1 X136.064 Y113.849 E577.1695
G1 X136.389 Y114.352 E577.18942
G1 X136.763 Y114.813 E577.20916
G1 X137.187 Y115.237 E577.2291
G1 X137.648 Y115.611 E577.24885
G1 X138.151 Y115.936 E577.26877
G1 X138.68 Y116.207 E577.28854
G1 X139.239 Y116.421 E577.30844
G1 X139.814 Y116.576 E577.32825
G1 X140.404 Y116.669 E577.34812
G1 X141 Y116.7 E577.36797
G1 X141.596 Y116.669 E577.38782
G1 X142.186 Y116.576 E577.40768
G1 X142.761 Y116.421 E577.42749
G1 X143.32 Y116.207 E577.4474
G1 X143.849 Y115.936 E577.46717
G1 X144.351 Y115.611 E577.48706
G1 X144.813 Y115.237 E577.50683
G1 X145.237 Y114.813 E577.52677
G1 X145.611 Y114.352 E577.54651
G1 X145.936 Y113.849 E577.56643
G1 X146.207 Y113.32 E577.5862
G1 X146.421 Y112.761 E577.60611
G1 X146.576 Y112.186 E577.62592
G1 X146.668 Y111.6 E577.64565
G1 X146.7 Y111 E577.66563
G1 X146.668 Y110.4 E577.68562
G1 X146.576 Y109.814 E577.70534
G1 X146.421 Y109.239 E577.72515
G1 X146.207 Y108.68 E577.74506
G1 X145.936 Y108.151 E577.76483
G1 X145.611 Y107.648 E577.78475
G1 X145.237 Y107.187 E577.80449
G1 X144.813 Y106.763 E577.82444
G1 X144.351 Y106.389 E577.84421
G1 X143.849 Y106.064 E577.8641
G1 X143.32 Y105.793 E577.88386
G1 X142.761 Y105.579 E577.90377
G1 X142.186 Y105.424 E577.92358
G0 F7200 X141.989 Y105.393
G0 X142.058 Y104.959
G0 X142.23 Y104.211
;TYPE:WALL-INNER
G1 F3000 X142.838 Y104.35 E577.94432
G1 X143.421 Y104.539 E577.96471
G1 X143.997 Y104.785 E577.98554
G1 X144.536 Y105.075 E578.0059
G1 X145.057 Y105.419 E578.02666
G1 X145.538 Y105.803 E578.04713
G1 X145.989 Y106.235 E578.06791
G1 X146.384 Y106.686 E578.08785
G1 X146.762 Y107.206 E578.10923
G1 X147.076 Y107.73 E578.12955
G1 X147.346 Y108.295 E578.15037
G1 X147.559 Y108.861 E578.17049
G1 X147.727 Y109.471 E578.19153
G1 X147.839 Y110.084 E578.21226
G1 X147.892 Y110.683 E578.23226
G1 X147.892 Y111.317 E578.25334
G1 X147.839 Y111.916 E578.27335
G1 X147.727 Y112.529 E578.29407
G1 X147.559 Y113.139 E578.31512
G1 X147.346 Y113.705 E578.33523
G1 X147.076 Y114.27 E578.35606
G1 X146.757 Y114.802 E578.37669
G1 X146.391 Y115.305 E578.39738
G1 X145.989 Y115.765 E578.4177
G1 X145.538 Y116.197 E578.43847
G1 X145.057 Y116.581 E578.45894
G1 X144.536 Y116.925 E578.4797
G1 X143.997 Y117.215 E578.50006
G1 X143.421 Y117.461 E578.52089
G1 X142.838 Y117.65 E578.54128
G1 X142.23 Y117.789 E578.56202
G1 X141.635 Y117.869 E578.58199
G1 X140.973 Y117.9 E578.60403
G1 X81.027 Y117.9 E580.59784
G1 X80.365 Y117.869 E580.61989
G1 X79.77 Y117.789 E580.63985
G1 X79.162 Y117.65 E580.6606
G1 X78.579 Y117.461 E580.68098
G1 X78.003 Y117.215 E580.70181
G1 X77.464 Y116.925 E580.72217
G1 X76.943 Y116.581 E580.74294
G1 X76.462 Y116.196 E580.76343
G1 X76.016 Y115.77 E580.78394
G1 X75.61 Y115.306 E580.80445
G1 X75.238 Y114.794 E580.8255
G1 X74.924 Y114.27 E580.84582
G1 X74.654 Y113.705 E580.86664
G1 X74.441 Y113.139 E580.88676
G1 X74.275 Y112.537 E580.90753
G1 X74.161 Y111.908 E580.92879
G1 X74.108 Y111.317 E580.94852
G1 X74.108 Y110.683 E580.96961
G1 X74.161 Y110.092 E580.98935
G1 X74.275 Y109.463 E581.01061
G1 X74.441 Y108.861 E581.03138
G1 X74.654 Y108.295 E581.05149
G1 X74.924 Y107.73 E581.07232
G1 X75.238 Y107.206 E581.09264
G1 X75.61 Y106.694 E581.11369
G1 X76.016 Y106.23 E581.13419
G1 X76.462 Y105.804 E581.15471
G1 X76.943 Y105.419 E581.1752
G1 X77.464 Y105.075 E581.19596
G1 X78.003 Y104.785 E581.21632
G1 X78.579 Y104.539 E581.23715
G1 X79.162 Y104.35 E581.25754
G1 X79.77 Y104.211 E581.27828
G1 X80.365 Y104.131 E581.29825
G1 X81.027 Y104.1 E581.32029
G1 X140.973 Y104.1 E583.3141
G1 X141.635 Y104.131 E583.33615
G1 X142.23 Y104.211 E583.35611
G0 F7200 X142.305 Y103.818
;TYPE:WALL-OUTER
G1 F3000 X142.941 Y103.963 E583.37781
G1 X143.566 Y104.166 E583.39967
G1 X144.165 Y104.422 E583.42133
G1 X144.745 Y104.734 E583.44324
G1 X145.291 Y105.094 E583.46499
G1 X145.8 Y105.501 E583.48667
G1 X146.279 Y105.959 E583.50871
G1 X146.701 Y106.441 E583.53002
G1 X147.092 Y106.979 E583.55214
G1 X147.432 Y107.548 E583.57418
G1 X147.711 Y108.131 E583.59568
G1 X147.942 Y108.743 E583.61744
G1 X148.115 Y109.374 E583.6392
G1 X148.235 Y110.03 E583.66138
G1 X148.292 Y110.67 E583.68275
G1 X148.292 Y111.33 E583.7047
G1 X148.235 Y111.97 E583.72607
G1 X148.115 Y112.626 E583.74825
G1 X147.942 Y113.257 E583.77001
G1 X147.711 Y113.869 E583.79177
G1 X147.432 Y114.452 E583.81327
G1 X147.092 Y115.021 E583.83531
G1 X146.702 Y115.557 E583.85736
G1 X146.279 Y116.041 E583.87874
G1 X145.8 Y116.499 E583.90078
G1 X145.291 Y116.906 E583.92246
G1 X144.745 Y117.266 E583.94421
G1 X144.165 Y117.578 E583.96612
G1 X143.566 Y117.834 E583.98778
G1 X142.941 Y118.037 E584.00964
G1 X142.305 Y118.182 E584.03133
G1 X141.663 Y118.269 E584.05288
G1 X140.991 Y118.3 E584.07526
G1 X81.009 Y118.3 E586.07027
G1 X80.337 Y118.269 E586.09264
G1 X79.695 Y118.182 E586.11419
G1 X79.059 Y118.037 E586.13589
G1 X78.434 Y117.834 E586.15774
G1 X77.835 Y117.578 E586.17941
G1 X77.255 Y117.266 E586.20131
G1 X76.709 Y116.906 E586.22306
G1 X76.2 Y116.499 E586.24474
G1 X75.726 Y116.046 E586.26655
G1 X75.293 Y115.551 E586.28842
G1 X74.908 Y115.021 E586.31021
G1 X74.568 Y114.452 E586.33226
G1 X74.289 Y113.869 E586.35375
G1 X74.058 Y113.257 E586.37551
G1 X73.884 Y112.626 E586.39728
G1 X73.765 Y111.97 E586.41945
G1 X73.708 Y111.33 E586.44083
G1 X73.708 Y110.67 E586.46278
G1 X73.765 Y110.03 E586.48415
G1 X73.884 Y109.374 E586.50632
G1 X74.058 Y108.743 E586.52809
G1 X74.289 Y108.131 E586.54985
G1 X74.568 Y107.548 E586.57135
G1 X74.908 Y106.979 E586.59339
G1 X75.293 Y106.449 E586.61518
G1 X75.726 Y105.954 E586.63705
G1 X76.2 Y105.501 E586.65886
G1 X76.709 Y105.094 E586.68054
G1 X77.255 Y104.734 E586.70229
G1 X77.835 Y104.422 E586.7242
G1 X78.434 Y104.166 E586.74586
G1 X79.059 Y103.963 E586.76772
G1 X79.695 Y103.818 E586.78941
G1 X80.337 Y103.731 E586.81096
G1 X81.009 Y103.7 E586.83334
G1 X140.991 Y103.7 E588.82835
G1 X141.663 Y103.731 E588.85072
G1 X142.305 Y103.818 E588.87227
G0 F7200 X142.5 Y103.862
G0 X142.403 Y104.291
G0 X142.619 Y104.718
;TYPE:SKIN
G1 F1500 X142.253 Y104.635 E588.88515
G1 X141.317 Y104.547 E588.91741
G1 X141.171 Y104.685 E588.9243
G0 F7200 X141.142 Y104.656
G0 X142.704 Y104.52
G1 F1500 X143.351 Y105.167 E588.93952
G0 F7200 X143.561 Y104.811
G1 F1500 X144.577 Y105.828 E588.96342
G0 F7200 X144.796 Y105.481
G1 F1500 X146.519 Y107.204 E589.00395
G0 F7200 X146.17 Y107.42
G1 F1500 X147.192 Y108.442 E589.02798
G0 F7200 X147.152 Y108.968
G1 F1500 X147.281 Y109.38 E589.04336
G1 X147.463 Y110.41 E589.08061
G1 X147.467 Y111.546 E589.12108
G1 X147.252 Y112.745 E589.16446
G1 X146.776 Y113.966 E589.21114
G1 X146.114 Y115.001 E589.2549
G1 X145.292 Y115.876 E589.29766
G1 X144.31 Y116.591 E589.34092
G1 X143.151 Y117.13 E589.38645
G1 X142.02 Y117.413 E589.42797
G1 X141.291 Y117.532 E589.45428
G1 X141.152 Y117.676 E589.46141
G0 F7200 X141.171 Y117.695
G0 X144.069 Y116.317
G0 X145.107 Y115.564
G0 X145.967 Y114.61
G0 X146.609 Y113.499
G0 X147.007 Y112.277
G0 X147.363 Y108.896
G1 F1500 X146.588 Y108.122 E589.47963
G0 F7200 X146.947 Y107.915
G1 F1500 X144.087 Y105.055 E589.54689
G0 F7200 X143.877 Y105.41
G1 F1500 X143.112 Y104.645 E589.56488
G0 F7200 X143.053 Y104.835
;MESH:NONMESH
G0 F600 X143.053 Y104.835 Z2.5
G0 F7200 X96.596 Y105.647
;TIME_ELAPSED:547.932659
;LAYER:11
;TYPE:FILL
;MESH:??????????????????6.stl
G1 F3000 X108.687 Y117.738 E590.1336
G0 F7200 X108.784 Y117.739
G1 F3000 X122.265 Y104.259 E590.76769
G0 F7200 X122.362 Y104.26
G1 F3000 X135.841 Y117.739 E591.4017
G0 F7200 X135.937 Y117.74
G1 F3000 X137.498 Y116.179 E591.47512
G1 X137.568 Y116.109
G0 F7200 X137.547 Y116.14
G0 X139.762 Y117.135
G1 F3000 X140.367 Y117.739 E591.50356
G0 F7200 X140.462 Y117.74
G1 F3000 X140.944 Y117.258 E591.52623
G0 F7200 X139.103 Y116.84
G0 X137.931 Y116.317
G0 X136.893 Y115.564
G0 X135.389 Y113.762
G1 F3000 X131.411 Y117.74 E591.71334
G0 F7200 X131.316 Y117.739
G1 F3000 X117.836 Y104.26 E592.34737
G0 F7200 X117.739 Y104.259
G1 F3000 X104.259 Y117.739 E592.98143
G0 F7200 X104.162 Y117.738
G1 F3000 X94.645 Y108.221 E593.42908
G1 X94.575 Y108.151
G0 F7200 X94.189 Y109.707
G1 F3000 X99.637 Y104.259 E593.68534
G0 F7200 X99.734 Y104.26
G1 F3000 X113.213 Y117.738 E594.31933
G0 F7200 X113.31 Y117.739
G1 F3000 X126.79 Y104.259 E594.95339
G0 F7200 X126.887 Y104.26
G1 F3000 X134.865 Y112.238 E595.32865
G1 X134.935 Y112.308
G0 F7200 X134.864 Y109.762
G1 F3000 X126.886 Y117.74 E595.70391
G0 F7200 X126.79 Y117.739
G1 F3000 X113.311 Y104.26 E596.33792
G0 F7200 X113.214 Y104.259
G1 F3000 X99.733 Y117.739 E596.972
G0 F7200 X99.637 Y117.738
G1 F3000 X94.191 Y112.293 E597.22814
G1 X94.121 Y112.223
G0 F7200 X94.644 Y113.777
G1 F3000 X104.163 Y104.259 E597.67586
G0 F7200 X104.26 Y104.26
G1 F3000 X117.738 Y117.738 E598.30982
G0 F7200 X117.835 Y117.739
G1 F3000 X131.316 Y104.259 E598.9439
G0 F7200 X131.412 Y104.26
G1 F3000 X135.39 Y108.237 E599.13099
G1 X135.46 Y108.307
G0 F7200 X135.43 Y108.292
G0 X136.335 Y107.033
G0 X137.497 Y105.819
G1 F3000 X135.938 Y104.26 E599.20432
G0 F7200 X135.841 Y104.259
G1 F3000 X122.36 Y117.74 E599.83843
G0 F7200 X122.265 Y117.739
G1 F3000 X108.785 Y104.26 E600.47246
G0 F7200 X108.688 Y104.259
G1 F3000 X96.595 Y116.353 E601.04131
G1 X96.525 Y116.423
G0 F7200 X139.76 Y104.866
G1 F3000 X140.367 Y104.259 E601.06986
G0 F7200 X140.463 Y104.26
G1 F3000 X140.944 Y104.74 E601.09246
G0 F7200 X142.289 Y104.935
G0 X142.269 Y105.032
;TYPE:WALL-INNER
G1 F3000 X141.638 Y104.933 E601.1137
G1 X141 Y104.899 E601.13495
G1 X140.362 Y104.933 E601.1562
G1 X139.731 Y105.032 E601.17745
G1 X139.115 Y105.198 E601.19867
G1 X138.517 Y105.427 E601.21996
G1 X137.951 Y105.717 E601.24112
G1 X137.413 Y106.065 E601.26243
G1 X136.919 Y106.465 E601.28357
G1 X136.465 Y106.919 E601.30492
G1 X136.065 Y107.413 E601.32606
G1 X135.717 Y107.951 E601.34738
G1 X135.427 Y108.517 E601.36853
G1 X135.198 Y109.115 E601.38983
G1 X135.032 Y109.731 E601.41104
G1 X134.934 Y110.358 E601.43215
G1 X134.899 Y111 E601.45354
G1 X134.934 Y111.642 E601.47492
G1 X135.032 Y112.269 E601.49603
G1 X135.198 Y112.885 E601.51725
G1 X135.427 Y113.483 E601.53855
G1 X135.717 Y114.049 E601.5597
G1 X136.065 Y114.587 E601.58101
G1 X136.465 Y115.081 E601.60215
G1 X136.919 Y115.535 E601.62351
G1 X137.413 Y115.935 E601.64465
G1 X137.951 Y116.283 E601.66596
G1 X138.517 Y116.573 E601.68711
G1 X139.115 Y116.802 E601.70841
G1 X139.731 Y116.968 E601.72963
G1 X140.362 Y117.067 E601.75087
G1 X141 Y117.101 E601.77212
G1 X141.638 Y117.067 E601.79337
G1 X142.269 Y116.968 E601.81462
G1 X142.885 Y116.802 E601.83583
G1 X143.483 Y116.573 E601.85713
G1 X144.049 Y116.283 E601.87829
G1 X144.586 Y115.935 E601.89957
G1 X145.081 Y115.535 E601.92074
G1 X145.535 Y115.081 E601.94209
G1 X145.935 Y114.587 E601.96323
G1 X146.283 Y114.049 E601.98454
G1 X146.573 Y113.483 E602.0057
G1 X146.802 Y112.885 E602.02699
G1 X146.968 Y112.269 E602.04821
G1 X147.066 Y111.642 E602.06932
G1 X147.101 Y111 E602.0907
G1 X147.066 Y110.358 E602.11209
G1 X146.968 Y109.731 E602.1332
G1 X146.802 Y109.115 E602.15442
G1 X146.573 Y108.517 E602.17571
G1 X146.283 Y107.951 E602.19687
G1 X145.935 Y107.413 E602.21818
G1 X145.535 Y106.919 E602.23932
G1 X145.081 Y106.465 E602.26067
G1 X144.586 Y106.065 E602.28184
G1 X144.049 Y105.717 E602.30312
G1 X143.483 Y105.427 E602.32428
G1 X142.885 Y105.198 E602.34557
G1 X142.269 Y105.032 E602.36679
G0 F7200 X142.186 Y105.424
;TYPE:WALL-OUTER
G1 F3000 X141.596 Y105.331 E602.38666
G1 X141 Y105.3 E602.40651
G1 X140.404 Y105.331 E602.42636
G1 X139.814 Y105.424 E602.44622
G1 X139.239 Y105.579 E602.46603
G1 X138.68 Y105.793 E602.48594
G1 X138.151 Y106.064 E602.50571
G1 X137.648 Y106.389 E602.52563
G1 X137.187 Y106.763 E602.54537
G1 X136.763 Y107.187 E602.56532
G1 X136.389 Y107.648 E602.58506
G1 X136.064 Y108.151 E602.60498
G1 X135.793 Y108.68 E602.62475
G1 X135.579 Y109.239 E602.64466
G1 X135.424 Y109.814 E602.66446
G1 X135.332 Y110.4 E602.68419
G1 X135.3 Y111 E602.70418
G1 X135.332 Y111.6 E602.72416
G1 X135.424 Y112.186 E602.74389
G1 X135.579 Y112.761 E602.7637
G1 X135.793 Y113.32 E602.78361
G1 X136.064 Y113.849 E602.80337
G1 X136.389 Y114.352 E602.82329
G1 X136.763 Y114.813 E602.84304
G1 X137.187 Y115.237 E602.86298
G1 X137.648 Y115.611 E602.88272
G1 X138.151 Y115.936 E602.90264
G1 X138.68 Y116.207 E602.92241
G1 X139.239 Y116.421 E602.94232
G1 X139.814 Y116.576 E602.96213
G1 X140.404 Y116.669 E602.98199
G1 X141 Y116.7 E603.00184
G1 X141.596 Y116.669 E603.02169
G1 X142.186 Y116.576 E603.04156
G1 X142.761 Y116.421 E603.06137
G1 X143.32 Y116.207 E603.08127
G1 X143.849 Y115.936 E603.10104
G1 X144.351 Y115.611 E603.12093
G1 X144.813 Y115.237 E603.1407
G1 X145.237 Y114.813 E603.16065
G1 X145.611 Y114.352 E603.18039
G1 X145.936 Y113.849 E603.20031
G1 X146.207 Y113.32 E603.22008
G1 X146.421 Y112.761 E603.23999
G1 X146.576 Y112.186 E603.25979
G1 X146.668 Y111.6 E603.27952
G1 X146.7 Y111 E603.29951
G1 X146.668 Y110.4 E603.31949
G1 X146.576 Y109.814 E603.33922
G1 X146.421 Y109.239 E603.35903
G1 X146.207 Y108.68 E603.37894
G1 X145.936 Y108.151 E603.39871
G1 X145.611 Y107.648 E603.41862
G1 X145.237 Y107.187 E603.43837
G1 X144.813 Y106.763 E603.45831
G1 X144.351 Y106.389 E603.47808
G1 X143.849 Y106.064 E603.49797
G1 X143.32 Y105.793 E603.51774
G1 X142.761 Y105.579 E603.53765
G1 X142.186 Y105.424 E603.55746
G0 F7200 X141.989 Y105.393
G0 X142.058 Y104.959
G0 X142.23 Y104.211
;TYPE:WALL-INNER
G1 F3000 X142.838 Y104.35 E603.5782
G1 X143.421 Y104.539 E603.59858
G1 X143.997 Y104.785 E603.61942
G1 X144.536 Y105.075 E603.63977
G1 X145.057 Y105.419 E603.66054
G1 X145.538 Y105.803 E603.68101
G1 X145.989 Y106.235 E603.70178
G1 X146.384 Y106.686 E603.72172
G1 X146.762 Y107.206 E603.7431
G1 X147.076 Y107.73 E603.76342
G1 X147.346 Y108.295 E603.78425
G1 X147.559 Y108.861 E603.80436
G1 X147.727 Y109.471 E603.82541
G1 X147.839 Y110.084 E603.84613
G1 X147.892 Y110.683 E603.86613
G1 X147.892 Y111.317 E603.88722
G1 X147.839 Y111.916 E603.90722
G1 X147.727 Y112.529 E603.92795
G1 X147.559 Y113.139 E603.94899
G1 X147.346 Y113.705 E603.96911
G1 X147.076 Y114.27 E603.98993
G1 X146.757 Y114.802 E604.01056
G1 X146.391 Y115.305 E604.03125
G1 X145.989 Y115.765 E604.05157
G1 X145.538 Y116.197 E604.07234
G1 X145.057 Y116.581 E604.09282
G1 X144.536 Y116.925 E604.11358
G1 X143.997 Y117.215 E604.13394
G1 X143.421 Y117.461 E604.15477
G1 X142.838 Y117.65 E604.17515
G1 X142.23 Y117.789 E604.1959
G1 X141.635 Y117.869 E604.21587
G1 X140.973 Y117.9 E604.23791
G1 X81.027 Y117.9 E606.23172
G1 X80.365 Y117.869 E606.25376
G1 X79.77 Y117.789 E606.27373
G1 X79.162 Y117.65 E606.29447
G1 X78.579 Y117.461 E606.31486
G1 X78.003 Y117.215 E606.33569
G1 X77.464 Y116.925 E606.35605
G1 X76.943 Y116.581 E606.37681
G1 X76.462 Y116.196 E606.3973
G1 X76.016 Y115.77 E606.41782
G1 X75.61 Y115.306 E606.43832
G1 X75.238 Y114.794 E606.45937
G1 X74.924 Y114.27 E606.47969
G1 X74.654 Y113.705 E606.50052
G1 X74.441 Y113.139 E606.52063
G1 X74.275 Y112.537 E606.5414
G1 X74.161 Y111.908 E606.56266
G1 X74.108 Y111.317 E606.5824
G1 X74.108 Y110.683 E606.60349
G1 X74.161 Y110.092 E606.62322
G1 X74.275 Y109.463 E606.64448
G1 X74.441 Y108.861 E606.66525
G1 X74.654 Y108.295 E606.68537
G1 X74.924 Y107.73 E606.7062
G1 X75.238 Y107.206 E606.72651
G1 X75.61 Y106.694 E606.74756
G1 X76.016 Y106.23 E606.76807
G1 X76.462 Y105.804 E606.78858
G1 X76.943 Y105.419 E606.80907
G1 X77.464 Y105.075 E606.82984
G1 X78.003 Y104.785 E606.8502
G1 X78.579 Y104.539 E606.87103
G1 X79.162 Y104.35 E606.89141
G1 X79.77 Y104.211 E606.91216
G1 X80.365 Y104.131 E606.93212
G1 X81.027 Y104.1 E606.95417
G1 X140.973 Y104.1 E608.94798
G1 X141.635 Y104.131 E608.97002
G1 X142.23 Y104.211 E608.98999
G0 F7200 X142.305 Y103.818
;TYPE:WALL-OUTER
G1 F3000 X142.941 Y103.963 E609.01169
G1 X143.566 Y104.166 E609.03354
G1 X144.165 Y104.422 E609.05521
G1 X144.745 Y104.734 E609.07711
G1 X145.291 Y105.094 E609.09887
G1 X145.8 Y105.501 E609.12054
G1 X146.279 Y105.959 E609.14258
G1 X146.701 Y106.441 E609.16389
G1 X147.092 Y106.979 E609.18601
G1 X147.432 Y107.548 E609.20806
G1 X147.711 Y108.131 E609.22955
G1 X147.942 Y108.743 E609.25131
G1 X148.115 Y109.374 E609.27307
G1 X148.235 Y110.03 E609.29525
G1 X148.292 Y110.67 E609.31662
G1 X148.292 Y111.33 E609.33858
G1 X148.235 Y111.97 E609.35995
G1 X148.115 Y112.626 E609.38213
G1 X147.942 Y113.257 E609.40389
G1 X147.711 Y113.869 E609.42565
G1 X147.432 Y114.452 E609.44714
G1 X147.092 Y115.021 E609.46919
G1 X146.702 Y115.557 E609.49124
G1 X146.279 Y116.041 E609.51262
G1 X145.8 Y116.499 E609.53466
G1 X145.291 Y116.906 E609.55633
G1 X144.745 Y117.266 E609.57809
G1 X144.165 Y117.578 E609.59999
G1 X143.566 Y117.834 E609.62166
G1 X142.941 Y118.037 E609.64351
G1 X142.305 Y118.182 E609.66521
G1 X141.663 Y118.269 E609.68676
G1 X140.991 Y118.3 E609.70913
G1 X81.009 Y118.3 E611.70414
G1 X80.337 Y118.269 E611.72652
G1 X79.695 Y118.182 E611.74807
G1 X79.059 Y118.037 E611.76976
G1 X78.434 Y117.834 E611.79162
G1 X77.835 Y117.578 E611.81328
G1 X77.255 Y117.266 E611.83519
G1 X76.709 Y116.906 E611.85694
G1 X76.2 Y116.499 E611.87862
G1 X75.726 Y116.046 E611.90042
G1 X75.293 Y115.551 E611.9223
G1 X74.908 Y115.021 E611.94409
G1 X74.568 Y114.452 E611.96613
G1 X74.289 Y113.869 E611.98763
G1 X74.058 Y113.257 E612.00939
G1 X73.884 Y112.626 E612.03116
G1 X73.765 Y111.97 E612.05333
G1 X73.708 Y111.33 E612.0747
G1 X73.708 Y110.67 E612.09665
G1 X73.765 Y110.03 E612.11802
G1 X73.884 Y109.374 E612.1402
G1 X74.058 Y108.743 E612.16197
G1 X74.289 Y108.131 E612.18373
G1 X74.568 Y107.548 E612.20522
G1 X74.908 Y106.979 E612.22727
G1 X75.293 Y106.449 E612.24906
G1 X75.726 Y105.954 E612.27093
G1 X76.2 Y105.501 E612.29274
G1 X76.709 Y105.094 E612.31441
G1 X77.255 Y104.734 E612.33617
G1 X77.835 Y104.422 E612.35807
G1 X78.434 Y104.166 E612.37974
G1 X79.059 Y103.963 E612.40159
G1 X79.695 Y103.818 E612.42329
G1 X80.337 Y103.731 E612.44484
G1 X81.009 Y103.7 E612.46721
G1 X140.991 Y103.7 E614.46222
G1 X141.663 Y103.731 E614.4846
G1 X142.305 Y103.818 E614.50615
G0 F7200 X142.5 Y103.862
G0 X142.403 Y104.291
G0 X142.389 Y104.349
G0 X98.166 Y104.709
;TYPE:SKIN
G1 F1500 X97.429 Y105.111 E614.53407
G1 X96.905 Y105.463 E614.55506
G1 X96.431 Y105.846 E614.57533
G1 X95.986 Y106.28 E614.59601
G1 X95.584 Y106.745 E614.61645
G1 X95.222 Y107.25 E614.63712
G1 X94.912 Y107.778 E614.65748
G1 X94.648 Y108.337 E614.67804
G1 X94.436 Y108.917 E614.69858
G1 X94.272 Y109.521 E614.7194
G1 X94.168 Y110.123 E614.73972
G1 X94.118 Y110.741 E614.76034
G1 X94.124 Y111.364 E614.78106
G1 X94.184 Y111.972 E614.80138
G1 X94.296 Y112.577 E614.82185
G1 X94.469 Y113.181 E614.84274
G1 X94.686 Y113.748 E614.86293
G1 X94.962 Y114.311 E614.88379
G1 X95.281 Y114.836 E614.90422
G1 X95.646 Y115.334 E614.92476
G1 X96.061 Y115.8 E614.94551
G1 X96.502 Y116.217 E614.9657
G1 X96.989 Y116.599 E614.98629
G1 X97.515 Y116.94 E615.00713
G1 X98.157 Y117.281 E615.03131
G1 X98.1 Y117.51 E615.03916
G1 X81.045 Y117.51 E615.60641
G1 X80.39 Y117.479 E615.62822
G1 X79.843 Y117.406 E615.64658
G1 X79.27 Y117.275 E615.66613
G1 X78.72 Y117.097 E615.68535
G1 X78.162 Y116.858 E615.70554
G1 X77.672 Y116.594 E615.72406
G1 X77.165 Y116.26 E615.74425
G1 X76.715 Y115.899 E615.76344
G1 X76.304 Y115.506 E615.78235
G1 X75.918 Y115.065 E615.80184
G1 X75.563 Y114.577 E615.82192
G1 X75.259 Y114.069 E615.84161
G1 X75.016 Y113.56 E615.86037
G1 X74.811 Y113.015 E615.87973
G1 X74.657 Y112.456 E615.89902
G1 X74.545 Y111.838 E615.91991
G1 X74.498 Y111.304 E615.93774
G1 X74.498 Y110.696 E615.95796
G1 X74.545 Y110.162 E615.97579
G1 X74.658 Y109.54 E615.99682
G1 X74.812 Y108.981 E616.0161
G1 X75.017 Y108.438 E616.0354
G1 X75.259 Y107.931 E616.05409
G1 X75.563 Y107.423 E616.07378
G1 X75.922 Y106.93 E616.09406
G1 X76.304 Y106.494 E616.11334
G1 X76.715 Y106.101 E616.13226
G1 X77.165 Y105.74 E616.15145
G1 X77.671 Y105.406 E616.17161
G1 X78.162 Y105.142 E616.19015
G1 X78.72 Y104.903 E616.21034
G1 X79.271 Y104.725 E616.2296
G1 X79.843 Y104.594 E616.24912
G1 X80.39 Y104.521 E616.26747
G1 X81.045 Y104.49 E616.28928
G1 X98.111 Y104.49 E616.8569
G1 X98.166 Y104.709 E616.86441
G0 F7200 X97.712 Y117.247
G1 F1500 X97.63 Y117.329 E616.86827
G0 F7200 X97.348 Y117.045
G1 F1500 X97.065 Y117.329 E616.8816
G0 F7200 X97.006 Y116.822
G1 F1500 X96.499 Y117.329 E616.90545
G0 F7200 X95.933 Y117.329
G1 F1500 X96.679 Y116.583 E616.94054
G0 F7200 X96.364 Y116.333
G1 F1500 X95.368 Y117.329 E616.98739
G0 F7200 X94.802 Y117.329
G1 F1500 X96.073 Y116.058 E617.04717
G0 F7200 X95.794 Y115.771
G1 F1500 X94.236 Y117.329 E617.12046
G0 F7200 X93.671 Y117.329
G1 F1500 X95.528 Y115.472 E617.2078
G0 F7200 X95.286 Y115.148
G1 F1500 X93.105 Y117.329 E617.31039
G0 F7200 X92.539 Y117.329
G1 F1500 X95.056 Y114.812 E617.42878
G0 F7200 X94.842 Y114.461
G1 F1500 X91.974 Y117.329 E617.56369
G0 F7200 X91.408 Y117.329
G1 F1500 X94.651 Y114.086 E617.71623
G0 F7200 X94.473 Y113.698
G1 F1500 X90.842 Y117.329 E617.88702
G0 F7200 X90.277 Y117.329
G1 F1500 X94.318 Y113.288 E618.07709
G0 F7200 X94.188 Y112.852
G1 F1500 X89.711 Y117.329 E618.28768
G0 F7200 X89.145 Y117.329
G1 F1500 X94.079 Y112.396 E618.51974
G0 F7200 X93.997 Y111.911
G1 F1500 X88.579 Y117.329 E618.77458
G0 F7200 X88.014 Y117.329
G1 F1500 X93.946 Y111.397 E619.0536
G0 F7200 X93.939 Y110.838
G1 F1500 X87.448 Y117.329 E619.35892
G0 F7200 X86.882 Y117.329
G1 F1500 X93.978 Y110.234 E619.69267
G0 F7200 X94.081 Y109.564
G1 F1500 X86.317 Y117.329 E620.05789
G0 F7200 X85.751 Y117.329
G1 F1500 X94.289 Y108.791 E620.45949
G1 X94.359 Y108.721
G0 F7200 X94.689 Y107.826
G1 F1500 X85.185 Y117.329 E620.90651
G0 F7200 X84.62 Y117.329
G1 F1500 X97.281 Y104.668 E621.50204
G0 F7200 X96.715 Y104.668
G1 F1500 X84.054 Y117.329 E622.09758
G0 F7200 X83.488 Y117.329
G1 F1500 X96.15 Y104.668 E622.69313
G0 F7200 X95.584 Y104.668
G1 F1500 X82.923 Y117.329 E623.28867
G0 F7200 X82.357 Y117.329
G1 F1500 X95.018 Y104.668 E623.8842
G0 F7200 X94.453 Y104.668
G1 F1500 X81.791 Y117.329 E624.47976
G0 F7200 X81.226 Y117.329
G1 F1500 X93.887 Y104.668 E625.0753
G0 F7200 X93.321 Y104.668
G1 F1500 X80.678 Y117.311 E625.66998
G0 F7200 X80.157 Y117.266
G1 F1500 X92.756 Y104.668 E626.26258
G0 F7200 X92.19 Y104.668
G1 F1500 X79.675 Y117.183 E626.85125
G0 F7200 X79.222 Y117.07
G1 F1500 X91.624 Y104.668 E627.4346
G0 F7200 X91.059 Y104.668
G1 F1500 X78.795 Y116.932 E628.01146
G0 F7200 X78.398 Y116.763
G1 F1500 X90.493 Y104.668 E628.58037
G0 F7200 X89.927 Y104.668
G1 F1500 X78.019 Y116.576 E629.14049
G0 F7200 X77.659 Y116.37
G1 F1500 X89.362 Y104.668 E629.69094
G0 F7200 X88.796 Y104.668
G1 F1500 X77.318 Y116.145 E630.2308
G0 F7200 X77.001 Y115.897
G1 F1500 X88.23 Y104.668 E630.75898
G0 F7200 X87.664 Y104.668
G1 F1500 X76.699 Y115.633 E631.27474
G0 F7200 X76.412 Y115.355
G1 F1500 X87.099 Y104.668 E631.77742
G0 F7200 X86.533 Y104.668
G1 F1500 X76.148 Y115.053 E632.2659
G0 F7200 X75.901 Y114.734
G1 F1500 X85.967 Y104.668 E632.73938
G0 F7200 X85.402 Y104.668
G1 F1500 X75.668 Y114.401 E633.19721
G0 F7200 X75.457 Y114.047
G1 F1500 X84.836 Y104.668 E633.63837
G0 F7200 X84.27 Y104.668
G1 F1500 X75.268 Y113.67 E634.0618
G0 F7200 X75.101 Y113.272
G1 F1500 X83.705 Y104.668 E634.4665
G0 F7200 X83.139 Y104.668
G1 F1500 X74.954 Y112.852 E634.85148
G0 F7200 X74.832 Y112.409
G1 F1500 X82.573 Y104.668 E635.21559
G0 F7200 X82.008 Y104.668
G1 F1500 X74.745 Y111.93 E635.55719
G0 F7200 X74.688 Y111.421
G1 F1500 X81.442 Y104.668 E635.87486
G0 F7200 X80.867 Y104.677
G1 F1500 X74.678 Y110.866 E636.16597
G0 F7200 X74.716 Y110.262
G1 F1500 X80.26 Y104.718 E636.42674
G0 F7200 X79.574 Y104.839
G1 F1500 X74.833 Y109.579 E636.64972
G1 X74.763 Y109.649
G0 F7200 X75.088 Y108.759
G1 F1500 X78.772 Y105.075 E636.82301
G1 X78.842 Y105.005
G0 F7200 X77.643 Y105.638
G1 F1500 X75.644 Y107.637 E636.91703
G1 X75.574 Y107.707
G0 F7200 X141.143 Y104.646
G0 X141.307 Y104.482
;TYPE:SKIN
G1 F1500 X141.54 Y104.531 E636.92549
G1 X142.741 Y104.745 E636.96884
G1 X143.961 Y105.222 E637.01538
G1 X144.996 Y105.883 E637.05901
G1 X145.872 Y106.706 E637.10172
G1 X146.587 Y107.688 E637.14488
G1 X147.125 Y108.846 E637.19025
G1 X147.409 Y109.976 E637.23165
G1 X147.489 Y111.028 E637.26913
G1 X147.355 Y112.293 E637.31433
G1 X147.136 Y113.077 E637.34325
G0 F7200 X147.172 Y113.608
G1 F1500 X146.113 Y114.667 E637.36816
G0 F7200 X146.438 Y114.907
G1 F1500 X144.887 Y116.459 E637.40465
G0 F7200 X144.669 Y116.111
G1 F1500 X143.614 Y117.166 E637.42946
G0 F7200 X143.073 Y117.14
G1 F1500 X142.66 Y117.271 E637.44817
G1 X141.626 Y117.456 E637.49352
G1 X141.188 Y117.328 E637.51323
G0 F7200 X141.142 Y117.375
G0 X143.157 Y117.34
G1 F1500 X143.941 Y116.556 E637.53167
G0 F7200 X144.155 Y116.908
G1 F1500 X146.917 Y114.146 E637.59662
G0 F7200 X146.555 Y113.942
G1 F1500 X147.343 Y113.154 E637.61516
G0 F7200 X147.007 Y109.723
G0 X146.609 Y108.501
G0 X145.967 Y107.39
G0 X145.107 Y106.436
G0 X144.069 Y105.683
G0 X141.135 Y104.371
G1 F1500 X141.201 Y104.306 E637.6167
G0 F7200 X141.191 Y104.509
;MESH:NONMESH
G0 F600 X141.191 Y104.509 Z2.7
G0 F7200 X96.597 Y105.648
;TIME_ELAPSED:595.057203
;LAYER:12
;TYPE:FILL
;MESH:??????????????????6.stl
G1 F3000 X108.688 Y117.739 E638.18542
G0 F7200 X108.784 Y117.74
G1 F3000 X122.265 Y104.259 E638.81952
G0 F7200 X122.362 Y104.26
G1 F3000 X135.841 Y117.739 E639.45354
G0 F7200 X135.937 Y117.74
G1 F3000 X137.498 Y116.179 E639.52696
G1 X137.568 Y116.109
G0 F7200 X137.547 Y116.14
G0 X139.762 Y117.135
G1 F3000 X140.367 Y117.739 E639.55539
G0 F7200 X140.462 Y117.74
G1 F3000 X140.944 Y117.258 E639.57807
G0 F7200 X139.103 Y116.84
G0 X137.931 Y116.317
G0 X136.893 Y115.564
G0 X135.389 Y113.762
G1 F3000 X131.411 Y117.74 E639.76518
G0 F7200 X131.316 Y117.739
G1 F3000 X117.835 Y104.259 E640.39926
G0 F7200 X117.74 Y104.258
G1 F3000 X104.258 Y117.74 E641.03341
G0 F7200 X104.163 Y117.739
G1 F3000 X94.649 Y108.225 E641.48092
G1 X94.579 Y108.155
G0 F7200 X94.192 Y109.704
G1 F3000 X99.638 Y104.258 E641.73708
G0 F7200 X99.733 Y104.259
G1 F3000 X113.214 Y117.739 E642.37117
G0 F7200 X113.309 Y117.74
G1 F3000 X126.79 Y104.259 E643.00527
G0 F7200 X126.887 Y104.26
G1 F3000 X134.865 Y112.238 E643.38053
G1 X134.935 Y112.308
G0 F7200 X134.864 Y109.762
G1 F3000 X126.886 Y117.74 E643.75579
G0 F7200 X126.79 Y117.739
G1 F3000 X113.31 Y104.259 E644.38985
G0 F7200 X113.214 Y104.258
G1 F3000 X99.733 Y117.74 E645.02398
G0 F7200 X99.637 Y117.739
G1 F3000 X94.193 Y112.295 E645.28005
G1 X94.123 Y112.225
G0 F7200 X94.648 Y113.774
G1 F3000 X104.163 Y104.258 E645.72763
G0 F7200 X104.259 Y104.259
G1 F3000 X117.739 Y117.739 E646.36169
G0 F7200 X117.835 Y117.74
G1 F3000 X131.316 Y104.259 E646.99579
G0 F7200 X131.412 Y104.26
G1 F3000 X135.39 Y108.237 E647.18288
G1 X135.46 Y108.307
G0 F7200 X135.43 Y108.292
G0 X136.335 Y107.033
G0 X137.497 Y105.819
G1 F3000 X135.938 Y104.26 E647.25621
G0 F7200 X135.841 Y104.259
G1 F3000 X122.36 Y117.74 E647.89032
G0 F7200 X122.265 Y117.739
G1 F3000 X108.784 Y104.259 E648.5244
G0 F7200 X108.689 Y104.258
G1 F3000 X96.595 Y116.353 E649.09328
G1 X96.525 Y116.423
G0 F7200 X139.76 Y104.866
G1 F3000 X140.367 Y104.259 E649.12184
G0 F7200 X140.463 Y104.26
G1 F3000 X140.944 Y104.74 E649.14444
G0 F7200 X142.289 Y104.935
G0 X142.269 Y105.032
;TYPE:WALL-INNER
G1 F3000 X141.638 Y104.933 E649.16568
G1 X141 Y104.899 E649.18693
G1 X140.362 Y104.933 E649.20818
G1 X139.731 Y105.032 E649.22943
G1 X139.115 Y105.198 E649.25064
G1 X138.517 Y105.427 E649.27194
G1 X137.951 Y105.717 E649.2931
G1 X137.413 Y106.065 E649.31441
G1 X136.919 Y106.465 E649.33555
G1 X136.465 Y106.919 E649.3569
G1 X136.065 Y107.413 E649.37804
G1 X135.717 Y107.951 E649.39935
G1 X135.427 Y108.517 E649.42051
G1 X135.198 Y109.115 E649.44181
G1 X135.032 Y109.731 E649.46302
G1 X134.934 Y110.358 E649.48413
G1 X134.899 Y111 E649.50552
G1 X134.934 Y111.642 E649.5269
G1 X135.032 Y112.269 E649.54801
G1 X135.198 Y112.885 E649.56923
G1 X135.427 Y113.483 E649.59053
G1 X135.717 Y114.049 E649.61168
G1 X136.065 Y114.587 E649.63299
G1 X136.465 Y115.081 E649.65413
G1 X136.919 Y115.535 E649.67549
G1 X137.413 Y115.935 E649.69663
G1 X137.951 Y116.283 E649.71794
G1 X138.517 Y116.573 E649.73909
G1 X139.115 Y116.802 E649.76039
G1 X139.731 Y116.968 E649.78161
G1 X140.362 Y117.067 E649.80285
G1 X141 Y117.101 E649.8241
G1 X141.638 Y117.067 E649.84535
G1 X142.269 Y116.968 E649.8666
G1 X142.885 Y116.802 E649.88781
G1 X143.483 Y116.573 E649.90911
G1 X144.049 Y116.283 E649.93026
G1 X144.586 Y115.935 E649.95155
G1 X145.081 Y115.535 E649.97272
G1 X145.535 Y115.081 E649.99407
G1 X145.935 Y114.587 E650.01521
G1 X146.283 Y114.049 E650.03652
G1 X146.573 Y113.483 E650.05768
G1 X146.802 Y112.885 E650.07897
G1 X146.968 Y112.269 E650.10019
G1 X147.066 Y111.642 E650.1213
G1 X147.101 Y111 E650.14268
G1 X147.066 Y110.358 E650.16407
G1 X146.968 Y109.731 E650.18518
G1 X146.802 Y109.115 E650.2064
G1 X146.573 Y108.517 E650.22769
G1 X146.283 Y107.951 E650.24885
G1 X145.935 Y107.413 E650.27016
G1 X145.535 Y106.919 E650.2913
G1 X145.081 Y106.465 E650.31265
G1 X144.586 Y106.065 E650.33382
G1 X144.049 Y105.717 E650.3551
G1 X143.483 Y105.427 E650.37626
G1 X142.885 Y105.198 E650.39755
G1 X142.269 Y105.032 E650.41877
G0 F7200 X142.186 Y105.424
;TYPE:WALL-OUTER
G1 F3000 X141.596 Y105.331 E650.43864
G1 X141 Y105.3 E650.45849
G1 X140.404 Y105.331 E650.47834
G1 X139.814 Y105.424 E650.4982
G1 X139.239 Y105.579 E650.51801
G1 X138.68 Y105.793 E650.53792
G1 X138.151 Y106.064 E650.55769
G1 X137.648 Y106.389 E650.57761
G1 X137.187 Y106.763 E650.59735
G1 X136.763 Y107.187 E650.61729
G1 X136.389 Y107.648 E650.63704
G1 X136.064 Y108.151 E650.65696
G1 X135.793 Y108.68 E650.67673
G1 X135.579 Y109.239 E650.69663
G1 X135.424 Y109.814 E650.71644
G1 X135.332 Y110.4 E650.73617
G1 X135.3 Y111 E650.75616
G1 X135.332 Y111.6 E650.77614
G1 X135.424 Y112.186 E650.79587
G1 X135.579 Y112.761 E650.81568
G1 X135.793 Y113.32 E650.83558
G1 X136.064 Y113.849 E650.85535
G1 X136.389 Y114.352 E650.87527
G1 X136.763 Y114.813 E650.89502
G1 X137.187 Y115.237 E650.91496
G1 X137.648 Y115.611 E650.9347
G1 X138.151 Y115.936 E650.95462
G1 X138.68 Y116.207 E650.97439
G1 X139.239 Y116.421 E650.9943
G1 X139.814 Y116.576 E651.01411
G1 X140.404 Y116.669 E651.03397
G1 X141 Y116.7 E651.05382
G1 X141.596 Y116.669 E651.07367
G1 X142.186 Y116.576 E651.09354
G1 X142.761 Y116.421 E651.11335
G1 X143.32 Y116.207 E651.13325
G1 X143.849 Y115.936 E651.15302
G1 X144.351 Y115.611 E651.17291
G1 X144.813 Y115.237 E651.19268
G1 X145.237 Y114.813 E651.21263
G1 X145.611 Y114.352 E651.23237
G1 X145.936 Y113.849 E651.25229
G1 X146.207 Y113.32 E651.27206
G1 X146.421 Y112.761 E651.29197
G1 X146.576 Y112.186 E651.31177
G1 X146.668 Y111.6 E651.3315
G1 X146.7 Y111 E651.35149
G1 X146.668 Y110.4 E651.37147
G1 X146.576 Y109.814 E651.3912
G1 X146.421 Y109.239 E651.41101
G1 X146.207 Y108.68 E651.43092
G1 X145.936 Y108.151 E651.45068
G1 X145.611 Y107.648 E651.4706
G1 X145.237 Y107.187 E651.49035
G1 X144.813 Y106.763 E651.51029
G1 X144.351 Y106.389 E651.53006
G1 X143.849 Y106.064 E651.54995
G1 X143.32 Y105.793 E651.56972
G1 X142.761 Y105.579 E651.58963
G1 X142.186 Y105.424 E651.60944
G0 F7200 X141.989 Y105.393
G0 X142.058 Y104.959
G0 X142.23 Y104.211
;TYPE:WALL-INNER
G1 F3000 X142.838 Y104.35 E651.63018
G1 X143.421 Y104.539 E651.65056
G1 X143.997 Y104.785 E651.6714
G1 X144.536 Y105.075 E651.69175
G1 X145.057 Y105.419 E651.71252
G1 X145.538 Y105.803 E651.73299
G1 X145.989 Y106.235 E651.75376
G1 X146.384 Y106.686 E651.7737
G1 X146.762 Y107.206 E651.79508
G1 X147.076 Y107.73 E651.8154
G1 X147.346 Y108.295 E651.83623
G1 X147.559 Y108.861 E651.85634
G1 X147.727 Y109.471 E651.87739
G1 X147.839 Y110.084 E651.89811
G1 X147.892 Y110.683 E651.91811
G1 X147.892 Y111.317 E651.9392
G1 X147.839 Y111.916 E651.9592
G1 X147.727 Y112.529 E651.97993
G1 X147.559 Y113.139 E652.00097
G1 X147.346 Y113.705 E652.02108
G1 X147.076 Y114.27 E652.04191
G1 X146.757 Y114.802 E652.06254
G1 X146.391 Y115.305 E652.08323
G1 X145.989 Y115.765 E652.10355
G1 X145.538 Y116.197 E652.12432
G1 X145.057 Y116.581 E652.1448
G1 X144.536 Y116.925 E652.16556
G1 X143.997 Y117.215 E652.18592
G1 X143.421 Y117.461 E652.20675
G1 X142.838 Y117.65 E652.22713
G1 X142.23 Y117.789 E652.24788
G1 X141.635 Y117.869 E652.26785
G1 X140.973 Y117.9 E652.28989
G1 X81.027 Y117.9 E654.2837
G1 X80.365 Y117.869 E654.30574
G1 X79.77 Y117.789 E654.32571
G1 X79.162 Y117.65 E654.34645
G1 X78.579 Y117.461 E654.36684
G1 X78.003 Y117.215 E654.38767
G1 X77.464 Y116.925 E654.40803
G1 X76.943 Y116.581 E654.42879
G1 X76.462 Y116.196 E654.44928
G1 X76.016 Y115.77 E654.4698
G1 X75.61 Y115.306 E654.4903
G1 X75.238 Y114.794 E654.51135
G1 X74.924 Y114.27 E654.53167
G1 X74.654 Y113.705 E654.5525
G1 X74.441 Y113.139 E654.57261
G1 X74.275 Y112.537 E654.59338
G1 X74.161 Y111.908 E654.61464
G1 X74.108 Y111.317 E654.63438
G1 X74.108 Y110.683 E654.65547
G1 X74.161 Y110.092 E654.6752
G1 X74.275 Y109.463 E654.69646
G1 X74.441 Y108.861 E654.71723
G1 X74.654 Y108.295 E654.73735
G1 X74.924 Y107.73 E654.75818
G1 X75.238 Y107.206 E654.77849
G1 X75.61 Y106.694 E654.79954
G1 X76.016 Y106.23 E654.82005
G1 X76.462 Y105.804 E654.84056
G1 X76.943 Y105.419 E654.86105
G1 X77.464 Y105.075 E654.88182
G1 X78.003 Y104.785 E654.90218
G1 X78.579 Y104.539 E654.92301
G1 X79.162 Y104.35 E654.94339
G1 X79.77 Y104.211 E654.96414
G1 X80.365 Y104.131 E654.9841
G1 X81.027 Y104.1 E655.00615
G1 X140.973 Y104.1 E656.99996
G1 X141.635 Y104.131 E657.022
G1 X142.23 Y104.211 E657.04197
G0 F7200 X142.305 Y103.818
;TYPE:WALL-OUTER
G1 F3000 X142.941 Y103.963 E657.06367
G1 X143.566 Y104.166 E657.08552
G1 X144.165 Y104.422 E657.10719
G1 X144.745 Y104.734 E657.12909
G1 X145.291 Y105.094 E657.15084
G1 X145.8 Y105.501 E657.17252
G1 X146.279 Y105.959 E657.19456
G1 X146.701 Y106.441 E657.21587
G1 X147.092 Y106.979 E657.23799
G1 X147.432 Y107.548 E657.26004
G1 X147.711 Y108.131 E657.28153
G1 X147.942 Y108.743 E657.30329
G1 X148.115 Y109.374 E657.32505
G1 X148.235 Y110.03 E657.34723
G1 X148.292 Y110.67 E657.3686
G1 X148.292 Y111.33 E657.39056
G1 X148.235 Y111.97 E657.41193
G1 X148.115 Y112.626 E657.43411
G1 X147.942 Y113.257 E657.45587
G1 X147.711 Y113.869 E657.47763
G1 X147.432 Y114.452 E657.49912
G1 X147.092 Y115.021 E657.52117
G1 X146.702 Y115.557 E657.54322
G1 X146.279 Y116.041 E657.5646
G1 X145.8 Y116.499 E657.58664
G1 X145.291 Y116.906 E657.60831
G1 X144.745 Y117.266 E657.63007
G1 X144.165 Y117.578 E657.65197
G1 X143.566 Y117.834 E657.67364
G1 X142.941 Y118.037 E657.69549
G1 X142.305 Y118.182 E657.71719
G1 X141.663 Y118.269 E657.73874
G1 X140.991 Y118.3 E657.76111
G1 X81.009 Y118.3 E659.75612
G1 X80.337 Y118.269 E659.7785
G1 X79.695 Y118.182 E659.80004
G1 X79.059 Y118.037 E659.82174
G1 X78.434 Y117.834 E659.8436
G1 X77.835 Y117.578 E659.86526
G1 X77.255 Y117.266 E659.88717
G1 X76.709 Y116.906 E659.90892
G1 X76.2 Y116.499 E659.9306
G1 X75.726 Y116.046 E659.9524
G1 X75.293 Y115.551 E659.97428
G1 X74.908 Y115.021 E659.99607
G1 X74.568 Y114.452 E660.01811
G1 X74.289 Y113.869 E660.03961
G1 X74.058 Y113.257 E660.06137
G1 X73.884 Y112.626 E660.08314
G1 X73.765 Y111.97 E660.10531
G1 X73.708 Y111.33 E660.12668
G1 X73.708 Y110.67 E660.14863
G1 X73.765 Y110.03 E660.17
G1 X73.884 Y109.374 E660.19218
G1 X74.058 Y108.743 E660.21395
G1 X74.289 Y108.131 E660.23571
G1 X74.568 Y107.548 E660.2572
G1 X74.908 Y106.979 E660.27925
G1 X75.293 Y106.449 E660.30104
G1 X75.726 Y105.954 E660.32291
G1 X76.2 Y105.501 E660.34472
G1 X76.709 Y105.094 E660.36639
G1 X77.255 Y104.734 E660.38815
G1 X77.835 Y104.422 E660.41005
G1 X78.434 Y104.166 E660.43172
G1 X79.059 Y103.963 E660.45357
G1 X79.695 Y103.818 E660.47527
G1 X80.337 Y103.731 E660.49682
G1 X81.009 Y103.7 E660.51919
G1 X140.991 Y103.7 E662.5142
G1 X141.663 Y103.731 E662.53658
G1 X142.305 Y103.818 E662.55812
G0 F7200 X142.5 Y103.862
G0 X142.403 Y104.291
G0 X142.389 Y104.349
G0 X98.171 Y104.704
;TYPE:SKIN
G1 F1500 X97.33 Y105.178 E662.59023
G1 X96.841 Y105.515 E662.60999
G1 X96.398 Y105.877 E662.62901
G1 X95.968 Y106.302 E662.64912
G1 X95.876 Y106.407 E662.65377
G1 X95.559 Y106.781 E662.67007
G1 X95.198 Y107.292 E662.69088
G1 X94.892 Y107.821 E662.71121
G1 X94.859 Y107.89 E662.71375
G1 X94.63 Y108.387 E662.73195
G1 X94.423 Y108.962 E662.75228
G1 X94.266 Y109.562 E662.77291
G1 X94.258 Y109.613 E662.77462
G1 X94.182 Y110.06 E662.7897
G1 X94.17 Y110.06 E662.7901
G1 X94.119 Y110.783 E662.81421
G1 X94.128 Y111.408 E662.835
G1 X94.191 Y112.011 E662.85516
G1 X94.21 Y112.119 E662.85881
G1 X94.309 Y112.624 E662.87593
G1 X94.485 Y113.225 E662.89676
G1 X94.71 Y113.798 E662.91723
G1 X94.984 Y114.348 E662.93767
G1 X95.341 Y114.918 E662.96004
G1 X95.682 Y115.374 E662.97898
G1 X96.093 Y115.83 E662.99939
G1 X96.54 Y116.247 E663.01973
G1 X97.037 Y116.631 E663.04062
G1 X97.555 Y116.961 E663.06104
G1 X98.158 Y117.275 E663.08366
G1 X98.1 Y117.51 E663.09171
G1 X81.045 Y117.51 E663.65896
G1 X80.39 Y117.479 E663.68077
G1 X79.843 Y117.406 E663.69912
G1 X79.27 Y117.275 E663.71867
G1 X78.72 Y117.097 E663.7379
G1 X78.162 Y116.858 E663.75809
G1 X77.672 Y116.594 E663.7766
G1 X77.165 Y116.26 E663.7968
G1 X76.715 Y115.899 E663.81598
G1 X76.304 Y115.506 E663.8349
G1 X75.918 Y115.065 E663.85439
G1 X75.563 Y114.577 E663.87446
G1 X75.259 Y114.069 E663.89415
G1 X75.016 Y113.56 E663.91291
G1 X74.811 Y113.015 E663.93228
G1 X74.657 Y112.456 E663.95156
G1 X74.545 Y111.838 E663.97245
G1 X74.498 Y111.304 E663.99028
G1 X74.498 Y110.696 E664.0105
G1 X74.545 Y110.162 E664.02833
G1 X74.658 Y109.54 E664.04936
G1 X74.812 Y108.981 E664.06865
G1 X75.017 Y108.438 E664.08795
G1 X75.259 Y107.931 E664.10664
G1 X75.563 Y107.423 E664.12633
G1 X75.922 Y106.93 E664.14661
G1 X76.304 Y106.494 E664.16589
G1 X76.715 Y106.101 E664.1848
G1 X77.165 Y105.74 E664.20399
G1 X77.671 Y105.406 E664.22416
G1 X78.162 Y105.142 E664.2427
G1 X78.72 Y104.903 E664.26289
G1 X79.271 Y104.725 E664.28215
G1 X79.843 Y104.594 E664.30166
G1 X80.39 Y104.521 E664.32002
G1 X81.045 Y104.49 E664.34183
G1 X98.116 Y104.49 E664.90961
G1 X98.171 Y104.704 E664.91696
G0 F7200 X97.512 Y104.866
G1 F1500 X97.314 Y104.668 E664.92627
G0 F7200 X97.157 Y105.076
G1 F1500 X96.749 Y104.668 E664.94547
G0 F7200 X96.183 Y104.668
G1 F1500 X96.822 Y105.307 E664.97552
G0 F7200 X96.504 Y105.555
G1 F1500 X95.617 Y104.668 E665.01724
G0 F7200 X95.052 Y104.668
G1 F1500 X96.2 Y105.817 E665.07127
G0 F7200 X95.916 Y106.098
G1 F1500 X94.486 Y104.668 E665.13853
G0 F7200 X93.92 Y104.668
G1 F1500 X95.648 Y106.396 E665.21981
G0 F7200 X95.392 Y106.705
G1 F1500 X93.355 Y104.668 E665.31562
G0 F7200 X92.789 Y104.668
G1 F1500 X95.157 Y107.036 E665.42701
G0 F7200 X94.936 Y107.381
G1 F1500 X92.223 Y104.668 E665.55462
G0 F7200 X91.658 Y104.668
G1 F1500 X94.73 Y107.741 E665.69914
G0 F7200 X94.551 Y108.127
G1 F1500 X91.092 Y104.668 E665.86184
G0 F7200 X90.526 Y104.668
G1 F1500 X94.388 Y108.53 E666.0435
G0 F7200 X94.241 Y108.948
G1 F1500 X89.96 Y104.668 E666.24484
G0 F7200 X89.395 Y104.668
G1 F1500 X94.123 Y109.397 E666.46725
G0 F7200 X94.032 Y109.871
G1 F1500 X88.829 Y104.668 E666.71199
G0 F7200 X88.263 Y104.668
G1 F1500 X93.968 Y110.373 E666.98033
G0 F7200 X93.941 Y110.911
G1 F1500 X87.698 Y104.668 E667.27398
G0 F7200 X87.132 Y104.668
G1 F1500 X93.956 Y111.492 E667.59496
G0 F7200 X94.029 Y112.131
G1 F1500 X86.566 Y104.668 E667.946
G0 F7200 X86.001 Y104.668
G1 F1500 X94.19 Y112.857 E668.33118
G1 X94.26 Y112.927
G0 F7200 X94.487 Y113.72
G1 F1500 X85.435 Y104.668 E668.75696
G0 F7200 X84.869 Y104.668
G1 F1500 X95.147 Y114.946 E669.24041
G1 X95.217 Y115.016
G0 F7200 X95.267 Y117.329
G1 F1500 X82.607 Y104.668 E669.83592
G0 F7200 X83.172 Y104.668
G1 F1500 X95.833 Y117.329 E670.43145
G0 F7200 X96.399 Y117.329
G1 F1500 X83.738 Y104.668 E671.02699
G0 F7200 X84.304 Y104.668
G1 F1500 X96.964 Y117.329 E671.6225
G0 F7200 X97.058 Y116.857
G1 F1500 X97.53 Y117.329 E671.6447
G0 F7200 X94.702 Y117.329
G1 F1500 X82.041 Y104.668 E672.24024
G0 F7200 X81.475 Y104.668
G1 F1500 X94.136 Y117.329 E672.83577
G0 F7200 X93.57 Y117.329
G1 F1500 X80.917 Y104.675 E673.43095
G0 F7200 X80.378 Y104.703
G1 F1500 X93.005 Y117.329 E674.02486
G0 F7200 X92.439 Y117.329
G1 F1500 X79.879 Y104.769 E674.61565
G0 F7200 X79.42 Y104.875
G1 F1500 X91.873 Y117.329 E675.20142
G0 F7200 X91.307 Y117.329
G1 F1500 X78.984 Y105.006 E675.78106
G0 F7200 X78.574 Y105.161
G1 F1500 X90.742 Y117.329 E676.3534
G0 F7200 X90.176 Y117.329
G1 F1500 X78.182 Y105.335 E676.91757
G0 F7200 X77.814 Y105.532
G1 F1500 X89.61 Y117.329 E677.47244
G0 F7200 X89.045 Y117.329
G1 F1500 X77.469 Y105.754 E678.01691
G0 F7200 X77.14 Y105.99
G1 F1500 X88.479 Y117.329 E678.55026
G0 F7200 X87.913 Y117.329
G1 F1500 X76.827 Y106.242 E679.07174
G0 F7200 X76.538 Y106.519
G1 F1500 X87.348 Y117.329 E679.58021
G0 F7200 X86.782 Y117.329
G1 F1500 X76.264 Y106.811 E680.07494
G0 F7200 X76.006 Y107.118
G1 F1500 X86.216 Y117.329 E680.55521
G0 F7200 X85.651 Y117.329
G1 F1500 X75.767 Y107.446 E681.0201
G0 F7200 X75.55 Y107.794
G1 F1500 X85.085 Y117.329 E681.4686
G0 F7200 X84.519 Y117.329
G1 F1500 X75.348 Y108.158 E681.89998
G0 F7200 X75.168 Y108.544
G1 F1500 X83.954 Y117.329 E682.31322
G0 F7200 X83.388 Y117.329
G1 F1500 X75.013 Y108.954 E682.70715
G0 F7200 X74.884 Y109.391
G1 F1500 X82.822 Y117.329 E683.08053
G0 F7200 X82.257 Y117.329
G1 F1500 X74.782 Y109.855 E683.43211
G0 F7200 X74.708 Y110.346
G1 F1500 X81.691 Y117.329 E683.76057
G0 F7200 X81.125 Y117.329
G1 F1500 X74.677 Y110.881 E684.06386
G0 F7200 X74.691 Y111.461
G1 F1500 X80.535 Y117.304 E684.33872
G0 F7200 X79.896 Y117.231
G1 F1500 X74.777 Y112.113 E684.57948
G0 F7200 X74.954 Y112.854
G1 F1500 X79.142 Y117.043 E684.7765
G1 X79.212 Y117.113
G0 F7200 X78.213 Y116.679
G1 F1500 X75.326 Y113.793 E684.91227
G1 X75.256 Y113.723
G0 F7200 X141.141 Y117.382
G0 X141.291 Y117.532
;TYPE:SKIN
G1 F1500 X141.512 Y117.47 E684.92041
G1 X142.716 Y117.261 E684.96378
G1 X143.941 Y116.788 E685.01039
G1 X144.979 Y116.129 E685.05402
G1 X145.857 Y115.31 E685.09663
G1 X146.574 Y114.33 E685.13973
G1 X147.117 Y113.176 E685.18499
G1 X147.404 Y112.049 E685.22626
G1 X147.489 Y111.003 E685.26351
G1 X147.364 Y109.746 E685.30834
G1 X147.152 Y108.968 E685.33696
G0 F7200 X147.192 Y108.442
G1 F1500 X146.17 Y107.42 E685.36099
G0 F7200 X146.519 Y107.204
G1 F1500 X144.796 Y105.481 E685.40151
G0 F7200 X144.577 Y105.828
G1 F1500 X143.561 Y104.811 E685.42542
G0 F7200 X143.027 Y104.843
G1 F1500 X142.619 Y104.718 E685.44367
G1 X141.591 Y104.539 E685.48829
G1 X141.171 Y104.685 E685.5073
G0 F7200 X141.142 Y104.656
G0 X143.112 Y104.645
G1 F1500 X143.877 Y105.41 E685.52529
G0 F7200 X144.087 Y105.055
G1 F1500 X146.947 Y107.915 E685.59256
G0 F7200 X146.588 Y108.122
G1 F1500 X147.363 Y108.896 E685.61077
G0 F7200 X147.007 Y112.277
G0 X146.609 Y113.499
G0 X145.967 Y114.61
G0 X145.107 Y115.564
G0 X144.069 Y116.317
G0 X141.134 Y117.658
G1 F1500 X141.171 Y117.695 E685.61164
G0 F7200 X141.162 Y117.494
;MESH:NONMESH
G0 F600 X141.162 Y117.494 Z2.9
G0 F7200 X96.599 Y105.65
;TIME_ELAPSED:642.065771
;LAYER:13
;TYPE:FILL
;MESH:??????????????????6.stl
G1 F3000 X108.687 Y117.738 E686.18022
G0 F7200 X108.784 Y117.739
G1 F3000 X122.265 Y104.259 E686.81431
G0 F7200 X122.362 Y104.26
G1 F3000 X135.841 Y117.739 E687.44832
G0 F7200 X135.937 Y117.74
G1 F3000 X137.498 Y116.179 E687.52174
G1 X137.568 Y116.109
G0 F7200 X137.547 Y116.139
G0 X139.762 Y117.135
G1 F3000 X140.367 Y117.739 E687.55018
G0 F7200 X140.462 Y117.74
G1 F3000 X140.944 Y117.258 E687.57285
G0 F7200 X139.102 Y116.84
G0 X137.93 Y116.317
G0 X136.892 Y115.563
G0 X135.389 Y113.762
G1 F3000 X131.411 Y117.74 E687.75996
G0 F7200 X131.316 Y117.739
G1 F3000 X117.836 Y104.26 E688.39399
G0 F7200 X117.739 Y104.259
G1 F3000 X104.259 Y117.739 E689.02805
G0 F7200 X104.162 Y117.738
G1 F3000 X94.649 Y108.226 E689.47549
G1 X94.579 Y108.156
G0 F7200 X94.19 Y109.706
G1 F3000 X99.637 Y104.259 E689.7317
G0 F7200 X99.734 Y104.26
G1 F3000 X113.213 Y117.738 E690.36569
G0 F7200 X113.31 Y117.739
G1 F3000 X126.79 Y104.259 E690.99975
G0 F7200 X126.887 Y104.26
G1 F3000 X134.865 Y112.238 E691.37501
G1 X134.935 Y112.308
G0 F7200 X134.864 Y109.762
G1 F3000 X126.886 Y117.74 E691.75027
G0 F7200 X126.79 Y117.739
G1 F3000 X113.311 Y104.26 E692.38428
G0 F7200 X113.214 Y104.259
G1 F3000 X99.733 Y117.739 E693.01836
G0 F7200 X99.637 Y117.738
G1 F3000 X94.197 Y112.299 E693.27422
G1 X94.127 Y112.229
G0 F7200 X94.649 Y113.772
G1 F3000 X104.163 Y104.259 E693.7217
G0 F7200 X104.26 Y104.26
G1 F3000 X117.738 Y117.738 E694.35567
G0 F7200 X117.835 Y117.739
G1 F3000 X131.316 Y104.259 E694.98975
G0 F7200 X131.412 Y104.26
G1 F3000 X135.39 Y108.237 E695.17684
G1 X135.46 Y108.307
G0 F7200 X135.43 Y108.292
G0 X136.337 Y107.032
G0 X137.498 Y105.819
G1 F3000 X135.938 Y104.26 E695.25019
G0 F7200 X135.841 Y104.259
G1 F3000 X122.36 Y117.74 E695.8843
G0 F7200 X122.265 Y117.739
G1 F3000 X108.785 Y104.26 E696.51833
G0 F7200 X108.688 Y104.259
G1 F3000 X96.595 Y116.353 E697.08717
G1 X96.525 Y116.423
G0 F7200 X139.76 Y104.866
G1 F3000 X140.367 Y104.259 E697.11572
G0 F7200 X140.463 Y104.26
G1 F3000 X140.944 Y104.74 E697.13832
G0 F7200 X142.288 Y104.935
G0 X142.268 Y105.032
;TYPE:WALL-INNER
G1 F3000 X141.638 Y104.933 E697.15954
G1 X141 Y104.899 E697.18079
G1 X140.362 Y104.933 E697.20204
G1 X139.731 Y105.032 E697.22328
G1 X139.114 Y105.198 E697.24453
G1 X138.518 Y105.427 E697.26577
G1 X137.95 Y105.717 E697.28698
G1 X137.414 Y106.065 E697.30823
G1 X136.918 Y106.466 E697.32945
G1 X136.467 Y106.918 E697.35069
G1 X136.064 Y107.414 E697.37194
G1 X135.717 Y107.95 E697.39318
G1 X135.426 Y108.518 E697.41441
G1 X135.198 Y109.114 E697.43563
G1 X135.032 Y109.731 E697.45688
G1 X134.934 Y110.359 E697.47802
G1 X134.899 Y111 E697.49937
G1 X134.934 Y111.641 E697.52072
G1 X135.032 Y112.269 E697.54186
G1 X135.198 Y112.886 E697.56312
G1 X135.426 Y113.482 E697.58434
G1 X135.717 Y114.05 E697.60557
G1 X136.064 Y114.586 E697.6268
G1 X136.467 Y115.082 E697.64806
G1 X136.918 Y115.534 E697.6693
G1 X137.414 Y115.935 E697.69051
G1 X137.95 Y116.283 E697.71177
G1 X138.518 Y116.573 E697.73298
G1 X139.114 Y116.802 E697.75421
G1 X139.731 Y116.968 E697.77546
G1 X140.362 Y117.067 E697.79671
G1 X141 Y117.101 E697.81796
G1 X141.638 Y117.067 E697.83921
G1 X142.268 Y116.968 E697.86042
G1 X142.886 Y116.802 E697.8817
G1 X143.482 Y116.573 E697.90294
G1 X144.05 Y116.283 E697.92415
G1 X144.586 Y115.935 E697.94541
G1 X145.082 Y115.534 E697.96662
G1 X145.533 Y115.082 E697.98786
G1 X145.936 Y114.587 E698.00909
G1 X146.284 Y114.05 E698.03037
G1 X146.573 Y113.48 E698.05163
G1 X146.801 Y112.886 E698.07279
G1 X146.968 Y112.269 E698.09405
G1 X147.066 Y111.641 E698.11519
G1 X147.101 Y111 E698.13654
G1 X147.066 Y110.359 E698.15789
G1 X146.968 Y109.731 E698.17903
G1 X146.801 Y109.114 E698.20029
G1 X146.573 Y108.52 E698.22145
G1 X146.284 Y107.95 E698.24271
G1 X145.936 Y107.413 E698.26399
G1 X145.533 Y106.918 E698.28522
G1 X145.082 Y106.466 E698.30646
G1 X144.586 Y106.065 E698.32767
G1 X144.05 Y105.717 E698.34893
G1 X143.482 Y105.427 E698.37014
G1 X142.886 Y105.198 E698.39138
G1 X142.268 Y105.032 E698.41266
G0 F7200 X142.185 Y105.424
;TYPE:WALL-OUTER
G1 F3000 X141.596 Y105.331 E698.43249
G1 X141 Y105.3 E698.45234
G1 X140.404 Y105.331 E698.47219
G1 X139.814 Y105.424 E698.49206
G1 X139.238 Y105.579 E698.5119
G1 X138.681 Y105.793 E698.53174
G1 X138.15 Y106.064 E698.55157
G1 X137.649 Y106.389 E698.57143
G1 X137.186 Y106.764 E698.59125
G1 X136.764 Y107.186 E698.6111
G1 X136.388 Y107.649 E698.63094
G1 X136.064 Y108.15 E698.65078
G1 X135.792 Y108.681 E698.67063
G1 X135.579 Y109.238 E698.69046
G1 X135.424 Y109.814 E698.7103
G1 X135.332 Y110.401 E698.73006
G1 X135.3 Y111 E698.75001
G1 X135.332 Y111.599 E698.76996
G1 X135.424 Y112.186 E698.78973
G1 X135.579 Y112.762 E698.80957
G1 X135.792 Y113.319 E698.8294
G1 X136.064 Y113.85 E698.84924
G1 X136.388 Y114.351 E698.86909
G1 X136.764 Y114.814 E698.88893
G1 X137.186 Y115.236 E698.90877
G1 X137.649 Y115.611 E698.92859
G1 X138.15 Y115.936 E698.94845
G1 X138.681 Y116.207 E698.96828
G1 X139.238 Y116.421 E698.98813
G1 X139.814 Y116.576 E699.00797
G1 X140.404 Y116.669 E699.02783
G1 X141 Y116.7 E699.04768
G1 X141.596 Y116.669 E699.06753
G1 X142.185 Y116.576 E699.08737
G1 X142.762 Y116.421 E699.10724
G1 X143.319 Y116.207 E699.12708
G1 X143.85 Y115.936 E699.14691
G1 X144.351 Y115.611 E699.16677
G1 X144.814 Y115.236 E699.18659
G1 X145.236 Y114.814 E699.20644
G1 X145.612 Y114.351 E699.22628
G1 X145.937 Y113.85 E699.24614
G1 X146.207 Y113.318 E699.26598
G1 X146.42 Y112.762 E699.28579
G1 X146.576 Y112.186 E699.30563
G1 X146.668 Y111.599 E699.3254
G1 X146.7 Y111 E699.34535
G1 X146.668 Y110.401 E699.3653
G1 X146.576 Y109.814 E699.38506
G1 X146.42 Y109.238 E699.40491
G1 X146.207 Y108.682 E699.42471
G1 X145.937 Y108.15 E699.44456
G1 X145.612 Y107.649 E699.46442
G1 X145.236 Y107.186 E699.48426
G1 X144.814 Y106.764 E699.5041
G1 X144.351 Y106.389 E699.52392
G1 X143.85 Y106.064 E699.54378
G1 X143.319 Y105.793 E699.56361
G1 X142.762 Y105.579 E699.58346
G1 X142.185 Y105.424 E699.60333
G0 F7200 X141.988 Y105.393
G0 X142.057 Y104.959
G0 X142.229 Y104.211
;TYPE:WALL-INNER
G1 F3000 X142.839 Y104.35 E699.62414
G1 X143.416 Y104.538 E699.64432
G1 X144.001 Y104.788 E699.66548
G1 X144.536 Y105.075 E699.68568
G1 X145.057 Y105.419 E699.70644
G1 X145.539 Y105.805 E699.72698
G1 X145.983 Y106.229 E699.7474
G1 X146.391 Y106.695 E699.768
G1 X146.761 Y107.205 E699.78895
G1 X147.078 Y107.736 E699.80952
G1 X147.344 Y108.287 E699.82987
G1 X147.555 Y108.85 E699.84987
G1 X147.725 Y109.465 E699.87109
G1 X147.84 Y110.093 E699.89233
G1 X147.892 Y110.683 E699.91203
G1 X147.892 Y111.317 E699.93311
G1 X147.84 Y111.907 E699.95281
G1 X147.725 Y112.535 E699.97405
G1 X147.558 Y113.14 E699.99492
G1 X147.344 Y113.713 E700.01527
G1 X147.078 Y114.264 E700.03562
G1 X146.761 Y114.795 E700.05619
G1 X146.391 Y115.305 E700.07714
G1 X145.983 Y115.771 E700.09774
G1 X145.539 Y116.195 E700.11816
G1 X145.057 Y116.581 E700.1387
G1 X144.536 Y116.925 E700.15947
G1 X144.001 Y117.212 E700.17966
G1 X143.416 Y117.462 E700.20082
G1 X142.839 Y117.65 E700.221
G1 X142.229 Y117.789 E700.24181
G1 X141.634 Y117.869 E700.26178
G1 X140.973 Y117.9 E700.28379
G1 X81.027 Y117.9 E702.2776
G1 X80.365 Y117.869 E702.29964
G1 X79.77 Y117.789 E702.31961
G1 X79.162 Y117.65 E702.34035
G1 X78.579 Y117.461 E702.36074
G1 X78.003 Y117.215 E702.38157
G1 X77.464 Y116.925 E702.40193
G1 X76.943 Y116.581 E702.42269
G1 X76.462 Y116.196 E702.44318
G1 X76.016 Y115.77 E702.4637
G1 X75.61 Y115.306 E702.4842
G1 X75.238 Y114.794 E702.50525
G1 X74.924 Y114.27 E702.52557
G1 X74.654 Y113.705 E702.5464
G1 X74.441 Y113.139 E702.56651
G1 X74.275 Y112.537 E702.58728
G1 X74.161 Y111.908 E702.60854
G1 X74.108 Y111.317 E702.62828
G1 X74.108 Y110.683 E702.64937
G1 X74.161 Y110.092 E702.6691
G1 X74.275 Y109.46 E702.69046
G1 X74.442 Y108.858 E702.71124
G1 X74.654 Y108.295 E702.73125
G1 X74.924 Y107.73 E702.75208
G1 X75.238 Y107.206 E702.7724
G1 X75.61 Y106.694 E702.79345
G1 X76.016 Y106.23 E702.81395
G1 X76.462 Y105.804 E702.83447
G1 X76.943 Y105.419 E702.85496
G1 X77.464 Y105.075 E702.87572
G1 X78.003 Y104.785 E702.89608
G1 X78.579 Y104.539 E702.91691
G1 X79.162 Y104.35 E702.9373
G1 X79.77 Y104.211 E702.95804
G1 X80.365 Y104.131 E702.97801
G1 X81.027 Y104.1 E703.00005
G1 X140.973 Y104.1 E704.99386
G1 X141.634 Y104.131 E705.01587
G1 X142.229 Y104.211 E705.03584
G0 F7200 X142.304 Y103.818
;TYPE:WALL-OUTER
G1 F3000 X142.942 Y103.963 E705.0576
G1 X143.561 Y104.165 E705.07926
G1 X144.169 Y104.425 E705.10125
G1 X144.745 Y104.734 E705.12299
G1 X145.291 Y105.094 E705.14474
G1 X145.801 Y105.502 E705.16647
G1 X146.273 Y105.953 E705.18818
G1 X146.708 Y106.45 E705.21015
G1 X147.091 Y106.978 E705.23184
G1 X147.432 Y107.549 E705.25396
G1 X147.714 Y108.134 E705.27556
G1 X147.939 Y108.735 E705.29691
G1 X148.116 Y109.375 E705.31899
G1 X148.235 Y110.029 E705.3411
G1 X148.292 Y110.671 E705.36254
G1 X148.292 Y111.329 E705.38442
G1 X148.235 Y111.971 E705.40586
G1 X148.116 Y112.625 E705.42797
G1 X147.94 Y113.261 E705.44992
G1 X147.714 Y113.866 E705.4714
G1 X147.432 Y114.451 E705.493
G1 X147.091 Y115.022 E705.51512
G1 X146.708 Y115.55 E705.53681
G1 X146.273 Y116.047 E705.55878
G1 X145.801 Y116.498 E705.58049
G1 X145.291 Y116.906 E705.60222
G1 X144.745 Y117.266 E705.62397
G1 X144.169 Y117.575 E705.64571
G1 X143.561 Y117.835 E705.6677
G1 X142.942 Y118.037 E705.68936
G1 X142.304 Y118.182 E705.71112
G1 X141.662 Y118.269 E705.73267
G1 X140.991 Y118.3 E705.75501
G1 X81.009 Y118.3 E707.75002
G1 X80.337 Y118.269 E707.77239
G1 X79.695 Y118.182 E707.79394
G1 X79.059 Y118.037 E707.81564
G1 X78.434 Y117.834 E707.8375
G1 X77.835 Y117.578 E707.85916
G1 X77.255 Y117.266 E707.88107
G1 X76.709 Y116.906 E707.90282
G1 X76.2 Y116.499 E707.92449
G1 X75.726 Y116.046 E707.9463
G1 X75.293 Y115.551 E707.96818
G1 X74.908 Y115.021 E707.98996
G1 X74.568 Y114.452 E708.01201
G1 X74.289 Y113.869 E708.03351
G1 X74.058 Y113.257 E708.05526
G1 X73.884 Y112.626 E708.07703
G1 X73.765 Y111.97 E708.09921
G1 X73.708 Y111.33 E708.12058
G1 X73.708 Y110.67 E708.14253
G1 X73.765 Y110.03 E708.1639
G1 X73.885 Y109.368 E708.18628
G1 X74.058 Y108.743 E708.20785
G1 X74.289 Y108.131 E708.2296
G1 X74.568 Y107.548 E708.2511
G1 X74.908 Y106.979 E708.27315
G1 X75.293 Y106.449 E708.29494
G1 X75.726 Y105.954 E708.31681
G1 X76.2 Y105.501 E708.33862
G1 X76.709 Y105.094 E708.36029
G1 X77.255 Y104.734 E708.38204
G1 X77.835 Y104.422 E708.40395
G1 X78.434 Y104.166 E708.42562
G1 X79.059 Y103.963 E708.44747
G1 X79.695 Y103.818 E708.46917
G1 X80.337 Y103.731 E708.49072
G1 X81.009 Y103.7 E708.51309
G1 X140.991 Y103.7 E710.5081
G1 X141.662 Y103.731 E710.53044
G1 X142.304 Y103.818 E710.55199
G0 F7200 X142.499 Y103.862
G0 X142.401 Y104.291
G0 X142.387 Y104.349
G0 X98.176 Y104.699
;TYPE:SKIN
G1 F1500 X97.359 Y105.16 E710.58319
G1 X97.289 Y105.206 E710.58598
G1 X96.832 Y105.523 E710.60448
G1 X96.36 Y105.914 E710.62486
G1 X95.902 Y106.378 E710.64655
G1 X95.518 Y106.837 E710.66645
G1 X95.177 Y107.328 E710.68633
G1 X94.863 Y107.883 E710.70754
G1 X94.624 Y108.404 E710.72661
G1 X94.41 Y109.005 E710.74783
G1 X94.315 Y109.369 E710.76034
G1 X94.319 Y109.369 E710.76047
G1 X94.252 Y109.639 E710.76972
G1 X94.16 Y110.224 E710.78942
G1 X94.12 Y110.878 E710.81121
G1 X94.132 Y111.452 E710.83031
G1 X94.156 Y111.705 E710.83876
G1 X94.16 Y111.705 E710.83889
G1 X94.209 Y112.112 E710.85253
G1 X94.326 Y112.684 E710.87195
G1 X94.39 Y112.91 E710.87976
G1 X94.394 Y112.91 E710.87989
G1 X94.498 Y113.26 E710.89204
G1 X94.732 Y113.845 E710.91299
G1 X95.04 Y114.439 E710.93525
G1 X95.336 Y114.911 E710.95378
G1 X95.702 Y115.396 E710.97399
G1 X95.79 Y115.494 E710.97837
G1 X96.165 Y115.896 E710.99665
G1 X96.578 Y116.276 E711.01532
G1 X96.689 Y116.363 E711.02001
G1 X97.058 Y116.644 E711.03544
G1 X97.583 Y116.975 E711.05608
G1 X98.158 Y117.272 E711.0776
G1 X98.1 Y117.51 E711.08575
G1 X81.045 Y117.51 E711.653
G1 X80.39 Y117.479 E711.67481
G1 X79.843 Y117.406 E711.69317
G1 X79.27 Y117.275 E711.71272
G1 X78.72 Y117.097 E711.73194
G1 X78.162 Y116.858 E711.75213
G1 X77.672 Y116.594 E711.77065
G1 X77.165 Y116.26 E711.79084
G1 X76.715 Y115.899 E711.81003
G1 X76.304 Y115.506 E711.82894
G1 X75.918 Y115.065 E711.84843
G1 X75.563 Y114.577 E711.8685
G1 X75.259 Y114.069 E711.88819
G1 X75.016 Y113.56 E711.90695
G1 X74.811 Y113.015 E711.92632
G1 X74.657 Y112.456 E711.94561
G1 X74.545 Y111.838 E711.9665
G1 X74.498 Y111.304 E711.98433
G1 X74.498 Y110.696 E712.00455
G1 X74.545 Y110.162 E712.02238
G1 X74.657 Y109.542 E712.04333
G1 X74.815 Y108.972 E712.06301
G1 X75.017 Y108.438 E712.08199
G1 X75.259 Y107.931 E712.10068
G1 X75.563 Y107.423 E712.12037
G1 X75.92 Y106.932 E712.14056
G1 X76.304 Y106.494 E712.15994
G1 X76.718 Y106.098 E712.17899
G1 X77.165 Y105.74 E712.19804
G1 X77.671 Y105.406 E712.2182
G1 X78.162 Y105.142 E712.23674
G1 X78.72 Y104.903 E712.25693
G1 X79.271 Y104.725 E712.27619
G1 X79.843 Y104.594 E712.29571
G1 X80.39 Y104.521 E712.31407
G1 X81.045 Y104.49 E712.33588
G1 X98.121 Y104.49 E712.90383
G1 X98.176 Y104.699 E712.91101
G0 F7200 X97.715 Y117.245
G1 F1500 X97.63 Y117.329 E712.91499
G0 F7200 X97.353 Y117.041
G1 F1500 X97.065 Y117.329 E712.92853
G0 F7200 X97.006 Y116.822
G1 F1500 X96.499 Y117.329 E712.95238
G0 F7200 X95.933 Y117.329
G1 F1500 X96.682 Y116.581 E712.98759
G0 F7200 X96.369 Y116.328
G1 F1500 X95.368 Y117.329 E713.03467
G0 F7200 X94.802 Y117.329
G1 F1500 X96.076 Y116.056 E713.09458
G0 F7200 X95.798 Y115.767
G1 F1500 X94.236 Y117.329 E713.16805
G0 F7200 X93.671 Y117.329
G1 F1500 X95.53 Y115.469 E713.25551
G0 F7200 X95.287 Y115.147
G1 F1500 X93.105 Y117.329 E713.35815
G0 F7200 X92.539 Y117.329
G1 F1500 X95.059 Y114.81 E713.47666
G0 F7200 X94.846 Y114.457
G1 F1500 X91.974 Y117.329 E713.61175
G0 F7200 X91.408 Y117.329
G1 F1500 X94.653 Y114.084 E713.76438
G0 F7200 X94.477 Y113.694
G1 F1500 X90.842 Y117.329 E713.93536
G0 F7200 X90.277 Y117.329
G1 F1500 X94.318 Y113.287 E714.12546
G0 F7200 X94.186 Y112.854
G1 F1500 X89.711 Y117.329 E714.33595
G0 F7200 X89.145 Y117.329
G1 F1500 X94.082 Y112.392 E714.56817
G0 F7200 X94.002 Y111.907
G1 F1500 X88.579 Y117.329 E714.82323
G0 F7200 X88.014 Y117.329
G1 F1500 X93.95 Y111.393 E715.10244
G0 F7200 X93.942 Y110.835
G1 F1500 X87.448 Y117.329 E715.4079
G0 F7200 X86.882 Y117.329
G1 F1500 X93.978 Y110.233 E715.74167
G0 F7200 X94.084 Y109.561
G1 F1500 X86.317 Y117.329 E716.10703
G0 F7200 X85.751 Y117.329
G1 F1500 X94.297 Y108.783 E716.50901
G1 X94.367 Y108.713
G0 F7200 X94.69 Y107.825
G1 F1500 X85.185 Y117.329 E716.95607
G0 F7200 X84.62 Y117.329
G1 F1500 X97.28 Y104.668 E717.55158
G0 F7200 X96.715 Y104.668
G1 F1500 X84.054 Y117.329 E718.14712
G0 F7200 X83.488 Y117.329
G1 F1500 X96.149 Y104.668 E718.74265
G0 F7200 X95.583 Y104.668
G1 F1500 X82.923 Y117.329 E719.33816
G0 F7200 X82.357 Y117.329
G1 F1500 X95.018 Y104.668 E719.9337
G0 F7200 X94.452 Y104.668
G1 F1500 X81.791 Y117.329 E720.52923
G0 F7200 X81.226 Y117.329
G1 F1500 X93.886 Y104.668 E721.12474
G0 F7200 X93.321 Y104.668
G1 F1500 X80.678 Y117.311 E721.71943
G0 F7200 X80.157 Y117.266
G1 F1500 X92.755 Y104.668 E722.312
G0 F7200 X92.189 Y104.668
G1 F1500 X79.675 Y117.183 E722.90065
G0 F7200 X79.222 Y117.07
G1 F1500 X91.624 Y104.668 E723.484
G0 F7200 X91.058 Y104.668
G1 F1500 X78.795 Y116.932 E724.06084
G0 F7200 X78.398 Y116.763
G1 F1500 X90.492 Y104.668 E724.62972
G0 F7200 X89.927 Y104.668
G1 F1500 X78.019 Y116.576 E725.18984
G0 F7200 X77.659 Y116.37
G1 F1500 X89.361 Y104.668 E725.74027
G0 F7200 X88.795 Y104.668
G1 F1500 X77.318 Y116.145 E726.28011
G0 F7200 X77.001 Y115.897
G1 F1500 X88.229 Y104.668 E726.80826
G0 F7200 X87.664 Y104.668
G1 F1500 X76.699 Y115.633 E727.32402
G0 F7200 X76.412 Y115.355
G1 F1500 X87.098 Y104.668 E727.82668
G0 F7200 X86.532 Y104.668
G1 F1500 X76.148 Y115.053 E728.31514
G0 F7200 X75.901 Y114.734
G1 F1500 X85.967 Y104.668 E728.78861
G0 F7200 X85.401 Y104.668
G1 F1500 X75.668 Y114.401 E729.24642
G0 F7200 X75.457 Y114.047
G1 F1500 X84.835 Y104.668 E729.68756
G0 F7200 X84.27 Y104.668
G1 F1500 X75.268 Y113.67 E730.11099
G0 F7200 X75.101 Y113.272
G1 F1500 X83.704 Y104.668 E730.51567
G0 F7200 X83.138 Y104.668
G1 F1500 X74.954 Y112.852 E730.90062
G0 F7200 X74.832 Y112.409
G1 F1500 X82.573 Y104.668 E731.26473
G0 F7200 X82.007 Y104.668
G1 F1500 X74.745 Y111.93 E731.60631
G0 F7200 X74.688 Y111.421
G1 F1500 X81.441 Y104.668 E731.92395
G0 F7200 X80.867 Y104.677
G1 F1500 X74.678 Y110.866 E732.21507
G0 F7200 X74.716 Y110.262
G1 F1500 X80.26 Y104.718 E732.47584
G0 F7200 X79.574 Y104.839
G1 F1500 X74.833 Y109.58 E732.69884
G1 X74.763 Y109.65
G0 F7200 X75.088 Y108.759
G1 F1500 X78.772 Y105.075 E732.87212
G1 X78.842 Y105.005
G0 F7200 X77.643 Y105.638
G1 F1500 X75.644 Y107.637 E732.96615
G1 X75.574 Y107.707
G0 F7200 X141.143 Y104.646
G0 X141.307 Y104.482
;TYPE:SKIN
G1 F1500 X141.54 Y104.531 E732.97461
G1 X142.741 Y104.745 E733.01793
G1 X143.961 Y105.222 E733.06446
G1 X144.996 Y105.883 E733.10808
G1 X145.871 Y106.706 E733.15074
G1 X146.587 Y107.687 E733.19387
G1 X147.125 Y108.845 E733.23922
G1 X147.408 Y109.977 E733.28067
G1 X147.489 Y111.028 E733.31811
G1 X147.355 Y112.293 E733.36329
G1 X147.135 Y113.079 E733.39227
G0 F7200 X147.175 Y113.605
G1 F1500 X146.117 Y114.663 E733.41716
G0 F7200 X146.434 Y114.912
G1 F1500 X144.886 Y116.459 E733.45355
G0 F7200 X144.669 Y116.111
G1 F1500 X143.616 Y117.164 E733.47832
G0 F7200 X143.074 Y117.14
G1 F1500 X142.661 Y117.27 E733.497
G1 X141.626 Y117.456 E733.54238
G1 X141.188 Y117.328 E733.56207
G0 F7200 X141.142 Y117.375
G0 X143.156 Y117.341
G1 F1500 X143.94 Y116.557 E733.58051
G0 F7200 X144.155 Y116.908
G1 F1500 X146.916 Y114.146 E733.64545
G0 F7200 X146.557 Y113.94
G1 F1500 X147.343 Y113.154 E733.66394
G0 F7200 X147.007 Y109.723
G0 X146.609 Y108.504
G0 X145.968 Y107.39
G0 X145.108 Y106.437
G0 X144.07 Y105.683
G0 X141.135 Y104.371
G1 F1500 X141.201 Y104.306 E733.66548
G0 F7200 X141.191 Y104.509
;MESH:NONMESH
G0 F600 X141.191 Y104.509 Z3.1
G0 F7200 X96.599 Y105.65
;TIME_ELAPSED:689.196239
;LAYER:14
;TYPE:FILL
;MESH:??????????????????6.stl
G1 F3000 X108.688 Y117.739 E734.23411
G0 F7200 X108.784 Y117.74
G1 F3000 X122.265 Y104.259 E734.86821
G0 F7200 X122.362 Y104.26
G1 F3000 X135.841 Y117.739 E735.50222
G0 F7200 X135.937 Y117.74
G1 F3000 X137.498 Y116.179 E735.57565
G1 X137.568 Y116.109
G0 F7200 X137.547 Y116.139
G0 X139.762 Y117.135
G1 F3000 X140.367 Y117.739 E735.60408
G0 F7200 X140.462 Y117.74
G1 F3000 X140.944 Y117.258 E735.62675
G0 F7200 X139.102 Y116.84
G0 X137.93 Y116.317
G0 X136.892 Y115.563
G0 X135.389 Y113.762
G1 F3000 X131.411 Y117.74 E735.81387
G0 F7200 X131.316 Y117.739
G1 F3000 X117.836 Y104.26 E736.4479
G0 F7200 X117.739 Y104.259
G1 F3000 X104.258 Y117.74 E737.08201
G0 F7200 X104.163 Y117.739
G1 F3000 X94.65 Y108.226 E737.52947
G1 X94.58 Y108.156
G0 F7200 X94.191 Y109.705
G1 F3000 X99.637 Y104.259 E737.78563
G0 F7200 X99.734 Y104.26
G1 F3000 X113.214 Y117.739 E738.41967
G0 F7200 X113.309 Y117.74
G1 F3000 X126.79 Y104.259 E739.05377
G0 F7200 X126.887 Y104.26
G1 F3000 X134.865 Y112.238 E739.42903
G1 X134.935 Y112.308
G0 F7200 X134.864 Y109.762
G1 F3000 X126.886 Y117.74 E739.80429
G0 F7200 X126.79 Y117.739
G1 F3000 X113.311 Y104.26 E740.4383
G0 F7200 X113.214 Y104.259
G1 F3000 X99.733 Y117.74 E741.07241
G0 F7200 X99.637 Y117.739
G1 F3000 X94.195 Y112.297 E741.32838
G1 X94.125 Y112.227
G0 F7200 X94.65 Y113.772
G1 F3000 X104.163 Y104.259 E741.77585
G0 F7200 X104.26 Y104.26
G1 F3000 X117.739 Y117.739 E742.40986
G0 F7200 X117.835 Y117.74
G1 F3000 X131.316 Y104.259 E743.04396
G0 F7200 X131.412 Y104.26
G1 F3000 X135.39 Y108.237 E743.23105
G1 X135.46 Y108.307
G0 F7200 X135.43 Y108.292
G0 X136.337 Y107.032
G0 X137.498 Y105.819
G1 F3000 X135.938 Y104.26 E743.3044
G0 F7200 X135.841 Y104.259
G1 F3000 X122.36 Y117.74 E743.93851
G0 F7200 X122.265 Y117.739
G1 F3000 X108.785 Y104.26 E744.57254
G0 F7200 X108.688 Y104.259
G1 F3000 X96.595 Y116.353 E745.14139
G1 X96.525 Y116.423
G0 F7200 X139.76 Y104.866
G1 F3000 X140.367 Y104.259 E745.16994
G0 F7200 X140.463 Y104.26
G1 F3000 X140.944 Y104.74 E745.19254
G0 F7200 X142.288 Y104.935
G0 X142.268 Y105.032
;TYPE:WALL-INNER
G1 F3000 X141.638 Y104.933 E745.21375
G1 X141 Y104.899 E745.235
G1 X140.362 Y104.933 E745.25625
G1 X139.731 Y105.032 E745.27749
G1 X139.114 Y105.198 E745.29874
G1 X138.518 Y105.427 E745.31998
G1 X137.95 Y105.717 E745.34119
G1 X137.414 Y106.065 E745.36245
G1 X136.918 Y106.466 E745.38366
G1 X136.467 Y106.918 E745.4049
G1 X136.064 Y107.414 E745.42615
G1 X135.717 Y107.95 E745.44739
G1 X135.426 Y108.518 E745.46862
G1 X135.198 Y109.114 E745.48984
G1 X135.032 Y109.731 E745.51109
G1 X134.934 Y110.359 E745.53223
G1 X134.899 Y111 E745.55359
G1 X134.934 Y111.641 E745.57494
G1 X135.032 Y112.269 E745.59608
G1 X135.198 Y112.886 E745.61733
G1 X135.426 Y113.482 E745.63855
G1 X135.717 Y114.05 E745.65978
G1 X136.064 Y114.586 E745.68102
G1 X136.467 Y115.082 E745.70227
G1 X136.918 Y115.534 E745.72351
G1 X137.414 Y115.935 E745.74472
G1 X137.95 Y116.283 E745.76598
G1 X138.518 Y116.573 E745.78719
G1 X139.114 Y116.802 E745.80843
G1 X139.731 Y116.968 E745.82968
G1 X140.362 Y117.067 E745.85092
G1 X141 Y117.101 E745.87217
G1 X141.638 Y117.067 E745.89342
G1 X142.268 Y116.968 E745.91463
G1 X142.886 Y116.802 E745.93592
G1 X143.482 Y116.573 E745.95715
G1 X144.05 Y116.283 E745.97836
G1 X144.586 Y115.935 E745.99962
G1 X145.082 Y115.534 E746.02083
G1 X145.533 Y115.082 E746.04207
G1 X145.936 Y114.587 E746.0633
G1 X146.284 Y114.05 E746.08458
G1 X146.573 Y113.48 E746.10584
G1 X146.801 Y112.886 E746.127
G1 X146.968 Y112.269 E746.14826
G1 X147.066 Y111.641 E746.1694
G1 X147.101 Y111 E746.19075
G1 X147.066 Y110.359 E746.2121
G1 X146.968 Y109.731 E746.23324
G1 X146.801 Y109.114 E746.2545
G1 X146.573 Y108.52 E746.27567
G1 X146.284 Y107.95 E746.29692
G1 X145.936 Y107.413 E746.31821
G1 X145.533 Y106.918 E746.33944
G1 X145.082 Y106.466 E746.36067
G1 X144.586 Y106.065 E746.38189
G1 X144.05 Y105.717 E746.40314
G1 X143.482 Y105.427 E746.42435
G1 X142.886 Y105.198 E746.44559
G1 X142.268 Y105.032 E746.46687
G0 F7200 X142.185 Y105.424
;TYPE:WALL-OUTER
G1 F3000 X141.596 Y105.331 E746.48671
G1 X141 Y105.3 E746.50656
G1 X140.404 Y105.331 E746.52641
G1 X139.814 Y105.424 E746.54627
G1 X139.238 Y105.579 E746.56611
G1 X138.681 Y105.793 E746.58596
G1 X138.15 Y106.064 E746.60578
G1 X137.649 Y106.389 E746.62565
G1 X137.186 Y106.764 E746.64546
G1 X136.764 Y107.186 E746.66531
G1 X136.388 Y107.649 E746.68515
G1 X136.064 Y108.15 E746.705
G1 X135.792 Y108.681 E746.72484
G1 X135.579 Y109.238 E746.74467
G1 X135.424 Y109.814 E746.76451
G1 X135.332 Y110.401 E746.78427
G1 X135.3 Y111 E746.80423
G1 X135.332 Y111.599 E746.82418
G1 X135.424 Y112.186 E746.84394
G1 X135.579 Y112.762 E746.86378
G1 X135.792 Y113.319 E746.88361
G1 X136.064 Y113.85 E746.90346
G1 X136.388 Y114.351 E746.9233
G1 X136.764 Y114.814 E746.94314
G1 X137.186 Y115.236 E746.96299
G1 X137.649 Y115.611 E746.9828
G1 X138.15 Y115.936 E747.00267
G1 X138.681 Y116.207 E747.0225
G1 X139.238 Y116.421 E747.04234
G1 X139.814 Y116.576 E747.06218
G1 X140.404 Y116.669 E747.08205
G1 X141 Y116.7 E747.1019
G1 X141.596 Y116.669 E747.12175
G1 X142.185 Y116.576 E747.14158
G1 X142.762 Y116.421 E747.16145
G1 X143.319 Y116.207 E747.1813
G1 X143.85 Y115.936 E747.20112
G1 X144.351 Y115.611 E747.22099
G1 X144.814 Y115.236 E747.2408
G1 X145.236 Y114.814 E747.26065
G1 X145.612 Y114.351 E747.28049
G1 X145.937 Y113.85 E747.30035
G1 X146.207 Y113.318 E747.3202
G1 X146.42 Y112.762 E747.34
G1 X146.576 Y112.186 E747.35985
G1 X146.668 Y111.599 E747.37961
G1 X146.7 Y111 E747.39956
G1 X146.668 Y110.401 E747.41951
G1 X146.576 Y109.814 E747.43927
G1 X146.42 Y109.238 E747.45912
G1 X146.207 Y108.682 E747.47893
G1 X145.937 Y108.15 E747.49877
G1 X145.612 Y107.649 E747.51863
G1 X145.236 Y107.186 E747.53847
G1 X144.814 Y106.764 E747.55832
G1 X144.351 Y106.389 E747.57813
G1 X143.85 Y106.064 E747.598
G1 X143.319 Y105.793 E747.61783
G1 X142.762 Y105.579 E747.63767
G1 X142.185 Y105.424 E747.65754
G0 F7200 X141.988 Y105.393
G0 X142.057 Y104.959
G0 X142.229 Y104.211
;TYPE:WALL-INNER
G1 F3000 X142.839 Y104.35 E747.67835
G1 X143.416 Y104.538 E747.69854
G1 X144.001 Y104.788 E747.7197
G1 X144.536 Y105.075 E747.73989
G1 X145.057 Y105.419 E747.76065
G1 X145.539 Y105.805 E747.78119
G1 X145.983 Y106.229 E747.80161
G1 X146.391 Y106.695 E747.82221
G1 X146.761 Y107.205 E747.84317
G1 X147.078 Y107.736 E747.86374
G1 X147.344 Y108.287 E747.88409
G1 X147.555 Y108.85 E747.90408
G1 X147.725 Y109.465 E747.92531
G1 X147.84 Y110.093 E747.94654
G1 X147.892 Y110.683 E747.96624
G1 X147.892 Y111.317 E747.98733
G1 X147.84 Y111.907 E748.00703
G1 X147.725 Y112.535 E748.02826
G1 X147.558 Y113.14 E748.04914
G1 X147.344 Y113.713 E748.06948
G1 X147.078 Y114.264 E748.08983
G1 X146.761 Y114.795 E748.1104
G1 X146.391 Y115.305 E748.13136
G1 X145.983 Y115.771 E748.15196
G1 X145.539 Y116.195 E748.17238
G1 X145.057 Y116.581 E748.19291
G1 X144.536 Y116.925 E748.21368
G1 X144.001 Y117.212 E748.23387
G1 X143.416 Y117.462 E748.25503
G1 X142.839 Y117.65 E748.27522
G1 X142.229 Y117.789 E748.29602
G1 X141.634 Y117.869 E748.31599
G1 X140.973 Y117.9 E748.338
G1 X81.027 Y117.9 E750.33181
G1 X80.365 Y117.869 E750.35386
G1 X79.77 Y117.789 E750.37382
G1 X79.162 Y117.65 E750.39457
G1 X78.579 Y117.461 E750.41495
G1 X78.003 Y117.215 E750.43578
G1 X77.464 Y116.925 E750.45614
G1 X76.943 Y116.581 E750.47691
G1 X76.462 Y116.196 E750.4974
G1 X76.016 Y115.77 E750.51791
G1 X75.61 Y115.306 E750.53842
G1 X75.238 Y114.794 E750.55947
G1 X74.924 Y114.27 E750.57979
G1 X74.654 Y113.705 E750.60061
G1 X74.441 Y113.139 E750.62073
G1 X74.275 Y112.537 E750.6415
G1 X74.161 Y111.908 E750.66276
G1 X74.108 Y111.317 E750.68249
G1 X74.108 Y110.683 E750.70358
G1 X74.161 Y110.092 E750.72332
G1 X74.275 Y109.46 E750.74468
G1 X74.442 Y108.858 E750.76545
G1 X74.654 Y108.295 E750.78546
G1 X74.924 Y107.73 E750.80629
G1 X75.238 Y107.206 E750.82661
G1 X75.61 Y106.694 E750.84766
G1 X76.016 Y106.23 E750.86816
G1 X76.462 Y105.804 E750.88868
G1 X76.943 Y105.419 E750.90917
G1 X77.464 Y105.075 E750.92994
G1 X78.003 Y104.785 E750.95029
G1 X78.579 Y104.539 E750.97112
G1 X79.162 Y104.35 E750.99151
G1 X79.77 Y104.211 E751.01225
G1 X80.365 Y104.131 E751.03222
G1 X81.027 Y104.1 E751.05426
G1 X140.973 Y104.1 E753.04807
G1 X141.634 Y104.131 E753.07008
G1 X142.229 Y104.211 E753.09005
G0 F7200 X142.304 Y103.818
;TYPE:WALL-OUTER
G1 F3000 X142.942 Y103.963 E753.11181
G1 X143.561 Y104.165 E753.13347
G1 X144.169 Y104.425 E753.15546
G1 X144.745 Y104.734 E753.1772
G1 X145.291 Y105.094 E753.19896
G1 X145.801 Y105.502 E753.22068
G1 X146.273 Y105.953 E753.24239
G1 X146.708 Y106.45 E753.26436
G1 X147.091 Y106.978 E753.28605
G1 X147.432 Y107.549 E753.30817
G1 X147.714 Y108.134 E753.32977
G1 X147.939 Y108.735 E753.35112
G1 X148.116 Y109.375 E753.3732
G1 X148.235 Y110.029 E753.39531
G1 X148.292 Y110.671 E753.41675
G1 X148.292 Y111.329 E753.43864
G1 X148.235 Y111.971 E753.46007
G1 X148.116 Y112.625 E753.48218
G1 X147.94 Y113.261 E753.50413
G1 X147.714 Y113.866 E753.52561
G1 X147.432 Y114.451 E753.54721
G1 X147.091 Y115.022 E753.56933
G1 X146.708 Y115.55 E753.59103
G1 X146.273 Y116.047 E753.61299
G1 X145.801 Y116.498 E753.63471
G1 X145.291 Y116.906 E753.65643
G1 X144.745 Y117.266 E753.67818
G1 X144.169 Y117.575 E753.69992
G1 X143.561 Y117.835 E753.72192
G1 X142.942 Y118.037 E753.74357
G1 X142.304 Y118.182 E753.76533
G1 X141.662 Y118.269 E753.78688
G1 X140.991 Y118.3 E753.80922
G1 X81.009 Y118.3 E755.80423
G1 X80.337 Y118.269 E755.82661
G1 X79.695 Y118.182 E755.84816
G1 X79.059 Y118.037 E755.86985
G1 X78.434 Y117.834 E755.89171
G1 X77.835 Y117.578 E755.91337
G1 X77.255 Y117.266 E755.93528
G1 X76.709 Y116.906 E755.95703
G1 X76.2 Y116.499 E755.97871
G1 X75.726 Y116.046 E756.00051
G1 X75.293 Y115.551 E756.02239
G1 X74.908 Y115.021 E756.04418
G1 X74.568 Y114.452 E756.06622
G1 X74.289 Y113.869 E756.08772
G1 X74.058 Y113.257 E756.10948
G1 X73.884 Y112.626 E756.13125
G1 X73.765 Y111.97 E756.15342
G1 X73.708 Y111.33 E756.17479
G1 X73.708 Y110.67 E756.19674
G1 X73.765 Y110.03 E756.21811
G1 X73.885 Y109.368 E756.24049
G1 X74.058 Y108.743 E756.26206
G1 X74.289 Y108.131 E756.28382
G1 X74.568 Y107.548 E756.30531
G1 X74.908 Y106.979 E756.32736
G1 X75.293 Y106.449 E756.34915
G1 X75.726 Y105.954 E756.37102
G1 X76.2 Y105.501 E756.39283
G1 X76.709 Y105.094 E756.41451
G1 X77.255 Y104.734 E756.43626
G1 X77.835 Y104.422 E756.45816
G1 X78.434 Y104.166 E756.47983
G1 X79.059 Y103.963 E756.50169
G1 X79.695 Y103.818 E756.52338
G1 X80.337 Y103.731 E756.54493
G1 X81.009 Y103.7 E756.5673
G1 X140.991 Y103.7 E758.56231
G1 X141.662 Y103.731 E758.58466
G1 X142.304 Y103.818 E758.6062
G0 F7200 X142.499 Y103.862
G0 X142.401 Y104.291
G0 X142.387 Y104.349
G0 X98.175 Y104.697
;TYPE:SKIN
G1 F1500 X97.354 Y105.162 E758.63759
G1 X97.269 Y105.219 E758.64099
G1 X96.835 Y105.521 E758.65858
G1 X96.34 Y105.935 E758.68004
G1 X95.909 Y106.368 E758.70036
G1 X95.512 Y106.847 E758.72105
G1 X95.173 Y107.335 E758.74081
G1 X94.862 Y107.885 E758.76183
G1 X94.619 Y108.418 E758.78131
G1 X94.455 Y108.879 E758.79759
G1 X94.443 Y108.879 E758.79798
G1 X94.258 Y109.607 E758.82297
G1 X94.16 Y110.225 E758.84378
G1 X94.119 Y110.834 E758.86408
G1 X94.132 Y111.449 E758.88454
G1 X94.147 Y111.593 E758.88936
G1 X94.206 Y112.096 E758.9062
G1 X94.323 Y112.672 E758.92575
G1 X94.495 Y113.249 E758.94577
G1 X94.73 Y113.838 E758.96687
G1 X95.035 Y114.431 E758.98905
G1 X95.347 Y114.925 E759.00848
G1 X95.703 Y115.397 E759.02814
G1 X95.79 Y115.494 E759.03248
G1 X96.157 Y115.889 E759.05041
G1 X96.581 Y116.279 E759.06957
G1 X97.06 Y116.645 E759.08962
G1 X97.597 Y116.984 E759.11074
G1 X98.159 Y117.28 E759.13187
G1 X98.103 Y117.51 E759.13974
G1 X81.045 Y117.51 E759.70709
G1 X80.39 Y117.479 E759.7289
G1 X79.843 Y117.406 E759.74726
G1 X79.27 Y117.275 E759.76681
G1 X78.72 Y117.097 E759.78603
G1 X78.162 Y116.858 E759.80622
G1 X77.672 Y116.594 E759.82474
G1 X77.165 Y116.26 E759.84493
G1 X76.715 Y115.899 E759.86412
G1 X76.304 Y115.506 E759.88303
G1 X75.918 Y115.065 E759.90252
G1 X75.563 Y114.577 E759.9226
G1 X75.259 Y114.069 E759.94229
G1 X75.016 Y113.56 E759.96105
G1 X74.811 Y113.015 E759.98041
G1 X74.657 Y112.456 E759.9997
G1 X74.545 Y111.838 E760.02059
G1 X74.498 Y111.304 E760.03842
G1 X74.498 Y110.696 E760.05864
G1 X74.545 Y110.162 E760.07647
G1 X74.657 Y109.542 E760.09742
G1 X74.815 Y108.972 E760.1171
G1 X75.017 Y108.438 E760.13609
G1 X75.259 Y107.931 E760.15477
G1 X75.563 Y107.423 E760.17446
G1 X75.92 Y106.932 E760.19465
G1 X76.304 Y106.494 E760.21403
G1 X76.718 Y106.098 E760.23308
G1 X77.165 Y105.74 E760.25213
G1 X77.671 Y105.406 E760.27229
G1 X78.162 Y105.142 E760.29084
G1 X78.72 Y104.903 E760.31103
G1 X79.271 Y104.725 E760.33028
G1 X79.843 Y104.594 E760.3498
G1 X80.39 Y104.521 E760.36816
G1 X81.045 Y104.49 E760.38997
G1 X98.12 Y104.49 E760.95788
G1 X98.175 Y104.697 E760.96501
G0 F7200 X97.511 Y104.865
G1 F1500 X97.314 Y104.668 E760.97427
G0 F7200 X97.156 Y105.076
G1 F1500 X96.749 Y104.668 E760.99344
G0 F7200 X96.183 Y104.668
G1 F1500 X96.823 Y105.308 E761.02354
G0 F7200 X96.507 Y105.558
G1 F1500 X95.617 Y104.668 E761.06541
G0 F7200 X95.052 Y104.668
G1 F1500 X96.201 Y105.818 E761.11948
G0 F7200 X95.919 Y106.102
G1 F1500 X94.486 Y104.668 E761.1869
G0 F7200 X93.92 Y104.668
G1 F1500 X95.65 Y106.398 E761.26828
G0 F7200 X95.394 Y106.708
G1 F1500 X93.355 Y104.668 E761.36421
G0 F7200 X92.789 Y104.668
G1 F1500 X95.159 Y107.038 E761.47569
G0 F7200 X94.938 Y107.383
G1 F1500 X92.223 Y104.668 E761.60339
G0 F7200 X91.658 Y104.668
G1 F1500 X94.733 Y107.744 E761.74805
G0 F7200 X94.552 Y108.129
G1 F1500 X91.092 Y104.668 E761.91083
G0 F7200 X90.526 Y104.668
G1 F1500 X94.388 Y108.53 E762.09248
G0 F7200 X94.239 Y108.947
G1 F1500 X89.96 Y104.668 E762.29375
G0 F7200 X89.395 Y104.668
G1 F1500 X94.125 Y109.398 E762.51624
G0 F7200 X94.034 Y109.873
G1 F1500 X88.829 Y104.668 E762.76107
G0 F7200 X88.263 Y104.668
G1 F1500 X93.97 Y110.375 E763.02951
G0 F7200 X93.941 Y110.911
G1 F1500 X87.698 Y104.668 E763.32316
G0 F7200 X87.132 Y104.668
G1 F1500 X93.955 Y111.491 E763.64409
G0 F7200 X94.03 Y112.132
G1 F1500 X86.566 Y104.668 E763.99517
G0 F7200 X86.001 Y104.668
G1 F1500 X94.191 Y112.859 E764.38043
G1 X94.261 Y112.929
G0 F7200 X94.492 Y113.725
G1 F1500 X85.435 Y104.668 E764.80644
G0 F7200 X84.869 Y104.668
G1 F1500 X95.147 Y114.946 E765.28989
G1 X95.217 Y115.016
G0 F7200 X95.267 Y117.329
G1 F1500 X82.607 Y104.668 E765.8854
G0 F7200 X83.172 Y104.668
G1 F1500 X95.833 Y117.329 E766.48093
G0 F7200 X96.399 Y117.329
G1 F1500 X83.738 Y104.668 E767.07647
G0 F7200 X84.304 Y104.668
G1 F1500 X96.964 Y117.329 E767.67198
G0 F7200 X97.053 Y116.852
G1 F1500 X97.53 Y117.329 E767.69442
G0 F7200 X94.702 Y117.329
G1 F1500 X82.041 Y104.668 E768.28995
G0 F7200 X81.475 Y104.668
G1 F1500 X94.136 Y117.329 E768.88549
G0 F7200 X93.57 Y117.329
G1 F1500 X80.917 Y104.675 E769.48067
G0 F7200 X80.378 Y104.703
G1 F1500 X93.005 Y117.329 E770.07458
G0 F7200 X92.439 Y117.329
G1 F1500 X79.879 Y104.769 E770.66536
G0 F7200 X79.42 Y104.875
G1 F1500 X91.873 Y117.329 E771.25114
G0 F7200 X91.307 Y117.329
G1 F1500 X78.984 Y105.006 E771.83077
G0 F7200 X78.574 Y105.161
G1 F1500 X90.742 Y117.329 E772.40312
G0 F7200 X90.176 Y117.329
G1 F1500 X78.182 Y105.335 E772.96728
G0 F7200 X77.814 Y105.532
G1 F1500 X89.61 Y117.329 E773.52215
G0 F7200 X89.045 Y117.329
G1 F1500 X77.469 Y105.754 E774.06663
G0 F7200 X77.139 Y105.989
G1 F1500 X88.479 Y117.329 E774.60003
G0 F7200 X87.913 Y117.329
G1 F1500 X76.827 Y106.242 E775.1215
G0 F7200 X76.538 Y106.519
G1 F1500 X87.348 Y117.329 E775.62997
G0 F7200 X86.782 Y117.329
G1 F1500 X76.264 Y106.811 E776.12471
G0 F7200 X76.006 Y107.118
G1 F1500 X86.216 Y117.329 E776.60498
G0 F7200 X85.651 Y117.329
G1 F1500 X75.767 Y107.446 E777.06987
G0 F7200 X75.55 Y107.794
G1 F1500 X85.085 Y117.329 E777.51836
G0 F7200 X84.519 Y117.329
G1 F1500 X75.348 Y108.158 E777.94974
G0 F7200 X75.168 Y108.544
G1 F1500 X83.954 Y117.329 E778.36298
G0 F7200 X83.388 Y117.329
G1 F1500 X75.013 Y108.954 E778.75692
G0 F7200 X74.884 Y109.391
G1 F1500 X82.822 Y117.329 E779.13029
G0 F7200 X82.257 Y117.329
G1 F1500 X74.782 Y109.855 E779.48187
G0 F7200 X74.708 Y110.346
G1 F1500 X81.691 Y117.329 E779.81033
G0 F7200 X81.125 Y117.329
G1 F1500 X74.677 Y110.881 E780.11363
G0 F7200 X74.691 Y111.461
G1 F1500 X80.535 Y117.304 E780.38849
G0 F7200 X79.896 Y117.231
G1 F1500 X74.777 Y112.113 E780.62924
G0 F7200 X74.954 Y112.854
G1 F1500 X79.142 Y117.043 E780.82626
G1 X79.212 Y117.113
G0 F7200 X78.213 Y116.679
G1 F1500 X75.326 Y113.793 E780.96203
G1 X75.256 Y113.723
G0 F7200 X141.141 Y117.382
G0 X141.291 Y117.532
;TYPE:SKIN
G1 F1500 X141.511 Y117.47 E780.97013
G1 X142.717 Y117.261 E781.0135
G1 X143.94 Y116.787 E781.05998
G1 X144.979 Y116.129 E781.10356
G1 X145.856 Y115.309 E781.14611
G1 X146.575 Y114.331 E781.18912
G1 X147.117 Y113.176 E781.23434
G1 X147.404 Y112.049 E781.27555
G1 X147.489 Y111.003 E781.31274
G1 X147.364 Y109.746 E781.3575
G1 X147.151 Y108.967 E781.38612
G0 F7200 X147.194 Y108.445
G1 F1500 X146.176 Y107.427 E781.41006
G0 F7200 X146.519 Y107.204
G1 F1500 X144.793 Y105.478 E781.45065
G0 F7200 X144.577 Y105.827
G1 F1500 X143.562 Y104.813 E781.47451
G0 F7200 X143.028 Y104.844
G1 F1500 X142.618 Y104.717 E781.4928
G1 X141.591 Y104.539 E781.53719
G1 X141.171 Y104.685 E781.55614
G0 F7200 X141.142 Y104.656
G0 X143.111 Y104.644
G1 F1500 X143.875 Y105.409 E781.57412
G0 F7200 X144.088 Y105.056
G1 F1500 X146.947 Y107.915 E781.64135
G0 F7200 X146.589 Y108.122
G1 F1500 X147.364 Y108.897 E781.65958
G0 F7200 X147.007 Y112.277
G0 X146.609 Y113.496
G0 X145.968 Y114.61
G0 X145.108 Y115.563
G0 X144.07 Y116.317
G0 X141.134 Y117.658
G1 F1500 X141.171 Y117.695 E781.66045
G0 F7200 X141.162 Y117.494
;MESH:NONMESH
G0 F600 X141.162 Y117.494 Z3.3
G0 F7200 X96.738 Y105.789
;TIME_ELAPSED:736.204793
;LAYER:15
;TYPE:FILL
;MESH:??????????????????6.stl
G1 F3000 X108.687 Y117.738 E782.2225
G0 F7200 X108.784 Y117.739
G1 F3000 X122.263 Y104.26 E782.85651
G0 F7200 X122.363 Y104.261
G1 F3000 X135.841 Y117.739 E783.49047
G0 F7200 X135.937 Y117.74
G1 F3000 X137.498 Y116.179 E783.5639
G1 X137.568 Y116.109
G0 F7200 X137.547 Y116.139
G0 X139.762 Y117.135
G1 F3000 X140.367 Y117.739 E783.59233
G0 F7200 X140.462 Y117.74
G1 F3000 X140.944 Y117.258 E783.615
G0 F7200 X139.102 Y116.84
G0 X137.93 Y116.317
G0 X136.892 Y115.563
G0 X135.389 Y113.762
G1 F3000 X131.411 Y117.74 E783.80211
G0 F7200 X131.316 Y117.739
G1 F3000 X117.837 Y104.261 E784.4361
G0 F7200 X117.738 Y104.26
G1 F3000 X104.259 Y117.739 E785.07011
G0 F7200 X104.162 Y117.738
G1 F3000 X94.796 Y108.372 E785.51066
G1 X94.726 Y108.302
G0 F7200 X94.756 Y108.316
G0 X94.444 Y109.453
G1 F3000 X99.446 Y104.45 E785.74596
G0 F7200 X99.842 Y104.368
G1 F3000 X113.213 Y117.738 E786.37487
G0 F7200 X113.31 Y117.739
G1 F3000 X126.789 Y104.26 E787.00888
G0 F7200 X126.888 Y104.261
G1 F3000 X134.865 Y112.238 E787.38409
G1 X134.935 Y112.308
G0 F7200 X134.864 Y109.762
G1 F3000 X126.886 Y117.74 E787.75935
G0 F7200 X126.79 Y117.739
G1 F3000 X113.313 Y104.262 E788.39327
G0 F7200 X113.212 Y104.261
G1 F3000 X99.839 Y117.634 E789.0223
G0 F7200 X99.446 Y117.548
G1 F3000 X94.443 Y112.545 E789.25762
G1 X94.373 Y112.475
G0 F7200 X94.798 Y113.623
G1 F3000 X104.161 Y104.261 E789.69801
G0 F7200 X104.262 Y104.262
G1 F3000 X117.738 Y117.738 E790.33188
G0 F7200 X117.835 Y117.739
G1 F3000 X131.315 Y104.26 E790.96591
G0 F7200 X131.413 Y104.26
G1 F3000 X135.39 Y108.237 E791.15298
G1 X135.46 Y108.307
G0 F7200 X135.43 Y108.292
G0 X136.337 Y107.032
G0 X137.498 Y105.819
G1 F3000 X135.939 Y104.26 E791.22631
G0 F7200 X135.84 Y104.26
G1 F3000 X122.36 Y117.74 E791.86036
G0 F7200 X122.265 Y117.739
G1 F3000 X108.787 Y104.262 E792.4943
G0 F7200 X108.686 Y104.261
G1 F3000 X96.737 Y116.21 E793.05635
G1 X96.667 Y116.28
G0 F7200 X96.69 Y116.252
G0 X139.76 Y104.866
G1 F3000 X140.366 Y104.26 E793.08485
G0 F7200 X140.464 Y104.26
G1 F3000 X140.945 Y104.741 E793.10748
G0 F7200 X142.288 Y104.935
G0 X142.268 Y105.032
;TYPE:WALL-INNER
G1 F3000 X141.638 Y104.933 E793.12869
G1 X141 Y104.899 E793.14994
G1 X140.362 Y104.933 E793.17119
G1 X139.731 Y105.032 E793.19243
G1 X139.114 Y105.198 E793.21368
G1 X138.518 Y105.427 E793.23492
G1 X137.95 Y105.717 E793.25613
G1 X137.414 Y106.065 E793.27739
G1 X136.918 Y106.466 E793.2986
G1 X136.467 Y106.918 E793.31984
G1 X136.064 Y107.414 E793.34109
G1 X135.717 Y107.95 E793.36233
G1 X135.426 Y108.518 E793.38356
G1 X135.198 Y109.114 E793.40478
G1 X135.032 Y109.731 E793.42603
G1 X134.934 Y110.359 E793.44717
G1 X134.899 Y111 E793.46853
G1 X134.934 Y111.641 E793.48988
G1 X135.032 Y112.269 E793.51102
G1 X135.198 Y112.886 E793.53227
G1 X135.426 Y113.482 E793.55349
G1 X135.717 Y114.05 E793.57472
G1 X136.064 Y114.586 E793.59596
G1 X136.467 Y115.082 E793.61721
G1 X136.918 Y115.534 E793.63845
G1 X137.414 Y115.935 E793.65966
G1 X137.95 Y116.283 E793.68092
G1 X138.518 Y116.573 E793.70213
G1 X139.114 Y116.802 E793.72337
G1 X139.731 Y116.968 E793.74462
G1 X140.362 Y117.067 E793.76586
G1 X141 Y117.101 E793.78711
G1 X141.638 Y117.067 E793.80836
G1 X142.268 Y116.968 E793.82957
G1 X142.886 Y116.802 E793.85086
G1 X143.482 Y116.573 E793.87209
G1 X144.05 Y116.283 E793.8933
G1 X144.586 Y115.935 E793.91456
G1 X145.082 Y115.534 E793.93577
G1 X145.533 Y115.082 E793.95701
G1 X145.936 Y114.587 E793.97824
G1 X146.284 Y114.05 E793.99952
G1 X146.573 Y113.48 E794.02078
G1 X146.801 Y112.886 E794.04194
G1 X146.968 Y112.269 E794.0632
G1 X147.066 Y111.641 E794.08434
G1 X147.101 Y111 E794.10569
G1 X147.066 Y110.359 E794.12704
G1 X146.968 Y109.731 E794.14818
G1 X146.801 Y109.114 E794.16944
G1 X146.573 Y108.52 E794.19061
G1 X146.284 Y107.95 E794.21186
G1 X145.936 Y107.413 E794.23314
G1 X145.533 Y106.918 E794.25438
G1 X145.082 Y106.466 E794.27561
G1 X144.586 Y106.065 E794.29683
G1 X144.05 Y105.717 E794.31808
G1 X143.482 Y105.427 E794.33929
G1 X142.886 Y105.198 E794.36053
G1 X142.268 Y105.032 E794.38181
G0 F7200 X142.185 Y105.424
;TYPE:WALL-OUTER
G1 F3000 X141.596 Y105.331 E794.40165
G1 X141 Y105.3 E794.4215
G1 X140.404 Y105.331 E794.44135
G1 X139.814 Y105.424 E794.46121
G1 X139.238 Y105.579 E794.48105
G1 X138.681 Y105.793 E794.5009
G1 X138.15 Y106.064 E794.52072
G1 X137.649 Y106.389 E794.54059
G1 X137.186 Y106.764 E794.5604
G1 X136.764 Y107.186 E794.58025
G1 X136.388 Y107.649 E794.60009
G1 X136.064 Y108.15 E794.61994
G1 X135.792 Y108.681 E794.63978
G1 X135.579 Y109.238 E794.65961
G1 X135.424 Y109.814 E794.67945
G1 X135.332 Y110.401 E794.69921
G1 X135.3 Y111 E794.71917
G1 X135.332 Y111.599 E794.73912
G1 X135.424 Y112.186 E794.75888
G1 X135.579 Y112.762 E794.77872
G1 X135.792 Y113.319 E794.79855
G1 X136.064 Y113.85 E794.8184
G1 X136.388 Y114.351 E794.83824
G1 X136.764 Y114.814 E794.85808
G1 X137.186 Y115.236 E794.87793
G1 X137.649 Y115.611 E794.89774
G1 X138.15 Y115.936 E794.91761
G1 X138.681 Y116.207 E794.93743
G1 X139.238 Y116.421 E794.95728
G1 X139.814 Y116.576 E794.97712
G1 X140.404 Y116.669 E794.99699
G1 X141 Y116.7 E795.01684
G1 X141.596 Y116.669 E795.03669
G1 X142.185 Y116.576 E795.05652
G1 X142.762 Y116.421 E795.07639
G1 X143.319 Y116.207 E795.09624
G1 X143.85 Y115.936 E795.11606
G1 X144.351 Y115.611 E795.13593
G1 X144.814 Y115.236 E795.15574
G1 X145.236 Y114.814 E795.17559
G1 X145.612 Y114.351 E795.19543
G1 X145.937 Y113.85 E795.21529
G1 X146.207 Y113.318 E795.23514
G1 X146.42 Y112.762 E795.25494
G1 X146.576 Y112.186 E795.27479
G1 X146.668 Y111.599 E795.29455
G1 X146.7 Y111 E795.3145
G1 X146.668 Y110.401 E795.33445
G1 X146.576 Y109.814 E795.35421
G1 X146.42 Y109.238 E795.37406
G1 X146.207 Y108.682 E795.39387
G1 X145.937 Y108.15 E795.41371
G1 X145.612 Y107.649 E795.43357
G1 X145.236 Y107.186 E795.45341
G1 X144.814 Y106.764 E795.47326
G1 X144.351 Y106.389 E795.49307
G1 X143.85 Y106.064 E795.51294
G1 X143.319 Y105.793 E795.53277
G1 X142.762 Y105.579 E795.55261
G1 X142.185 Y105.424 E795.57248
G0 F7200 X141.988 Y105.393
G0 X142.057 Y104.959
G0 X142.229 Y104.211
;TYPE:WALL-INNER
G1 F3000 X142.839 Y104.35 E795.59329
G1 X143.416 Y104.538 E795.61348
G1 X144.001 Y104.788 E795.63464
G1 X144.536 Y105.075 E795.65483
G1 X145.057 Y105.419 E795.67559
G1 X145.539 Y105.805 E795.69613
G1 X145.983 Y106.229 E795.71655
G1 X146.391 Y106.695 E795.73715
G1 X146.761 Y107.205 E795.75811
G1 X147.078 Y107.736 E795.77868
G1 X147.344 Y108.287 E795.79903
G1 X147.557 Y108.856 E795.81923
G1 X147.725 Y109.465 E795.84025
G1 X147.84 Y110.093 E795.86148
G1 X147.892 Y110.683 E795.88118
G1 X147.892 Y111.317 E795.90227
G1 X147.84 Y111.907 E795.92197
G1 X147.725 Y112.535 E795.9432
G1 X147.558 Y113.14 E795.96408
G1 X147.344 Y113.713 E795.98442
G1 X147.078 Y114.264 E796.00477
G1 X146.761 Y114.795 E796.02534
G1 X146.391 Y115.305 E796.0463
G1 X145.983 Y115.771 E796.0669
G1 X145.539 Y116.195 E796.08732
G1 X145.057 Y116.581 E796.10785
G1 X144.536 Y116.925 E796.12862
G1 X144.001 Y117.212 E796.14881
G1 X143.416 Y117.462 E796.16997
G1 X142.839 Y117.65 E796.19016
G1 X142.229 Y117.789 E796.21096
G1 X141.634 Y117.869 E796.23093
G1 X140.973 Y117.9 E796.25294
G1 X101.027 Y117.9 E797.58155
G1 X100.422 Y117.873 E797.60169
G1 X99.819 Y117.795 E797.62192
G1 X99.212 Y117.662 E797.64258
G1 X98.625 Y117.477 E797.66305
G1 X98.056 Y117.237 E797.68359
G1 X97.502 Y116.945 E797.70442
G1 X96.985 Y116.609 E797.72493
G1 X96.495 Y116.224 E797.74566
G1 X96.05 Y115.804 E797.76601
G1 X95.644 Y115.347 E797.78634
G1 X95.272 Y114.842 E797.8072
G1 X94.952 Y114.314 E797.82774
G1 X94.682 Y113.763 E797.84815
G1 X94.454 Y113.169 E797.86931
G1 X94.289 Y112.588 E797.8894
G1 X94.172 Y111.967 E797.91041
G1 X94.114 Y111.363 E797.9306
G1 X94.108 Y110.733 E797.95155
G1 X94.158 Y110.122 E797.97194
G1 X94.263 Y109.513 E797.99249
G1 X94.419 Y108.935 E798.01241
G1 X94.64 Y108.33 E798.03383
G1 X94.907 Y107.768 E798.05452
G1 X95.213 Y107.245 E798.07468
G1 X95.571 Y106.745 E798.09513
G1 X95.988 Y106.262 E798.11635
G1 X96.421 Y105.841 E798.13644
G1 X96.91 Y105.447 E798.15733
G1 X97.418 Y105.106 E798.17768
G1 X97.958 Y104.811 E798.19814
G1 X98.525 Y104.563 E798.21873
G1 X99.124 Y104.364 E798.23972
G1 X99.718 Y104.224 E798.26002
G1 X100.33 Y104.137 E798.28058
G1 X100.958 Y104.103 E798.3015
G1 X140.973 Y104.1 E799.6324
G1 X141.634 Y104.131 E799.65441
G1 X142.229 Y104.211 E799.67438
G0 F7200 X142.304 Y103.818
;TYPE:WALL-OUTER
G1 F3000 X142.942 Y103.963 E799.69614
G1 X143.561 Y104.165 E799.7178
G1 X144.169 Y104.425 E799.73979
G1 X144.745 Y104.734 E799.76153
G1 X145.291 Y105.094 E799.78328
G1 X145.801 Y105.502 E799.805
G1 X146.273 Y105.953 E799.82672
G1 X146.708 Y106.45 E799.84868
G1 X147.091 Y106.978 E799.87038
G1 X147.432 Y107.549 E799.8925
G1 X147.714 Y108.134 E799.9141
G1 X147.939 Y108.735 E799.93544
G1 X148.116 Y109.375 E799.95753
G1 X148.235 Y110.029 E799.97964
G1 X148.292 Y110.671 E800.00108
G1 X148.292 Y111.329 E800.02296
G1 X148.235 Y111.971 E800.0444
G1 X148.116 Y112.625 E800.06651
G1 X147.94 Y113.261 E800.08846
G1 X147.714 Y113.866 E800.10994
G1 X147.432 Y114.451 E800.13154
G1 X147.091 Y115.022 E800.15366
G1 X146.708 Y115.55 E800.17535
G1 X146.273 Y116.047 E800.19732
G1 X145.801 Y116.498 E800.21903
G1 X145.291 Y116.906 E800.24076
G1 X144.745 Y117.266 E800.26251
G1 X144.169 Y117.575 E800.28425
G1 X143.561 Y117.835 E800.30624
G1 X142.942 Y118.037 E800.3279
G1 X142.304 Y118.182 E800.34966
G1 X141.662 Y118.269 E800.37121
G1 X140.991 Y118.3 E800.39355
G1 X101.009 Y118.3 E801.72336
G1 X100.389 Y118.272 E801.744
G1 X99.75 Y118.19 E801.76543
G1 X99.115 Y118.051 E801.78705
G1 X98.482 Y117.851 E801.80913
G1 X97.883 Y117.599 E801.83074
G1 X97.306 Y117.294 E801.85245
G1 X96.747 Y116.931 E801.87462
G1 X96.239 Y116.532 E801.8961
G1 X95.764 Y116.084 E801.91782
G1 X95.331 Y115.596 E801.93952
G1 X94.94 Y115.065 E801.96145
G1 X94.601 Y114.506 E801.98319
G1 X94.312 Y113.917 E802.00501
G1 X94.074 Y113.296 E802.02713
G1 X93.9 Y112.685 E802.04826
G1 X93.776 Y112.023 E802.07066
G1 X93.714 Y111.383 E802.09205
G1 X93.708 Y110.716 E802.11424
G1 X93.76 Y110.077 E802.13556
G1 X93.872 Y109.427 E802.1575
G1 X94.04 Y108.805 E802.17893
G1 X94.27 Y108.177 E802.20117
G1 X94.552 Y107.581 E802.2231
G1 X94.875 Y107.031 E802.24431
G1 X95.261 Y106.491 E802.26639
G1 X95.694 Y105.99 E802.28842
G1 X96.151 Y105.546 E802.30961
G1 X96.675 Y105.123 E802.33201
G1 X97.212 Y104.763 E802.35351
G1 X97.784 Y104.45 E802.3752
G1 X98.381 Y104.189 E802.39687
G1 X99.006 Y103.981 E802.41878
G1 X99.649 Y103.83 E802.44074
G1 X100.287 Y103.739 E802.46218
G1 X100.956 Y103.703 E802.48446
G1 X140.991 Y103.7 E803.81603
G1 X141.662 Y103.731 E803.83837
G1 X142.304 Y103.818 E803.85992
G0 F7200 X142.499 Y103.862
G0 X142.401 Y104.291
G0 X142.283 Y104.636
;TYPE:SKIN
G1 F1500 X142.519 Y104.684 E803.86806
G1 X143.775 Y105.124 E803.91303
G1 X144.839 Y105.758 E803.95488
G1 X145.738 Y106.557 E803.99552
G1 X146.479 Y107.513 E804.0364
G1 X147.048 Y108.641 E804.07909
G1 X147.368 Y109.734 E804.11757
G1 X147.489 Y111.028 E804.16149
G1 X147.355 Y112.293 E804.20447
G1 X147.271 Y112.661 E804.21723
G1 X146.95 Y113.547 E804.24907
G0 F7200 X146.917 Y114.146
G1 F1500 X144.155 Y116.908 E804.31403
G0 F7200 X143.548 Y116.949
G1 F1500 X142.661 Y117.27 E804.34393
G1 X141.626 Y117.456 E804.37727
G1 X141.188 Y117.328 E804.39173
G0 F7200 X141.235 Y117.282
G0 X142.745 Y117.47
G1 F1500 X143.403 Y116.811 E804.40722
G0 F7200 X143.616 Y117.164
G1 F1500 X144.669 Y116.111 E804.43198
G0 F7200 X144.886 Y116.459
G1 F1500 X146.434 Y114.912 E804.46838
G0 F7200 X146.117 Y114.663
G1 F1500 X147.175 Y113.605 E804.49326
G0 F7200 X146.809 Y113.405
G1 F1500 X147.462 Y112.753 E804.50861
G0 F7200 X147.007 Y109.723
G0 X146.609 Y108.504
G0 X145.968 Y107.39
G0 X145.108 Y106.437
G0 X144.07 Y105.683
G0 X141.866 Y104.772
G0 X142.047 Y104.59
G1 F1500 X141.799 Y104.555 E804.51774
G1 X141.308 Y104.48 E804.53584
G1 X141.17 Y104.336 E804.54311
G0 F7200 X141.192 Y104.509
;MESH:NONMESH
G0 F600 X141.192 Y104.509 Z3.5
G0 F7200 X96.74 Y105.791
;TIME_ELAPSED:752.474473
;LAYER:16
;TYPE:FILL
;MESH:??????????????????6.stl
G1 F3000 X108.688 Y117.739 E805.10511
G0 F7200 X108.784 Y117.74
G1 F3000 X122.264 Y104.26 E805.73917
G0 F7200 X122.362 Y104.26
G1 F3000 X135.841 Y117.739 E806.37318
G0 F7200 X135.937 Y117.74
G1 F3000 X137.498 Y116.179 E806.4466
G1 X137.568 Y116.109
G0 F7200 X137.547 Y116.139
G0 X139.762 Y117.135
G1 F3000 X140.367 Y117.739 E806.47504
G0 F7200 X140.462 Y117.74
G1 F3000 X140.944 Y117.258 E806.49771
G0 F7200 X139.102 Y116.84
G0 X137.93 Y116.317
G0 X136.892 Y115.563
G0 X135.389 Y113.762
G1 F3000 X131.411 Y117.74 E806.68482
G0 F7200 X131.316 Y117.739
G1 F3000 X117.836 Y104.26 E807.31886
G0 F7200 X117.738 Y104.26
G1 F3000 X104.258 Y117.74 E807.95292
G0 F7200 X104.163 Y117.739
G1 F3000 X94.799 Y108.376 E808.39335
G1 X94.729 Y108.306
G0 F7200 X94.758 Y108.32
G0 X94.452 Y109.444
G1 F3000 X99.442 Y104.454 E808.62806
G0 F7200 X99.846 Y104.371
G1 F3000 X113.214 Y117.739 E809.25685
G0 F7200 X113.309 Y117.74
G1 F3000 X126.789 Y104.26 E809.89091
G0 F7200 X126.887 Y104.26
G1 F3000 X134.865 Y112.238 E810.26617
G1 X134.935 Y112.308
G0 F7200 X134.864 Y109.762
G1 F3000 X126.886 Y117.74 E810.64143
G0 F7200 X126.79 Y117.739
G1 F3000 X113.312 Y104.261 E811.27539
G0 F7200 X113.212 Y104.26
G1 F3000 X99.839 Y117.633 E811.90442
G0 F7200 X99.446 Y117.548
G1 F3000 X94.447 Y112.549 E812.13956
G1 X94.377 Y112.479
G0 F7200 X94.801 Y113.621
G1 F3000 X104.158 Y104.264 E812.57968
G0 F7200 X104.265 Y104.265
G1 F3000 X117.739 Y117.739 E813.21346
G0 F7200 X117.835 Y117.74
G1 F3000 X131.315 Y104.26 E813.84751
G0 F7200 X131.412 Y104.26
G1 F3000 X135.39 Y108.237 E814.0346
G1 X135.46 Y108.307
G0 F7200 X135.43 Y108.292
G0 X136.337 Y107.032
G0 X137.498 Y105.819
G1 F3000 X135.938 Y104.26 E814.10796
G0 F7200 X135.84 Y104.26
G1 F3000 X122.36 Y117.74 E814.74201
G0 F7200 X122.265 Y117.739
G1 F3000 X108.788 Y104.262 E815.37593
G0 F7200 X108.685 Y104.262
G1 F3000 X96.737 Y116.21 E815.93793
G1 X96.667 Y116.28
G0 F7200 X96.69 Y116.249
G0 X139.76 Y104.866
G1 F3000 X140.366 Y104.26 E815.96643
G0 F7200 X140.463 Y104.26
G1 F3000 X140.944 Y104.74 E815.98903
G0 F7200 X142.288 Y104.935
G0 X142.268 Y105.032
;TYPE:WALL-INNER
G1 F3000 X141.638 Y104.933 E816.01025
G1 X141 Y104.899 E816.0315
G1 X140.362 Y104.933 E816.05275
G1 X139.731 Y105.032 E816.07399
G1 X139.114 Y105.198 E816.09524
G1 X138.518 Y105.427 E816.11648
G1 X137.95 Y105.717 E816.13769
G1 X137.414 Y106.065 E816.15894
G1 X136.918 Y106.466 E816.18016
G1 X136.467 Y106.918 E816.20139
G1 X136.064 Y107.414 E816.22265
G1 X135.717 Y107.95 E816.24389
G1 X135.426 Y108.518 E816.26511
G1 X135.198 Y109.114 E816.28634
G1 X135.032 Y109.731 E816.30759
G1 X134.934 Y110.359 E816.32873
G1 X134.899 Y111 E816.35008
G1 X134.934 Y111.641 E816.37143
G1 X135.032 Y112.269 E816.39257
G1 X135.198 Y112.886 E816.41382
G1 X135.426 Y113.482 E816.43505
G1 X135.717 Y114.05 E816.45628
G1 X136.064 Y114.586 E816.47751
G1 X136.467 Y115.082 E816.49877
G1 X136.918 Y115.534 E816.52001
G1 X137.414 Y115.935 E816.54122
G1 X137.95 Y116.283 E816.56248
G1 X138.518 Y116.573 E816.58369
G1 X139.114 Y116.802 E816.60492
G1 X139.731 Y116.968 E816.62617
G1 X140.362 Y117.067 E816.64742
G1 X141 Y117.101 E816.66867
G1 X141.638 Y117.067 E816.68992
G1 X142.268 Y116.968 E816.71113
G1 X142.886 Y116.802 E816.73241
G1 X143.482 Y116.573 E816.75365
G1 X144.05 Y116.283 E816.77486
G1 X144.586 Y115.935 E816.79612
G1 X145.082 Y115.534 E816.81733
G1 X145.533 Y115.082 E816.83857
G1 X145.936 Y114.587 E816.8598
G1 X146.284 Y114.05 E816.88108
G1 X146.573 Y113.48 E816.90234
G1 X146.801 Y112.886 E816.9235
G1 X146.968 Y112.269 E816.94476
G1 X147.066 Y111.641 E816.9659
G1 X147.101 Y111 E816.98725
G1 X147.066 Y110.359 E817.0086
G1 X146.968 Y109.731 E817.02974
G1 X146.801 Y109.114 E817.051
G1 X146.573 Y108.52 E817.07216
G1 X146.284 Y107.95 E817.09342
G1 X145.936 Y107.413 E817.1147
G1 X145.533 Y106.918 E817.13593
G1 X145.082 Y106.466 E817.15717
G1 X144.586 Y106.065 E817.17838
G1 X144.05 Y105.717 E817.19964
G1 X143.482 Y105.427 E817.22085
G1 X142.886 Y105.198 E817.24209
G1 X142.268 Y105.032 E817.26337
G0 F7200 X142.185 Y105.424
;TYPE:WALL-OUTER
G1 F3000 X141.596 Y105.331 E817.2832
G1 X141 Y105.3 E817.30305
G1 X140.404 Y105.331 E817.3229
G1 X139.814 Y105.424 E817.34277
G1 X139.238 Y105.579 E817.36261
G1 X138.681 Y105.793 E817.38245
G1 X138.15 Y106.064 E817.40228
G1 X137.649 Y106.389 E817.42214
G1 X137.186 Y106.764 E817.44196
G1 X136.764 Y107.186 E817.46181
G1 X136.388 Y107.649 E817.48165
G1 X136.064 Y108.15 E817.50149
G1 X135.792 Y108.681 E817.52134
G1 X135.579 Y109.238 E817.54117
G1 X135.424 Y109.814 E817.56101
G1 X135.332 Y110.401 E817.58077
G1 X135.3 Y111 E817.60072
G1 X135.332 Y111.599 E817.62067
G1 X135.424 Y112.186 E817.64044
G1 X135.579 Y112.762 E817.66028
G1 X135.792 Y113.319 E817.68011
G1 X136.064 Y113.85 E817.69995
G1 X136.388 Y114.351 E817.7198
G1 X136.764 Y114.814 E817.73963
G1 X137.186 Y115.236 E817.75948
G1 X137.649 Y115.611 E817.7793
G1 X138.15 Y115.936 E817.79916
G1 X138.681 Y116.207 E817.81899
G1 X139.238 Y116.421 E817.83884
G1 X139.814 Y116.576 E817.85868
G1 X140.404 Y116.669 E817.87854
G1 X141 Y116.7 E817.89839
G1 X141.596 Y116.669 E817.91824
G1 X142.185 Y116.576 E817.93808
G1 X142.762 Y116.421 E817.95795
G1 X143.319 Y116.207 E817.97779
G1 X143.85 Y115.936 E817.99762
G1 X144.351 Y115.611 E818.01748
G1 X144.814 Y115.236 E818.0373
G1 X145.236 Y114.814 E818.05715
G1 X145.612 Y114.351 E818.07699
G1 X145.937 Y113.85 E818.09685
G1 X146.207 Y113.318 E818.11669
G1 X146.42 Y112.762 E818.1365
G1 X146.576 Y112.186 E818.15634
G1 X146.668 Y111.599 E818.17611
G1 X146.7 Y111 E818.19606
G1 X146.668 Y110.401 E818.21601
G1 X146.576 Y109.814 E818.23577
G1 X146.42 Y109.238 E818.25562
G1 X146.207 Y108.682 E818.27542
G1 X145.937 Y108.15 E818.29526
G1 X145.612 Y107.649 E818.31513
G1 X145.236 Y107.186 E818.33497
G1 X144.814 Y106.764 E818.35481
G1 X144.351 Y106.389 E818.37463
G1 X143.85 Y106.064 E818.39449
G1 X143.319 Y105.793 E818.41432
G1 X142.762 Y105.579 E818.43417
G1 X142.185 Y105.424 E818.45404
G0 F7200 X141.988 Y105.393
G0 X142.057 Y104.959
G0 X142.229 Y104.211
;TYPE:WALL-INNER
G1 F3000 X142.839 Y104.35 E818.47485
G1 X143.416 Y104.538 E818.49503
G1 X144.001 Y104.788 E818.51619
G1 X144.536 Y105.075 E818.53638
G1 X145.057 Y105.419 E818.55715
G1 X145.539 Y105.805 E818.57769
G1 X145.983 Y106.229 E818.59811
G1 X146.391 Y106.695 E818.61871
G1 X146.761 Y107.205 E818.63966
G1 X147.078 Y107.736 E818.66023
G1 X147.344 Y108.287 E818.68058
G1 X147.557 Y108.856 E818.70079
G1 X147.725 Y109.465 E818.7218
G1 X147.84 Y110.093 E818.74304
G1 X147.892 Y110.683 E818.76274
G1 X147.892 Y111.317 E818.78382
G1 X147.84 Y111.907 E818.80352
G1 X147.725 Y112.535 E818.82476
G1 X147.558 Y113.14 E818.84563
G1 X147.344 Y113.713 E818.86598
G1 X147.078 Y114.264 E818.88633
G1 X146.761 Y114.795 E818.9069
G1 X146.391 Y115.305 E818.92785
G1 X145.983 Y115.771 E818.94845
G1 X145.539 Y116.195 E818.96887
G1 X145.057 Y116.581 E818.98941
G1 X144.536 Y116.925 E819.01018
G1 X144.001 Y117.212 E819.03037
G1 X143.416 Y117.462 E819.05153
G1 X142.839 Y117.65 E819.07171
G1 X142.229 Y117.789 E819.09252
G1 X141.634 Y117.869 E819.11249
G1 X140.973 Y117.9 E819.1345
G1 X101.027 Y117.9 E820.46311
G1 X100.48 Y117.875 E820.48132
G1 X99.863 Y117.801 E820.50199
G1 X99.26 Y117.673 E820.52249
G1 X98.674 Y117.492 E820.54289
G1 X98.092 Y117.252 E820.56383
G1 X97.55 Y116.971 E820.58413
G1 X97.028 Y116.638 E820.60473
G1 X96.538 Y116.257 E820.62537
G1 X96.089 Y115.84 E820.64575
G1 X95.674 Y115.378 E820.66641
G1 X95.297 Y114.877 E820.68726
G1 X94.977 Y114.358 E820.70754
G1 X94.699 Y113.8 E820.72828
G1 X94.476 Y113.231 E820.7486
G1 X94.299 Y112.625 E820.7696
G1 X94.183 Y112.033 E820.78967
G1 X94.119 Y111.408 E820.81056
G1 X94.108 Y110.78 E820.83145
G1 X94.152 Y110.18 E820.85146
G1 X94.255 Y109.565 E820.8722
G1 X94.414 Y108.955 E820.89317
G1 X94.623 Y108.376 E820.91364
G1 X94.88 Y107.821 E820.93399
G1 X95.191 Y107.283 E820.95465
G1 X95.539 Y106.789 E820.97475
G1 X95.953 Y106.301 E820.99604
G1 X96.381 Y105.879 E821.01603
G1 X96.877 Y105.473 E821.03735
G1 X97.369 Y105.138 E821.05714
G1 X97.918 Y104.833 E821.07803
G1 X98.486 Y104.579 E821.09873
G1 X99.069 Y104.38 E821.11922
G1 X99.66 Y104.238 E821.13943
G1 X100.287 Y104.143 E821.16052
G1 X100.91 Y104.106 E821.18128
G1 X116.272 Y104.1 E821.69222
G1 X140.973 Y104.1 E822.51378
G1 X141.634 Y104.131 E822.53579
G1 X142.229 Y104.211 E822.55576
G0 F7200 X142.304 Y103.818
;TYPE:WALL-OUTER
G1 F3000 X142.942 Y103.963 E822.57752
G1 X143.561 Y104.165 E822.59918
G1 X144.169 Y104.425 E822.62117
G1 X144.745 Y104.734 E822.64291
G1 X145.291 Y105.094 E822.66466
G1 X145.801 Y105.502 E822.68639
G1 X146.273 Y105.953 E822.7081
G1 X146.708 Y106.45 E822.73007
G1 X147.091 Y106.978 E822.75176
G1 X147.432 Y107.549 E822.77388
G1 X147.714 Y108.134 E822.79548
G1 X147.939 Y108.735 E822.81683
G1 X148.116 Y109.375 E822.83891
G1 X148.235 Y110.029 E822.86102
G1 X148.292 Y110.671 E822.88246
G1 X148.292 Y111.329 E822.90434
G1 X148.235 Y111.971 E822.92578
G1 X148.116 Y112.625 E822.94789
G1 X147.94 Y113.261 E822.96984
G1 X147.714 Y113.866 E822.99132
G1 X147.432 Y114.451 E823.01292
G1 X147.091 Y115.022 E823.03504
G1 X146.708 Y115.55 E823.05673
G1 X146.273 Y116.047 E823.0787
G1 X145.801 Y116.498 E823.10042
G1 X145.291 Y116.906 E823.12214
G1 X144.745 Y117.266 E823.14389
G1 X144.169 Y117.575 E823.16563
G1 X143.561 Y117.835 E823.18762
G1 X142.942 Y118.037 E823.20928
G1 X142.304 Y118.182 E823.23104
G1 X141.662 Y118.269 E823.25259
G1 X140.991 Y118.3 E823.27493
G1 X101.009 Y118.3 E824.60474
G1 X100.454 Y118.275 E824.62322
G1 X99.799 Y118.196 E824.64516
G1 X99.158 Y118.06 E824.66695
G1 X98.537 Y117.868 E824.68857
G1 X97.925 Y117.616 E824.71059
G1 X97.351 Y117.318 E824.7321
G1 X96.797 Y116.964 E824.75396
G1 X96.279 Y116.563 E824.77575
G1 X95.807 Y116.124 E824.79719
G1 X95.36 Y115.627 E824.81942
G1 X94.969 Y115.106 E824.84109
G1 X94.626 Y114.551 E824.86279
G1 X94.334 Y113.964 E824.8846
G1 X94.096 Y113.356 E824.90631
G1 X93.912 Y112.726 E824.92814
G1 X93.786 Y112.086 E824.94984
G1 X93.719 Y111.432 E824.9717
G1 X93.708 Y110.769 E824.99376
G1 X93.755 Y110.128 E825.01513
G1 X93.862 Y109.487 E825.03675
G1 X94.031 Y108.838 E825.05905
G1 X94.253 Y108.222 E825.08083
G1 X94.523 Y107.64 E825.10217
G1 X94.855 Y107.066 E825.12423
G1 X95.225 Y106.541 E825.14559
G1 X95.66 Y106.028 E825.16796
G1 X96.113 Y105.582 E825.1891
G1 X96.631 Y105.158 E825.21137
G1 X97.166 Y104.793 E825.23291
G1 X97.735 Y104.477 E825.25456
G1 X98.346 Y104.204 E825.27681
G1 X98.956 Y103.996 E825.29825
G1 X99.585 Y103.844 E825.31977
G1 X100.238 Y103.746 E825.34174
G1 X100.903 Y103.706 E825.36389
G1 X116.272 Y103.7 E825.87507
G1 X140.991 Y103.7 E826.69723
G1 X141.662 Y103.731 E826.71957
G1 X142.304 Y103.818 E826.74111
G0 F7200 X142.499 Y103.862
G0 X142.401 Y104.291
G0 X142.618 Y104.717
;TYPE:SKIN
G1 F1500 X142.253 Y104.635 E826.75396
G1 X141.317 Y104.547 E826.78624
G1 X141.171 Y104.685 E826.79314
G0 F7200 X141.142 Y104.656
G0 X142.705 Y104.521
G1 F1500 X143.351 Y105.167 E826.80834
G0 F7200 X143.562 Y104.813
G1 F1500 X144.577 Y105.827 E826.8322
G0 F7200 X144.793 Y105.478
G1 F1500 X146.521 Y107.205 E826.87282
G0 F7200 X146.176 Y107.427
G1 F1500 X147.194 Y108.445 E826.89677
G0 F7200 X147.151 Y108.967
G1 F1500 X147.28 Y109.379 E826.91212
G1 X147.462 Y110.41 E826.94937
G1 X147.467 Y111.546 E826.98979
G1 X147.252 Y112.745 E827.03312
G1 X146.776 Y113.966 E827.07974
G1 X146.114 Y115.002 E827.12348
G1 X145.292 Y115.876 E827.16617
G1 X144.31 Y116.592 E827.2094
G1 X143.151 Y117.13 E827.25486
G1 X142.02 Y117.412 E827.29633
G1 X141.291 Y117.532 E827.32261
G1 X141.152 Y117.676 E827.32973
G0 F7200 X141.171 Y117.695
G0 X144.07 Y116.317
G0 X145.108 Y115.563
G0 X145.968 Y114.61
G0 X146.609 Y113.496
G0 X147.007 Y112.277
G0 X147.364 Y108.897
G1 F1500 X146.589 Y108.122 E827.34796
G0 F7200 X146.947 Y107.915
G1 F1500 X144.088 Y105.056 E827.4152
G0 F7200 X143.875 Y105.409
G1 F1500 X143.111 Y104.644 E827.43318
G0 F7200 X143.05 Y104.833
;MESH:NONMESH
G0 F600 X143.05 Y104.833 Z3.7
G0 F7200 X96.742 Y105.793
;TIME_ELAPSED:768.773929
;LAYER:17
;TYPE:FILL
;MESH:??????????????????6.stl
G1 F3000 X108.687 Y117.738 E827.99504
G0 F7200 X108.784 Y117.739
G1 F3000 X122.264 Y104.26 E828.62907
G0 F7200 X122.362 Y104.26
G1 F3000 X135.841 Y117.739 E829.26308
G0 F7200 X135.937 Y117.74
G1 F3000 X137.498 Y116.179 E829.33651
G1 X137.568 Y116.109
G0 F7200 X137.547 Y116.139
G0 X139.762 Y117.135
G1 F3000 X140.367 Y117.739 E829.36494
G0 F7200 X140.462 Y117.74
G1 F3000 X140.944 Y117.258 E829.38761
G0 F7200 X139.102 Y116.84
G0 X137.93 Y116.317
G0 X136.892 Y115.563
G0 X135.389 Y113.762
G1 F3000 X131.411 Y117.74 E829.57473
G0 F7200 X131.316 Y117.739
G1 F3000 X117.836 Y104.26 E830.20876
G0 F7200 X117.738 Y104.26
G1 F3000 X104.259 Y117.739 E830.84277
G0 F7200 X104.162 Y117.738
G1 F3000 X94.801 Y108.378 E831.28306
G1 X94.731 Y108.308
G0 F7200 X94.761 Y108.322
G0 X94.454 Y109.442
G1 F3000 X99.441 Y104.455 E831.51763
G0 F7200 X99.847 Y104.372
G1 F3000 X113.213 Y117.738 E832.14633
G0 F7200 X113.31 Y117.739
G1 F3000 X126.789 Y104.26 E832.78034
G0 F7200 X126.887 Y104.26
G1 F3000 X134.865 Y112.238 E833.1556
G1 X134.935 Y112.308
G0 F7200 X134.864 Y109.762
G1 F3000 X126.886 Y117.74 E833.53086
G0 F7200 X126.79 Y117.739
G1 F3000 X113.312 Y104.261 E834.16482
G0 F7200 X113.212 Y104.26
G1 F3000 X99.842 Y117.63 E834.79371
G0 F7200 X99.446 Y117.548
G1 F3000 X94.45 Y112.552 E835.0287
G1 X94.38 Y112.482
G0 F7200 X94.804 Y113.617
G1 F3000 X104.157 Y104.265 E835.46862
G0 F7200 X104.265 Y104.265
G1 F3000 X117.738 Y117.738 E836.10235
G0 F7200 X117.835 Y117.739
G1 F3000 X131.315 Y104.26 E836.73638
G0 F7200 X131.412 Y104.26
G1 F3000 X135.39 Y108.237 E836.92347
G1 X135.46 Y108.307
G0 F7200 X135.43 Y108.292
G0 X136.337 Y107.032
G0 X137.498 Y105.819
G1 F3000 X135.938 Y104.26 E836.99682
G0 F7200 X135.84 Y104.26
G1 F3000 X122.36 Y117.74 E837.63088
G0 F7200 X122.265 Y117.739
G1 F3000 X108.789 Y104.263 E838.26475
G0 F7200 X108.685 Y104.262
G1 F3000 X96.738 Y116.209 E838.8267
G1 X96.668 Y116.279
G0 F7200 X96.69 Y116.25
G0 X139.76 Y104.866
G1 F3000 X140.366 Y104.26 E838.85521
G0 F7200 X140.463 Y104.26
G1 F3000 X140.944 Y104.74 E838.87781
G0 F7200 X142.288 Y104.935
G0 X142.268 Y105.032
;TYPE:WALL-INNER
G1 F3000 X141.638 Y104.933 E838.89902
G1 X141 Y104.899 E838.92027
G1 X140.362 Y104.933 E838.94152
G1 X139.731 Y105.032 E838.96276
G1 X139.114 Y105.198 E838.98401
G1 X138.518 Y105.427 E839.00525
G1 X137.95 Y105.717 E839.02646
G1 X137.414 Y106.065 E839.04772
G1 X136.918 Y106.466 E839.06893
G1 X136.467 Y106.918 E839.09017
G1 X136.064 Y107.414 E839.11142
G1 X135.717 Y107.95 E839.13266
G1 X135.426 Y108.518 E839.15389
G1 X135.198 Y109.114 E839.17511
G1 X135.032 Y109.731 E839.19636
G1 X134.934 Y110.359 E839.2175
G1 X134.899 Y111 E839.23885
G1 X134.934 Y111.641 E839.26021
G1 X135.032 Y112.269 E839.28135
G1 X135.198 Y112.886 E839.3026
G1 X135.426 Y113.482 E839.32382
G1 X135.717 Y114.05 E839.34505
G1 X136.064 Y114.586 E839.36629
G1 X136.467 Y115.082 E839.38754
G1 X136.918 Y115.534 E839.40878
G1 X137.414 Y115.935 E839.42999
G1 X137.95 Y116.283 E839.45125
G1 X138.518 Y116.573 E839.47246
G1 X139.114 Y116.802 E839.4937
G1 X139.731 Y116.968 E839.51495
G1 X140.362 Y117.067 E839.53619
G1 X141 Y117.101 E839.55744
G1 X141.638 Y117.067 E839.57869
G1 X142.268 Y116.968 E839.5999
G1 X142.886 Y116.802 E839.62119
G1 X143.482 Y116.573 E839.64242
G1 X144.05 Y116.283 E839.66363
G1 X144.586 Y115.935 E839.68489
G1 X145.082 Y115.534 E839.7061
G1 X145.533 Y115.082 E839.72734
G1 X145.936 Y114.587 E839.74857
G1 X146.284 Y114.05 E839.76985
G1 X146.573 Y113.48 E839.79111
G1 X146.801 Y112.886 E839.81227
G1 X146.968 Y112.269 E839.83353
G1 X147.066 Y111.641 E839.85467
G1 X147.101 Y111 E839.87602
G1 X147.066 Y110.359 E839.89737
G1 X146.968 Y109.731 E839.91851
G1 X146.801 Y109.114 E839.93977
G1 X146.573 Y108.52 E839.96094
G1 X146.284 Y107.95 E839.98219
G1 X145.936 Y107.413 E840.00347
G1 X145.533 Y106.918 E840.0247
G1 X145.082 Y106.466 E840.04594
G1 X144.586 Y106.065 E840.06716
G1 X144.05 Y105.717 E840.08841
G1 X143.482 Y105.427 E840.10962
G1 X142.886 Y105.198 E840.13086
G1 X142.268 Y105.032 E840.15214
G0 F7200 X142.185 Y105.424
;TYPE:WALL-OUTER
G1 F3000 X141.596 Y105.331 E840.17198
G1 X141 Y105.3 E840.19183
G1 X140.404 Y105.331 E840.21167
G1 X139.814 Y105.424 E840.23154
G1 X139.238 Y105.579 E840.25138
G1 X138.681 Y105.793 E840.27123
G1 X138.15 Y106.064 E840.29105
G1 X137.649 Y106.389 E840.31092
G1 X137.186 Y106.764 E840.33073
G1 X136.764 Y107.186 E840.35058
G1 X136.388 Y107.649 E840.37042
G1 X136.064 Y108.15 E840.39027
G1 X135.792 Y108.681 E840.41011
G1 X135.579 Y109.238 E840.42994
G1 X135.424 Y109.814 E840.44978
G1 X135.332 Y110.401 E840.46954
G1 X135.3 Y111 E840.4895
G1 X135.332 Y111.599 E840.50945
G1 X135.424 Y112.186 E840.52921
G1 X135.579 Y112.762 E840.54905
G1 X135.792 Y113.319 E840.56888
G1 X136.064 Y113.85 E840.58873
G1 X136.388 Y114.351 E840.60857
G1 X136.764 Y114.814 E840.62841
G1 X137.186 Y115.236 E840.64826
G1 X137.649 Y115.611 E840.66807
G1 X138.15 Y115.936 E840.68794
G1 X138.681 Y116.207 E840.70776
G1 X139.238 Y116.421 E840.72761
G1 X139.814 Y116.576 E840.74745
G1 X140.404 Y116.669 E840.76732
G1 X141 Y116.7 E840.78717
G1 X141.596 Y116.669 E840.80702
G1 X142.185 Y116.576 E840.82685
G1 X142.762 Y116.421 E840.84672
G1 X143.319 Y116.207 E840.86657
G1 X143.85 Y115.936 E840.88639
G1 X144.351 Y115.611 E840.90626
G1 X144.814 Y115.236 E840.92607
G1 X145.236 Y114.814 E840.94592
G1 X145.612 Y114.351 E840.96576
G1 X145.937 Y113.85 E840.98562
G1 X146.207 Y113.318 E841.00547
G1 X146.42 Y112.762 E841.02527
G1 X146.576 Y112.186 E841.04512
G1 X146.668 Y111.599 E841.06488
G1 X146.7 Y111 E841.08483
G1 X146.668 Y110.401 E841.10478
G1 X146.576 Y109.814 E841.12454
G1 X146.42 Y109.238 E841.14439
G1 X146.207 Y108.682 E841.1642
G1 X145.937 Y108.15 E841.18404
G1 X145.612 Y107.649 E841.2039
G1 X145.236 Y107.186 E841.22374
G1 X144.814 Y106.764 E841.24359
G1 X144.351 Y106.389 E841.2634
G1 X143.85 Y106.064 E841.28327
G1 X143.319 Y105.793 E841.3031
G1 X142.762 Y105.579 E841.32294
G1 X142.185 Y105.424 E841.34281
G0 F7200 X141.988 Y105.393
G0 X142.057 Y104.959
G0 X142.229 Y104.211
;TYPE:WALL-INNER
G1 F3000 X142.839 Y104.35 E841.36362
G1 X143.416 Y104.538 E841.38381
G1 X144.001 Y104.788 E841.40497
G1 X144.536 Y105.075 E841.42516
G1 X145.057 Y105.419 E841.44592
G1 X145.539 Y105.805 E841.46646
G1 X145.983 Y106.229 E841.48688
G1 X146.391 Y106.695 E841.50748
G1 X146.761 Y107.205 E841.52844
G1 X147.078 Y107.736 E841.54901
G1 X147.344 Y108.287 E841.56936
G1 X147.557 Y108.856 E841.58956
G1 X147.725 Y109.465 E841.61058
G1 X147.84 Y110.093 E841.63181
G1 X147.892 Y110.683 E841.65151
G1 X147.892 Y111.317 E841.6726
G1 X147.84 Y111.907 E841.6923
G1 X147.725 Y112.535 E841.71353
G1 X147.558 Y113.14 E841.73441
G1 X147.344 Y113.713 E841.75475
G1 X147.078 Y114.264 E841.7751
G1 X146.761 Y114.795 E841.79567
G1 X146.391 Y115.305 E841.81663
G1 X145.983 Y115.771 E841.83723
G1 X145.539 Y116.195 E841.85765
G1 X145.057 Y116.581 E841.87818
G1 X144.536 Y116.925 E841.89895
G1 X144.001 Y117.212 E841.91914
G1 X143.416 Y117.462 E841.9403
G1 X142.839 Y117.65 E841.96049
G1 X142.229 Y117.789 E841.98129
G1 X141.634 Y117.869 E842.00126
G1 X140.973 Y117.9 E842.02327
G1 X101.027 Y117.9 E843.35188
G1 X100.536 Y117.878 E843.36823
G1 X99.909 Y117.808 E843.38921
G1 X99.303 Y117.683 E843.40979
G1 X98.721 Y117.508 E843.43001
G1 X98.144 Y117.274 E843.45071
G1 X97.595 Y116.995 E843.4712
G1 X97.071 Y116.666 E843.49178
G1 X96.57 Y116.283 E843.51275
G1 X96.128 Y115.877 E843.53271
G1 X95.702 Y115.412 E843.55369
G1 X95.325 Y114.915 E843.57443
G1 X95.006 Y114.406 E843.59441
G1 X94.722 Y113.844 E843.61536
G1 X94.494 Y113.276 E843.63571
G1 X94.312 Y112.671 E843.65673
G1 X94.193 Y112.081 E843.67675
G1 X94.122 Y111.453 E843.69777
G1 X94.108 Y110.846 E843.71796
G1 X94.15 Y110.224 E843.7387
G1 X94.247 Y109.61 E843.75937
G1 X94.399 Y109.01 E843.77996
G1 X94.603 Y108.43 E843.80041
G1 X94.857 Y107.871 E843.82083
G1 X95.175 Y107.312 E843.84222
G1 X95.513 Y106.826 E843.86191
G1 X95.917 Y106.343 E843.88285
G1 X96.349 Y105.911 E843.90317
G1 X96.83 Y105.511 E843.92398
G1 X97.339 Y105.158 E843.94458
G1 X97.873 Y104.857 E843.96497
G1 X98.429 Y104.605 E843.98527
G1 X99.03 Y104.394 E844.00646
G1 X99.616 Y104.248 E844.02654
G1 X100.232 Y104.151 E844.04729
G1 X100.863 Y104.108 E844.06832
G1 X114.817 Y104.1 E844.53243
G1 X140.973 Y104.1 E845.40238
G1 X141.634 Y104.131 E845.42439
G1 X142.229 Y104.211 E845.44436
G0 F7200 X142.304 Y103.818
;TYPE:WALL-OUTER
G1 F3000 X142.942 Y103.963 E845.46612
G1 X143.561 Y104.165 E845.48778
G1 X144.169 Y104.425 E845.50977
G1 X144.745 Y104.734 E845.53151
G1 X145.291 Y105.094 E845.55327
G1 X145.801 Y105.502 E845.57499
G1 X146.273 Y105.953 E845.5967
G1 X146.708 Y106.45 E845.61867
G1 X147.091 Y106.978 E845.64036
G1 X147.432 Y107.549 E845.66248
G1 X147.714 Y108.134 E845.68408
G1 X147.939 Y108.735 E845.70543
G1 X148.116 Y109.375 E845.72751
G1 X148.235 Y110.029 E845.74962
G1 X148.292 Y110.671 E845.77106
G1 X148.292 Y111.329 E845.79295
G1 X148.235 Y111.971 E845.81438
G1 X148.116 Y112.625 E845.83649
G1 X147.94 Y113.261 E845.85844
G1 X147.714 Y113.866 E845.87992
G1 X147.432 Y114.451 E845.90152
G1 X147.091 Y115.022 E845.92364
G1 X146.708 Y115.55 E845.94534
G1 X146.273 Y116.047 E845.9673
G1 X145.801 Y116.498 E845.98902
G1 X145.291 Y116.906 E846.01074
G1 X144.745 Y117.266 E846.03249
G1 X144.169 Y117.575 E846.05423
G1 X143.561 Y117.835 E846.07623
G1 X142.942 Y118.037 E846.09788
G1 X142.304 Y118.182 E846.11964
G1 X141.662 Y118.269 E846.14119
G1 X140.991 Y118.3 E846.16353
G1 X101.009 Y118.3 E847.49334
G1 X100.504 Y118.277 E847.51015
G1 X99.85 Y118.204 E847.53204
G1 X99.207 Y118.072 E847.55387
G1 X98.585 Y117.885 E847.57548
G1 X97.981 Y117.64 E847.59715
G1 X97.392 Y117.34 E847.61914
G1 X96.844 Y116.996 E847.64066
G1 X96.319 Y116.595 E847.66263
G1 X95.845 Y116.16 E847.68403
G1 X95.391 Y115.664 E847.70639
G1 X94.999 Y115.148 E847.72795
G1 X94.655 Y114.599 E847.7495
G1 X94.359 Y114.014 E847.7713
G1 X94.116 Y113.407 E847.79305
G1 X93.924 Y112.769 E847.81521
G1 X93.796 Y112.137 E847.83666
G1 X93.723 Y111.484 E847.85851
G1 X93.708 Y110.839 E847.87997
G1 X93.752 Y110.178 E847.902
G1 X93.855 Y109.527 E847.92392
G1 X94.014 Y108.899 E847.94547
G1 X94.233 Y108.277 E847.9674
G1 X94.502 Y107.686 E847.989
G1 X94.831 Y107.107 E848.01115
G1 X95.201 Y106.575 E848.0327
G1 X95.62 Y106.074 E848.05443
G1 X96.075 Y105.619 E848.07583
G1 X96.593 Y105.188 E848.09824
G1 X97.123 Y104.821 E848.11968
G1 X97.689 Y104.501 E848.14131
G1 X98.288 Y104.23 E848.16317
G1 X98.911 Y104.012 E848.18513
G1 X99.537 Y103.856 E848.20658
G1 X100.186 Y103.753 E848.22844
G1 X100.851 Y103.708 E848.25061
G1 X114.817 Y103.7 E848.71512
G1 X140.991 Y103.7 E849.58567
G1 X141.662 Y103.731 E849.60801
G1 X142.304 Y103.818 E849.62956
G0 F7200 X142.499 Y103.862
G0 X142.401 Y104.291
G0 X142.283 Y104.636
;TYPE:SKIN
G1 F1500 X142.519 Y104.684 E849.6377
G1 X143.775 Y105.124 E849.68266
G1 X144.839 Y105.758 E849.72451
G1 X145.738 Y106.557 E849.76515
G1 X146.479 Y107.513 E849.80601
G1 X147.048 Y108.641 E849.8487
G1 X147.368 Y109.734 E849.88718
G1 X147.489 Y111.028 E849.93109
G1 X147.355 Y112.293 E849.97407
G1 X147.271 Y112.661 E849.98682
G1 X146.95 Y113.547 E850.01866
G0 F7200 X146.917 Y114.146
G1 F1500 X144.155 Y116.908 E850.08362
G0 F7200 X143.548 Y116.949
G1 F1500 X142.661 Y117.27 E850.11352
G1 X141.626 Y117.456 E850.14686
G1 X141.188 Y117.328 E850.16132
G0 F7200 X141.235 Y117.282
G0 X142.745 Y117.47
G1 F1500 X143.403 Y116.811 E850.17681
G0 F7200 X143.616 Y117.164
G1 F1500 X144.669 Y116.111 E850.20157
G0 F7200 X144.886 Y116.459
G1 F1500 X146.434 Y114.912 E850.23797
G0 F7200 X146.117 Y114.663
G1 F1500 X147.175 Y113.605 E850.26285
G0 F7200 X146.809 Y113.405
G1 F1500 X147.462 Y112.753 E850.2782
G0 F7200 X147.007 Y109.723
G0 X146.609 Y108.504
G0 X145.968 Y107.39
G0 X145.108 Y106.437
G0 X144.07 Y105.683
G0 X141.866 Y104.772
G0 X142.047 Y104.59
G1 F1500 X141.799 Y104.555 E850.28734
G1 X141.307 Y104.482 E850.30551
G1 X141.168 Y104.338 E850.31282
G0 F7200 X141.191 Y104.509
;MESH:NONMESH
G0 F600 X141.191 Y104.509 Z3.9
G0 F7200 X96.737 Y105.788
;TIME_ELAPSED:785.041649
;LAYER:18
;TYPE:FILL
;MESH:??????????????????6.stl
G1 F3000 X108.687 Y117.738 E850.87491
G0 F7200 X108.784 Y117.739
G1 F3000 X122.265 Y104.259 E851.50899
G0 F7200 X122.362 Y104.26
G1 F3000 X135.841 Y117.739 E852.143
G0 F7200 X135.937 Y117.74
G1 F3000 X137.498 Y116.179 E852.21642
G1 X137.568 Y116.109
G0 F7200 X137.547 Y116.139
G0 X139.762 Y117.135
G1 F3000 X140.367 Y117.739 E852.24486
G0 F7200 X140.462 Y117.74
G1 F3000 X140.944 Y117.258 E852.26753
G0 F7200 X139.102 Y116.84
G0 X137.93 Y116.317
G0 X136.892 Y115.563
G0 X135.389 Y113.762
G1 F3000 X131.411 Y117.74 E852.45464
G0 F7200 X131.316 Y117.739
G1 F3000 X117.836 Y104.26 E853.08868
G0 F7200 X117.739 Y104.259
G1 F3000 X104.259 Y117.739 E853.72273
G0 F7200 X104.162 Y117.738
G1 F3000 X94.794 Y108.37 E854.16338
G1 X94.724 Y108.3
G0 F7200 X94.754 Y108.315
G0 X94.442 Y109.454
G1 F3000 X99.45 Y104.446 E854.39894
G0 F7200 X99.837 Y104.363
G1 F3000 X113.213 Y117.738 E855.02808
G0 F7200 X113.31 Y117.739
G1 F3000 X126.79 Y104.259 E855.66214
G0 F7200 X126.887 Y104.26
G1 F3000 X134.865 Y112.238 E856.0374
G1 X134.935 Y112.308
G0 F7200 X134.864 Y109.762
G1 F3000 X126.886 Y117.74 E856.41266
G0 F7200 X126.79 Y117.739
G1 F3000 X113.311 Y104.26 E857.04667
G0 F7200 X113.214 Y104.259
G1 F3000 X99.837 Y117.636 E857.67588
G0 F7200 X99.448 Y117.55
G1 F3000 X94.444 Y112.546 E857.91126
G1 X94.374 Y112.476
G0 F7200 X94.795 Y113.627
G1 F3000 X104.163 Y104.259 E858.3519
G0 F7200 X104.26 Y104.26
G1 F3000 X117.738 Y117.738 E858.98586
G0 F7200 X117.835 Y117.739
G1 F3000 X131.316 Y104.259 E859.61994
G0 F7200 X131.412 Y104.26
G1 F3000 X135.39 Y108.237 E859.80703
G1 X135.46 Y108.307
G0 F7200 X135.43 Y108.292
G0 X136.337 Y107.032
G0 X137.498 Y105.819
G1 F3000 X135.938 Y104.26 E859.88039
G0 F7200 X135.841 Y104.259
G1 F3000 X122.36 Y117.74 E860.51449
G0 F7200 X122.265 Y117.739
G1 F3000 X108.785 Y104.26 E861.14853
G0 F7200 X108.688 Y104.259
G1 F3000 X96.737 Y116.21 E861.71066
G1 X96.667 Y116.28
G0 F7200 X96.69 Y116.251
G0 X139.76 Y104.866
G1 F3000 X140.367 Y104.259 E861.73922
G0 F7200 X140.463 Y104.26
G1 F3000 X140.944 Y104.74 E861.76182
G0 F7200 X142.288 Y104.935
G0 X142.268 Y105.032
;TYPE:WALL-INNER
G1 F3000 X141.638 Y104.933 E861.78303
G1 X141 Y104.899 E861.80428
G1 X140.362 Y104.933 E861.82553
G1 X139.731 Y105.032 E861.84677
G1 X139.114 Y105.198 E861.86802
G1 X138.518 Y105.427 E861.88926
G1 X137.95 Y105.717 E861.91047
G1 X137.414 Y106.065 E861.93173
G1 X136.918 Y106.466 E861.95294
G1 X136.467 Y106.918 E861.97418
G1 X136.064 Y107.414 E861.99543
G1 X135.717 Y107.95 E862.01667
G1 X135.426 Y108.518 E862.0379
G1 X135.198 Y109.114 E862.05912
G1 X135.032 Y109.731 E862.08037
G1 X134.934 Y110.359 E862.10151
G1 X134.899 Y111 E862.12286
G1 X134.934 Y111.641 E862.14422
G1 X135.032 Y112.269 E862.16536
G1 X135.198 Y112.886 E862.18661
G1 X135.426 Y113.482 E862.20783
G1 X135.717 Y114.05 E862.22906
G1 X136.064 Y114.586 E862.25029
G1 X136.467 Y115.082 E862.27155
G1 X136.918 Y115.534 E862.29279
G1 X137.414 Y115.935 E862.314
G1 X137.95 Y116.283 E862.33526
G1 X138.518 Y116.573 E862.35647
G1 X139.114 Y116.802 E862.3777
G1 X139.731 Y116.968 E862.39896
G1 X140.362 Y117.067 E862.4202
G1 X141 Y117.101 E862.44145
G1 X141.638 Y117.067 E862.4627
G1 X142.268 Y116.968 E862.48391
G1 X142.886 Y116.802 E862.50519
G1 X143.482 Y116.573 E862.52643
G1 X144.05 Y116.283 E862.54764
G1 X144.586 Y115.935 E862.5689
G1 X145.082 Y115.534 E862.59011
G1 X145.533 Y115.082 E862.61135
G1 X145.936 Y114.587 E862.63258
G1 X146.284 Y114.05 E862.65386
G1 X146.573 Y113.48 E862.67512
G1 X146.801 Y112.886 E862.69628
G1 X146.968 Y112.269 E862.71754
G1 X147.066 Y111.641 E862.73868
G1 X147.101 Y111 E862.76003
G1 X147.066 Y110.359 E862.78138
G1 X146.968 Y109.731 E862.80252
G1 X146.801 Y109.114 E862.82378
G1 X146.573 Y108.52 E862.84494
G1 X146.284 Y107.95 E862.8662
G1 X145.936 Y107.413 E862.88748
G1 X145.533 Y106.918 E862.90871
G1 X145.082 Y106.466 E862.92995
G1 X144.586 Y106.065 E862.95117
G1 X144.05 Y105.717 E862.97242
G1 X143.482 Y105.427 E862.99363
G1 X142.886 Y105.198 E863.01487
G1 X142.268 Y105.032 E863.03615
G0 F7200 X142.185 Y105.424
;TYPE:WALL-OUTER
G1 F3000 X141.596 Y105.331 E863.05598
G1 X141 Y105.3 E863.07583
G1 X140.404 Y105.331 E863.09568
G1 X139.814 Y105.424 E863.11555
G1 X139.238 Y105.579 E863.13539
G1 X138.681 Y105.793 E863.15524
G1 X138.15 Y106.064 E863.17506
G1 X137.649 Y106.389 E863.19493
G1 X137.186 Y106.764 E863.21474
G1 X136.764 Y107.186 E863.23459
G1 X136.388 Y107.649 E863.25443
G1 X136.064 Y108.15 E863.27427
G1 X135.792 Y108.681 E863.29412
G1 X135.579 Y109.238 E863.31395
G1 X135.424 Y109.814 E863.33379
G1 X135.332 Y110.401 E863.35355
G1 X135.3 Y111 E863.3735
G1 X135.332 Y111.599 E863.39346
G1 X135.424 Y112.186 E863.41322
G1 X135.579 Y112.762 E863.43306
G1 X135.792 Y113.319 E863.45289
G1 X136.064 Y113.85 E863.47273
G1 X136.388 Y114.351 E863.49258
G1 X136.764 Y114.814 E863.51242
G1 X137.186 Y115.236 E863.53227
G1 X137.649 Y115.611 E863.55208
G1 X138.15 Y115.936 E863.57195
G1 X138.681 Y116.207 E863.59177
G1 X139.238 Y116.421 E863.61162
G1 X139.814 Y116.576 E863.63146
G1 X140.404 Y116.669 E863.65133
G1 X141 Y116.7 E863.67118
G1 X141.596 Y116.669 E863.69102
G1 X142.185 Y116.576 E863.71086
G1 X142.762 Y116.421 E863.73073
G1 X143.319 Y116.207 E863.75058
G1 X143.85 Y115.936 E863.7704
G1 X144.351 Y115.611 E863.79027
G1 X144.814 Y115.236 E863.81008
G1 X145.236 Y114.814 E863.82993
G1 X145.612 Y114.351 E863.84977
G1 X145.937 Y113.85 E863.86963
G1 X146.207 Y113.318 E863.88948
G1 X146.42 Y112.762 E863.90928
G1 X146.576 Y112.186 E863.92913
G1 X146.668 Y111.599 E863.94889
G1 X146.7 Y111 E863.96884
G1 X146.668 Y110.401 E863.98879
G1 X146.576 Y109.814 E864.00855
G1 X146.42 Y109.238 E864.0284
G1 X146.207 Y108.682 E864.0482
G1 X145.937 Y108.15 E864.06805
G1 X145.612 Y107.649 E864.08791
G1 X145.236 Y107.186 E864.10775
G1 X144.814 Y106.764 E864.1276
G1 X144.351 Y106.389 E864.14741
G1 X143.85 Y106.064 E864.16728
G1 X143.319 Y105.793 E864.1871
G1 X142.762 Y105.579 E864.20695
G1 X142.185 Y105.424 E864.22682
G0 F7200 X141.988 Y105.393
G0 X142.057 Y104.959
G0 X142.229 Y104.211
;TYPE:WALL-INNER
G1 F3000 X142.839 Y104.35 E864.24763
G1 X143.416 Y104.538 E864.26781
G1 X144.001 Y104.788 E864.28897
G1 X144.536 Y105.075 E864.30917
G1 X145.057 Y105.419 E864.32993
G1 X145.539 Y105.805 E864.35047
G1 X145.983 Y106.229 E864.37089
G1 X146.391 Y106.695 E864.39149
G1 X146.761 Y107.205 E864.41245
G1 X147.078 Y107.736 E864.43302
G1 X147.344 Y108.287 E864.45337
G1 X147.557 Y108.856 E864.47357
G1 X147.725 Y109.465 E864.49459
G1 X147.84 Y110.093 E864.51582
G1 X147.892 Y110.683 E864.53552
G1 X147.892 Y111.317 E864.55661
G1 X147.84 Y111.907 E864.57631
G1 X147.725 Y112.535 E864.59754
G1 X147.558 Y113.14 E864.61842
G1 X147.344 Y113.713 E864.63876
G1 X147.078 Y114.264 E864.65911
G1 X146.761 Y114.795 E864.67968
G1 X146.391 Y115.305 E864.70064
G1 X145.983 Y115.771 E864.72124
G1 X145.539 Y116.195 E864.74165
G1 X145.057 Y116.581 E864.76219
G1 X144.536 Y116.925 E864.78296
G1 X144.001 Y117.212 E864.80315
G1 X143.416 Y117.462 E864.82431
G1 X142.839 Y117.65 E864.84449
G1 X142.229 Y117.789 E864.8653
G1 X141.634 Y117.869 E864.88527
G1 X140.973 Y117.9 E864.90728
G1 X101.027 Y117.9 E866.23589
G1 X100.367 Y117.869 E866.25787
G1 X99.772 Y117.789 E866.27783
G1 X99.168 Y117.652 E866.29843
G1 X98.571 Y117.458 E866.31931
G1 X98.004 Y117.215 E866.33983
G1 X97.464 Y116.925 E866.36022
G1 X96.95 Y116.586 E866.38069
G1 X96.454 Y116.19 E866.4018
G1 X96.017 Y115.772 E866.42192
G1 X95.609 Y115.305 E866.44254
G1 X95.239 Y114.795 E866.4635
G1 X94.923 Y114.267 E866.48397
G1 X94.652 Y113.703 E866.50478
G1 X94.442 Y113.142 E866.5247
G1 X94.275 Y112.537 E866.54558
G1 X94.161 Y111.908 E866.56684
G1 X94.108 Y111.317 E866.58657
G1 X94.108 Y110.683 E866.60766
G1 X94.161 Y110.092 E866.6274
G1 X94.278 Y109.447 E866.6492
G1 X94.44 Y108.861 E866.66942
G1 X94.652 Y108.297 E866.68946
G1 X94.923 Y107.733 E866.71027
G1 X95.239 Y107.205 E866.73074
G1 X95.609 Y106.695 E866.75169
G1 X96.017 Y106.228 E866.77232
G1 X96.454 Y105.81 E866.79243
G1 X96.95 Y105.414 E866.81354
G1 X97.464 Y105.075 E866.83402
G1 X97.995 Y104.79 E866.85407
G1 X98.583 Y104.538 E866.87534
G1 X99.168 Y104.348 E866.8958
G1 X99.772 Y104.211 E866.9164
G1 X100.367 Y104.131 E866.93637
G1 X101.027 Y104.1 E866.95834
G1 X140.973 Y104.1 E868.28695
G1 X141.634 Y104.131 E868.30896
G1 X142.229 Y104.211 E868.32893
G0 F7200 X142.304 Y103.818
;TYPE:WALL-OUTER
G1 F3000 X142.942 Y103.963 E868.35069
G1 X143.561 Y104.165 E868.37235
G1 X144.169 Y104.425 E868.39434
G1 X144.745 Y104.734 E868.41608
G1 X145.291 Y105.094 E868.43783
G1 X145.801 Y105.502 E868.45956
G1 X146.273 Y105.953 E868.48127
G1 X146.708 Y106.45 E868.50324
G1 X147.091 Y106.978 E868.52493
G1 X147.432 Y107.549 E868.54705
G1 X147.714 Y108.134 E868.56865
G1 X147.939 Y108.735 E868.59
G1 X148.116 Y109.375 E868.61208
G1 X148.235 Y110.029 E868.63419
G1 X148.292 Y110.671 E868.65563
G1 X148.292 Y111.329 E868.67752
G1 X148.235 Y111.971 E868.69895
G1 X148.116 Y112.625 E868.72106
G1 X147.94 Y113.261 E868.74301
G1 X147.714 Y113.866 E868.76449
G1 X147.432 Y114.451 E868.78609
G1 X147.091 Y115.022 E868.80821
G1 X146.708 Y115.55 E868.82991
G1 X146.273 Y116.047 E868.85187
G1 X145.801 Y116.498 E868.87359
G1 X145.291 Y116.906 E868.89531
G1 X144.745 Y117.266 E868.91706
G1 X144.169 Y117.575 E868.9388
G1 X143.561 Y117.835 E868.9608
G1 X142.942 Y118.037 E868.98245
G1 X142.304 Y118.182 E869.00421
G1 X141.662 Y118.269 E869.02576
G1 X140.991 Y118.3 E869.0481
G1 X101.009 Y118.3 E870.37791
G1 X100.339 Y118.269 E870.40022
G1 X99.697 Y118.182 E870.42177
G1 X99.058 Y118.037 E870.44356
G1 X98.438 Y117.836 E870.46524
G1 X97.831 Y117.575 E870.48721
G1 X97.255 Y117.266 E870.50895
G1 X96.709 Y116.906 E870.53071
G1 X96.199 Y116.499 E870.55241
G1 X95.727 Y116.048 E870.57412
G1 X95.292 Y115.55 E870.59611
G1 X94.909 Y115.022 E870.61781
G1 X94.567 Y114.45 E870.63997
G1 X94.287 Y113.867 E870.66149
G1 X94.059 Y113.26 E870.68305
G1 X93.884 Y112.626 E870.70493
G1 X93.765 Y111.97 E870.7271
G1 X93.708 Y111.33 E870.74847
G1 X93.708 Y110.67 E870.77042
G1 X93.765 Y110.03 E870.7918
G1 X93.885 Y109.368 E870.81417
G1 X94.06 Y108.736 E870.83598
G1 X94.287 Y108.133 E870.85741
G1 X94.567 Y107.55 E870.87892
G1 X94.909 Y106.978 E870.90109
G1 X95.292 Y106.45 E870.92279
G1 X95.727 Y105.952 E870.94478
G1 X96.199 Y105.501 E870.96649
G1 X96.709 Y105.094 E870.98819
G1 X97.255 Y104.734 E871.00995
G1 X97.831 Y104.425 E871.03169
G1 X98.441 Y104.163 E871.05377
G1 X99.058 Y103.963 E871.07534
G1 X99.697 Y103.818 E871.09713
G1 X100.339 Y103.731 E871.11868
G1 X101.009 Y103.7 E871.14099
G1 X140.991 Y103.7 E872.4708
G1 X141.662 Y103.731 E872.49314
G1 X142.304 Y103.818 E872.51469
G0 F7200 X142.499 Y103.862
G0 X142.401 Y104.291
G0 X142.618 Y104.717
;TYPE:SKIN
G1 F1500 X142.253 Y104.635 E872.52753
G1 X141.317 Y104.547 E872.55982
G1 X141.171 Y104.685 E872.56671
G0 F7200 X141.142 Y104.656
G0 X142.705 Y104.521
G1 F1500 X143.351 Y105.167 E872.58191
G0 F7200 X143.562 Y104.813
G1 F1500 X144.577 Y105.827 E872.60577
G0 F7200 X144.793 Y105.478
G1 F1500 X146.521 Y107.205 E872.64639
G0 F7200 X146.176 Y107.427
G1 F1500 X147.194 Y108.445 E872.67034
G0 F7200 X147.151 Y108.967
G1 F1500 X147.28 Y109.379 E872.6857
G1 X147.462 Y110.41 E872.72294
G1 X147.467 Y111.546 E872.76336
G1 X147.251 Y112.744 E872.80666
G1 X146.776 Y113.966 E872.85331
G1 X146.114 Y115.002 E872.89705
G1 X145.292 Y115.876 E872.93973
G1 X144.31 Y116.592 E872.98297
G1 X143.151 Y117.13 E873.02842
G1 X142.02 Y117.412 E873.06989
G1 X141.291 Y117.532 E873.09618
G1 X141.152 Y117.676 E873.1033
G0 F7200 X141.171 Y117.695
G0 X144.07 Y116.317
G0 X145.108 Y115.563
G0 X145.968 Y114.61
G0 X146.609 Y113.496
G0 X147.007 Y112.277
G0 X147.363 Y108.896
G1 F1500 X146.589 Y108.122 E873.1215
G0 F7200 X146.947 Y107.915
G1 F1500 X144.088 Y105.056 E873.18874
G0 F7200 X143.875 Y105.409
G1 F1500 X143.111 Y104.644 E873.20672
G0 F7200 X143.05 Y104.833
;MESH:NONMESH
G0 F600 X143.05 Y104.833 Z4.1
G0 F7200 X96.737 Y105.788
;TIME_ELAPSED:801.342686
;LAYER:19
;TYPE:FILL
;MESH:??????????????????6.stl
G1 F3000 X108.687 Y117.738 E873.76881
G0 F7200 X108.784 Y117.739
G1 F3000 X122.265 Y104.259 E874.40289
G0 F7200 X122.362 Y104.26
G1 F3000 X135.841 Y117.739 E875.0369
G0 F7200 X135.937 Y117.74
G1 F3000 X137.498 Y116.179 E875.11033
G1 X137.568 Y116.109
G0 F7200 X137.547 Y116.139
G0 X139.762 Y117.135
G1 F3000 X140.367 Y117.739 E875.13876
G0 F7200 X140.462 Y117.74
G1 F3000 X140.944 Y117.258 E875.16143
G0 F7200 X139.102 Y116.84
G0 X137.93 Y116.317
G0 X136.892 Y115.563
G0 X135.389 Y113.762
G1 F3000 X131.411 Y117.74 E875.34855
G0 F7200 X131.316 Y117.739
G1 F3000 X117.836 Y104.26 E875.98258
G0 F7200 X117.739 Y104.259
G1 F3000 X104.259 Y117.739 E876.61664
G0 F7200 X104.162 Y117.738
G1 F3000 X94.794 Y108.37 E877.05728
G1 X94.724 Y108.3
G0 F7200 X94.754 Y108.315
G0 X94.442 Y109.454
G1 F3000 X99.45 Y104.446 E877.29284
G0 F7200 X99.837 Y104.363
G1 F3000 X113.213 Y117.738 E877.92198
G0 F7200 X113.31 Y117.739
G1 F3000 X126.79 Y104.259 E878.55604
G0 F7200 X126.887 Y104.26
G1 F3000 X134.865 Y112.238 E878.9313
G1 X134.935 Y112.308
G0 F7200 X134.864 Y109.762
G1 F3000 X126.886 Y117.74 E879.30656
G0 F7200 X126.79 Y117.739
G1 F3000 X113.311 Y104.26 E879.94057
G0 F7200 X113.214 Y104.259
G1 F3000 X99.837 Y117.636 E880.56979
G0 F7200 X99.448 Y117.55
G1 F3000 X94.444 Y112.546 E880.80516
G1 X94.374 Y112.476
G0 F7200 X94.795 Y113.627
G1 F3000 X104.163 Y104.259 E881.2458
G0 F7200 X104.26 Y104.26
G1 F3000 X117.738 Y117.738 E881.87977
G0 F7200 X117.835 Y117.739
G1 F3000 X131.316 Y104.259 E882.51385
G0 F7200 X131.412 Y104.26
G1 F3000 X135.39 Y108.237 E882.70094
G1 X135.46 Y108.307
G0 F7200 X135.43 Y108.292
G0 X136.337 Y107.032
G0 X137.498 Y105.819
G1 F3000 X135.938 Y104.26 E882.77429
G0 F7200 X135.841 Y104.259
G1 F3000 X122.36 Y117.74 E883.4084
G0 F7200 X122.265 Y117.739
G1 F3000 X108.785 Y104.26 E884.04243
G0 F7200 X108.688 Y104.259
G1 F3000 X96.737 Y116.21 E884.60457
G1 X96.667 Y116.28
G0 F7200 X96.69 Y116.251
G0 X139.76 Y104.866
G1 F3000 X140.367 Y104.259 E884.63312
G0 F7200 X140.463 Y104.26
G1 F3000 X140.944 Y104.74 E884.65572
G0 F7200 X142.288 Y104.935
G0 X142.268 Y105.032
;TYPE:WALL-INNER
G1 F3000 X141.638 Y104.933 E884.67693
G1 X141 Y104.899 E884.69818
G1 X140.362 Y104.933 E884.71943
G1 X139.731 Y105.032 E884.74068
G1 X139.114 Y105.198 E884.76193
G1 X138.518 Y105.427 E884.78316
G1 X137.95 Y105.717 E884.80438
G1 X137.414 Y106.065 E884.82563
G1 X136.918 Y106.466 E884.84684
G1 X136.467 Y106.918 E884.86808
G1 X136.064 Y107.414 E884.88934
G1 X135.717 Y107.95 E884.91057
G1 X135.426 Y108.518 E884.9318
G1 X135.198 Y109.114 E884.95303
G1 X135.032 Y109.731 E884.97428
G1 X134.934 Y110.359 E884.99542
G1 X134.899 Y111 E885.01677
G1 X134.934 Y111.641 E885.03812
G1 X135.032 Y112.269 E885.05926
G1 X135.198 Y112.886 E885.08051
G1 X135.426 Y113.482 E885.10174
G1 X135.717 Y114.05 E885.12296
G1 X136.064 Y114.586 E885.1442
G1 X136.467 Y115.082 E885.16546
G1 X136.918 Y115.534 E885.18669
G1 X137.414 Y115.935 E885.20791
G1 X137.95 Y116.283 E885.22916
G1 X138.518 Y116.573 E885.25037
G1 X139.114 Y116.802 E885.27161
G1 X139.731 Y116.968 E885.29286
G1 X140.362 Y117.067 E885.3141
G1 X141 Y117.101 E885.33535
G1 X141.638 Y117.067 E885.3566
G1 X142.268 Y116.968 E885.37782
G1 X142.886 Y116.802 E885.3991
G1 X143.482 Y116.573 E885.42033
G1 X144.05 Y116.283 E885.44155
G1 X144.586 Y115.935 E885.4628
G1 X145.082 Y115.534 E885.48402
G1 X145.533 Y115.082 E885.50525
G1 X145.936 Y114.587 E885.52648
G1 X146.284 Y114.05 E885.54777
G1 X146.573 Y113.48 E885.56902
G1 X146.801 Y112.886 E885.59018
G1 X146.968 Y112.269 E885.61144
G1 X147.066 Y111.641 E885.63258
G1 X147.101 Y111 E885.65394
G1 X147.066 Y110.359 E885.67529
G1 X146.968 Y109.731 E885.69643
G1 X146.801 Y109.114 E885.71769
G1 X146.573 Y108.52 E885.73885
G1 X146.284 Y107.95 E885.76011
G1 X145.936 Y107.413 E885.78139
G1 X145.533 Y106.918 E885.80262
G1 X145.082 Y106.466 E885.82386
G1 X144.586 Y106.065 E885.84507
G1 X144.05 Y105.717 E885.86632
G1 X143.482 Y105.427 E885.88754
G1 X142.886 Y105.198 E885.90877
G1 X142.268 Y105.032 E885.93006
G0 F7200 X142.185 Y105.424
;TYPE:WALL-OUTER
G1 F3000 X141.596 Y105.331 E885.94989
G1 X141 Y105.3 E885.96974
G1 X140.404 Y105.331 E885.98959
G1 X139.814 Y105.424 E886.00945
G1 X139.238 Y105.579 E886.02929
G1 X138.681 Y105.793 E886.04914
G1 X138.15 Y106.064 E886.06897
G1 X137.649 Y106.389 E886.08883
G1 X137.186 Y106.764 E886.10865
G1 X136.764 Y107.186 E886.1285
G1 X136.388 Y107.649 E886.14833
G1 X136.064 Y108.15 E886.16818
G1 X135.792 Y108.681 E886.18802
G1 X135.579 Y109.238 E886.20786
G1 X135.424 Y109.814 E886.2277
G1 X135.332 Y110.401 E886.24746
G1 X135.3 Y111 E886.26741
G1 X135.332 Y111.599 E886.28736
G1 X135.424 Y112.186 E886.30712
G1 X135.579 Y112.762 E886.32696
G1 X135.792 Y113.319 E886.3468
G1 X136.064 Y113.85 E886.36664
G1 X136.388 Y114.351 E886.38648
G1 X136.764 Y114.814 E886.40632
G1 X137.186 Y115.236 E886.42617
G1 X137.649 Y115.611 E886.44599
G1 X138.15 Y115.936 E886.46585
G1 X138.681 Y116.207 E886.48568
G1 X139.238 Y116.421 E886.50552
G1 X139.814 Y116.576 E886.52536
G1 X140.404 Y116.669 E886.54523
G1 X141 Y116.7 E886.56508
G1 X141.596 Y116.669 E886.58493
G1 X142.185 Y116.576 E886.60476
G1 X142.762 Y116.421 E886.62463
G1 X143.319 Y116.207 E886.64448
G1 X143.85 Y115.936 E886.66431
G1 X144.351 Y115.611 E886.68417
G1 X144.814 Y115.236 E886.70399
G1 X145.236 Y114.814 E886.72384
G1 X145.612 Y114.351 E886.74367
G1 X145.937 Y113.85 E886.76354
G1 X146.207 Y113.318 E886.78338
G1 X146.42 Y112.762 E886.80318
G1 X146.576 Y112.186 E886.82303
G1 X146.668 Y111.599 E886.84279
G1 X146.7 Y111 E886.86274
G1 X146.668 Y110.401 E886.8827
G1 X146.576 Y109.814 E886.90246
G1 X146.42 Y109.238 E886.92231
G1 X146.207 Y108.682 E886.94211
G1 X145.937 Y108.15 E886.96195
G1 X145.612 Y107.649 E886.98181
G1 X145.236 Y107.186 E887.00165
G1 X144.814 Y106.764 E887.0215
G1 X144.351 Y106.389 E887.04132
G1 X143.85 Y106.064 E887.06118
G1 X143.319 Y105.793 E887.08101
G1 X142.762 Y105.579 E887.10085
G1 X142.185 Y105.424 E887.12073
G0 F7200 X141.988 Y105.393
G0 X142.057 Y104.959
G0 X142.229 Y104.211
;TYPE:WALL-INNER
G1 F3000 X142.839 Y104.35 E887.14154
G1 X143.416 Y104.538 E887.16172
G1 X144.001 Y104.788 E887.18288
G1 X144.536 Y105.075 E887.20307
G1 X145.057 Y105.419 E887.22384
G1 X145.539 Y105.805 E887.24437
G1 X145.983 Y106.229 E887.26479
G1 X146.391 Y106.695 E887.28539
G1 X146.761 Y107.205 E887.30635
G1 X147.078 Y107.736 E887.32692
G1 X147.344 Y108.287 E887.34727
G1 X147.557 Y108.856 E887.36748
G1 X147.725 Y109.465 E887.38849
G1 X147.84 Y110.093 E887.40972
G1 X147.892 Y110.683 E887.42942
G1 X147.892 Y111.317 E887.45051
G1 X147.84 Y111.907 E887.47021
G1 X147.725 Y112.535 E887.49145
G1 X147.558 Y113.14 E887.51232
G1 X147.344 Y113.713 E887.53266
G1 X147.078 Y114.264 E887.55301
G1 X146.761 Y114.795 E887.57358
G1 X146.391 Y115.305 E887.59454
G1 X145.983 Y115.771 E887.61514
G1 X145.539 Y116.195 E887.63556
G1 X145.057 Y116.581 E887.6561
G1 X144.536 Y116.925 E887.67686
G1 X144.001 Y117.212 E887.69706
G1 X143.416 Y117.462 E887.71822
G1 X142.839 Y117.65 E887.7384
G1 X142.229 Y117.789 E887.75921
G1 X141.634 Y117.869 E887.77918
G1 X140.973 Y117.9 E887.80118
G1 X101.027 Y117.9 E889.12979
G1 X100.367 Y117.869 E889.15177
G1 X99.772 Y117.789 E889.17174
G1 X99.168 Y117.652 E889.19234
G1 X98.571 Y117.458 E889.21322
G1 X98.004 Y117.215 E889.23373
G1 X97.464 Y116.925 E889.25412
G1 X96.95 Y116.586 E889.2746
G1 X96.454 Y116.19 E889.29571
G1 X96.017 Y115.772 E889.31582
G1 X95.609 Y115.305 E889.33645
G1 X95.239 Y114.795 E889.3574
G1 X94.923 Y114.267 E889.37787
G1 X94.652 Y113.703 E889.39868
G1 X94.442 Y113.142 E889.41861
G1 X94.275 Y112.537 E889.43948
G1 X94.161 Y111.908 E889.46074
G1 X94.108 Y111.317 E889.48048
G1 X94.108 Y110.683 E889.50156
G1 X94.161 Y110.092 E889.5213
G1 X94.278 Y109.447 E889.5431
G1 X94.44 Y108.861 E889.56332
G1 X94.652 Y108.297 E889.58336
G1 X94.923 Y107.733 E889.60418
G1 X95.239 Y107.205 E889.62464
G1 X95.609 Y106.695 E889.6456
G1 X96.017 Y106.228 E889.66622
G1 X96.454 Y105.81 E889.68634
G1 X96.95 Y105.414 E889.70745
G1 X97.464 Y105.075 E889.72793
G1 X97.995 Y104.79 E889.74797
G1 X98.583 Y104.538 E889.76925
G1 X99.168 Y104.348 E889.78971
G1 X99.772 Y104.211 E889.81031
G1 X100.367 Y104.131 E889.83027
G1 X101.027 Y104.1 E889.85225
G1 X140.973 Y104.1 E891.18086
G1 X141.634 Y104.131 E891.20287
G1 X142.229 Y104.211 E891.22284
G0 F7200 X142.304 Y103.818
;TYPE:WALL-OUTER
G1 F3000 X142.942 Y103.963 E891.2446
G1 X143.561 Y104.165 E891.26625
G1 X144.169 Y104.425 E891.28825
G1 X144.745 Y104.734 E891.30999
G1 X145.291 Y105.094 E891.33174
G1 X145.801 Y105.502 E891.35346
G1 X146.273 Y105.953 E891.37518
G1 X146.708 Y106.45 E891.39714
G1 X147.091 Y106.978 E891.41884
G1 X147.432 Y107.549 E891.44096
G1 X147.714 Y108.134 E891.46256
G1 X147.939 Y108.735 E891.4839
G1 X148.116 Y109.375 E891.50599
G1 X148.235 Y110.029 E891.5281
G1 X148.292 Y110.671 E891.54953
G1 X148.292 Y111.329 E891.57142
G1 X148.235 Y111.971 E891.59286
G1 X148.116 Y112.625 E891.61497
G1 X147.94 Y113.261 E891.63691
G1 X147.714 Y113.866 E891.65839
G1 X147.432 Y114.451 E891.67999
G1 X147.091 Y115.022 E891.70211
G1 X146.708 Y115.55 E891.72381
G1 X146.273 Y116.047 E891.74578
G1 X145.801 Y116.498 E891.76749
G1 X145.291 Y116.906 E891.78921
G1 X144.745 Y117.266 E891.81097
G1 X144.169 Y117.575 E891.83271
G1 X143.561 Y117.835 E891.8547
G1 X142.942 Y118.037 E891.87636
G1 X142.304 Y118.182 E891.89812
G1 X141.662 Y118.269 E891.91967
G1 X140.991 Y118.3 E891.94201
G1 X101.009 Y118.3 E893.27181
G1 X100.339 Y118.269 E893.29412
G1 X99.697 Y118.182 E893.31567
G1 X99.058 Y118.037 E893.33746
G1 X98.438 Y117.836 E893.35914
G1 X97.831 Y117.575 E893.38112
G1 X97.255 Y117.266 E893.40286
G1 X96.709 Y116.906 E893.42461
G1 X96.199 Y116.499 E893.44631
G1 X95.727 Y116.048 E893.46803
G1 X95.292 Y115.55 E893.49002
G1 X94.909 Y115.022 E893.51171
G1 X94.567 Y114.45 E893.53388
G1 X94.287 Y113.867 E893.55539
G1 X94.059 Y113.26 E893.57696
G1 X93.884 Y112.626 E893.59883
G1 X93.765 Y111.97 E893.62101
G1 X93.708 Y111.33 E893.64238
G1 X93.708 Y110.67 E893.66433
G1 X93.765 Y110.03 E893.6857
G1 X93.885 Y109.368 E893.70808
G1 X94.06 Y108.736 E893.72989
G1 X94.287 Y108.133 E893.75132
G1 X94.567 Y107.55 E893.77283
G1 X94.909 Y106.978 E893.795
G1 X95.292 Y106.45 E893.81669
G1 X95.727 Y105.952 E893.83868
G1 X96.199 Y105.501 E893.8604
G1 X96.709 Y105.094 E893.8821
G1 X97.255 Y104.734 E893.90385
G1 X97.831 Y104.425 E893.92559
G1 X98.441 Y104.163 E893.94767
G1 X99.058 Y103.963 E893.96924
G1 X99.697 Y103.818 E893.99104
G1 X100.339 Y103.731 E894.01259
G1 X101.009 Y103.7 E894.03489
G1 X140.991 Y103.7 E895.3647
G1 X141.662 Y103.731 E895.38704
G1 X142.304 Y103.818 E895.40859
G0 F7200 X142.499 Y103.862
G0 X142.401 Y104.291
G0 X142.283 Y104.636
;TYPE:SKIN
G1 F1500 X142.519 Y104.684 E895.41673
G1 X143.775 Y105.124 E895.46168
G1 X144.839 Y105.758 E895.50353
G1 X145.738 Y106.557 E895.54416
G1 X146.479 Y107.513 E895.58502
G1 X147.048 Y108.641 E895.6277
G1 X147.368 Y109.734 E895.66617
G1 X147.489 Y111.028 E895.71008
G1 X147.355 Y112.293 E895.75305
G1 X147.27 Y112.661 E895.76581
G1 X146.95 Y113.547 E895.79763
G0 F7200 X146.917 Y114.146
G1 F1500 X144.155 Y116.908 E895.86259
G0 F7200 X143.548 Y116.949
G1 F1500 X142.661 Y117.27 E895.8925
G1 X141.626 Y117.456 E895.92583
G1 X141.188 Y117.328 E895.9403
G0 F7200 X141.235 Y117.282
G0 X142.745 Y117.47
G1 F1500 X143.403 Y116.811 E895.95578
G0 F7200 X143.616 Y117.164
G1 F1500 X144.669 Y116.111 E895.98055
G0 F7200 X144.886 Y116.459
G1 F1500 X146.434 Y114.912 E896.01694
G0 F7200 X146.117 Y114.663
G1 F1500 X147.175 Y113.605 E896.04183
G0 F7200 X146.809 Y113.405
G1 F1500 X147.461 Y112.753 E896.05716
G0 F7200 X147.007 Y109.723
G0 X146.609 Y108.504
G0 X145.968 Y107.39
G0 X145.108 Y106.437
G0 X144.07 Y105.683
G0 X141.866 Y104.772
G0 X142.047 Y104.59
G1 F1500 X141.799 Y104.555 E896.06631
G1 X141.307 Y104.482 E896.08447
G1 X141.168 Y104.338 E896.09178
G0 F7200 X141.191 Y104.509
;MESH:NONMESH
G0 F600 X141.191 Y104.509 Z4.3
G0 F7200 X96.737 Y105.788
;TIME_ELAPSED:817.612637
;LAYER:20
;TYPE:FILL
;MESH:??????????????????6.stl
G1 F3000 X108.687 Y117.738 E896.65387
G0 F7200 X108.784 Y117.739
G1 F3000 X122.265 Y104.259 E897.28795
G0 F7200 X122.362 Y104.26
G1 F3000 X135.841 Y117.739 E897.92196
G0 F7200 X135.937 Y117.74
G1 F3000 X137.498 Y116.179 E897.99539
G1 X137.568 Y116.109
G0 F7200 X137.547 Y116.139
G0 X139.762 Y117.135
G1 F3000 X140.367 Y117.739 E898.02382
G0 F7200 X140.462 Y117.74
G1 F3000 X140.944 Y117.258 E898.04649
G0 F7200 X139.102 Y116.84
G0 X137.93 Y116.317
G0 X136.892 Y115.563
G0 X135.389 Y113.762
G1 F3000 X131.411 Y117.74 E898.23361
G0 F7200 X131.316 Y117.739
G1 F3000 X117.836 Y104.26 E898.86764
G0 F7200 X117.739 Y104.259
G1 F3000 X104.259 Y117.739 E899.5017
G0 F7200 X104.162 Y117.738
G1 F3000 X94.794 Y108.37 E899.94234
G1 X94.724 Y108.3
G0 F7200 X94.754 Y108.315
G0 X94.442 Y109.454
G1 F3000 X99.45 Y104.446 E900.1779
G0 F7200 X99.837 Y104.363
G1 F3000 X113.213 Y117.738 E900.80704
G0 F7200 X113.31 Y117.739
G1 F3000 X126.79 Y104.259 E901.4411
G0 F7200 X126.887 Y104.26
G1 F3000 X134.865 Y112.238 E901.81636
G1 X134.935 Y112.308
G0 F7200 X134.864 Y109.762
G1 F3000 X126.886 Y117.74 E902.19162
G0 F7200 X126.79 Y117.739
G1 F3000 X113.311 Y104.26 E902.82563
G0 F7200 X113.214 Y104.259
G1 F3000 X99.837 Y117.636 E903.45485
G0 F7200 X99.448 Y117.55
G1 F3000 X94.444 Y112.546 E903.69022
G1 X94.374 Y112.476
G0 F7200 X94.795 Y113.627
G1 F3000 X104.163 Y104.259 E904.13086
G0 F7200 X104.26 Y104.26
G1 F3000 X117.738 Y117.738 E904.76483
G0 F7200 X117.835 Y117.739
G1 F3000 X131.316 Y104.259 E905.39891
G0 F7200 X131.412 Y104.26
G1 F3000 X135.39 Y108.237 E905.586
G1 X135.46 Y108.307
G0 F7200 X135.43 Y108.292
G0 X136.337 Y107.032
G0 X137.498 Y105.819
G1 F3000 X135.938 Y104.26 E905.65935
G0 F7200 X135.841 Y104.259
G1 F3000 X122.36 Y117.74 E906.29346
G0 F7200 X122.265 Y117.739
G1 F3000 X108.785 Y104.26 E906.92749
G0 F7200 X108.688 Y104.259
G1 F3000 X96.737 Y116.21 E907.48963
G1 X96.667 Y116.28
G0 F7200 X96.69 Y116.251
G0 X139.76 Y104.866
G1 F3000 X140.367 Y104.259 E907.51818
G0 F7200 X140.463 Y104.26
G1 F3000 X140.944 Y104.74 E907.54078
G0 F7200 X142.288 Y104.935
G0 X142.268 Y105.032
;TYPE:WALL-INNER
G1 F3000 X141.638 Y104.933 E907.56199
G1 X141 Y104.899 E907.58324
G1 X140.362 Y104.933 E907.60449
G1 X139.731 Y105.032 E907.62574
G1 X139.114 Y105.198 E907.64699
G1 X138.518 Y105.427 E907.66822
G1 X137.95 Y105.717 E907.68943
G1 X137.414 Y106.065 E907.71069
G1 X136.918 Y106.466 E907.7319
G1 X136.467 Y106.918 E907.75314
G1 X136.064 Y107.414 E907.7744
G1 X135.717 Y107.95 E907.79563
G1 X135.426 Y108.518 E907.81686
G1 X135.198 Y109.114 E907.83809
G1 X135.032 Y109.731 E907.85934
G1 X134.934 Y110.359 E907.88048
G1 X134.899 Y111 E907.90183
G1 X134.934 Y111.641 E907.92318
G1 X135.032 Y112.269 E907.94432
G1 X135.198 Y112.886 E907.96557
G1 X135.426 Y113.482 E907.9868
G1 X135.717 Y114.05 E908.00802
G1 X136.064 Y114.586 E908.02926
G1 X136.467 Y115.082 E908.05052
G1 X136.918 Y115.534 E908.07175
G1 X137.414 Y115.935 E908.09297
G1 X137.95 Y116.283 E908.11422
G1 X138.518 Y116.573 E908.13543
G1 X139.114 Y116.802 E908.15667
G1 X139.731 Y116.968 E908.17792
G1 X140.362 Y117.067 E908.19916
G1 X141 Y117.101 E908.22041
G1 X141.638 Y117.067 E908.24166
G1 X142.268 Y116.968 E908.26288
G1 X142.886 Y116.802 E908.28416
G1 X143.482 Y116.573 E908.30539
G1 X144.05 Y116.283 E908.32661
G1 X144.586 Y115.935 E908.34786
G1 X145.082 Y115.534 E908.36908
G1 X145.533 Y115.082 E908.39031
G1 X145.936 Y114.587 E908.41154
G1 X146.284 Y114.05 E908.43283
G1 X146.573 Y113.48 E908.45408
G1 X146.801 Y112.886 E908.47524
G1 X146.968 Y112.269 E908.4965
G1 X147.066 Y111.641 E908.51764
G1 X147.101 Y111 E908.539
G1 X147.066 Y110.359 E908.56035
G1 X146.968 Y109.731 E908.58149
G1 X146.801 Y109.114 E908.60275
G1 X146.573 Y108.52 E908.62391
G1 X146.284 Y107.95 E908.64516
G1 X145.936 Y107.413 E908.66645
G1 X145.533 Y106.918 E908.68768
G1 X145.082 Y106.466 E908.70892
G1 X144.586 Y106.065 E908.73013
G1 X144.05 Y105.717 E908.75138
G1 X143.482 Y105.427 E908.7726
G1 X142.886 Y105.198 E908.79383
G1 X142.268 Y105.032 E908.81512
G0 F7200 X142.185 Y105.424
;TYPE:WALL-OUTER
G1 F3000 X141.596 Y105.331 E908.83495
G1 X141 Y105.3 E908.8548
G1 X140.404 Y105.331 E908.87465
G1 X139.814 Y105.424 E908.89451
G1 X139.238 Y105.579 E908.91435
G1 X138.681 Y105.793 E908.9342
G1 X138.15 Y106.064 E908.95403
G1 X137.649 Y106.389 E908.97389
G1 X137.186 Y106.764 E908.99371
G1 X136.764 Y107.186 E909.01356
G1 X136.388 Y107.649 E909.03339
G1 X136.064 Y108.15 E909.05324
G1 X135.792 Y108.681 E909.07308
G1 X135.579 Y109.238 E909.09292
G1 X135.424 Y109.814 E909.11276
G1 X135.332 Y110.401 E909.13252
G1 X135.3 Y111 E909.15247
G1 X135.332 Y111.599 E909.17242
G1 X135.424 Y112.186 E909.19218
G1 X135.579 Y112.762 E909.21202
G1 X135.792 Y113.319 E909.23186
G1 X136.064 Y113.85 E909.2517
G1 X136.388 Y114.351 E909.27154
G1 X136.764 Y114.814 E909.29138
G1 X137.186 Y115.236 E909.31123
G1 X137.649 Y115.611 E909.33105
G1 X138.15 Y115.936 E909.35091
G1 X138.681 Y116.207 E909.37074
G1 X139.238 Y116.421 E909.39058
G1 X139.814 Y116.576 E909.41042
G1 X140.404 Y116.669 E909.43029
G1 X141 Y116.7 E909.45014
G1 X141.596 Y116.669 E909.46999
G1 X142.185 Y116.576 E909.48982
G1 X142.762 Y116.421 E909.50969
G1 X143.319 Y116.207 E909.52954
G1 X143.85 Y115.936 E909.54937
G1 X144.351 Y115.611 E909.56923
G1 X144.814 Y115.236 E909.58905
G1 X145.236 Y114.814 E909.6089
G1 X145.612 Y114.351 E909.62873
G1 X145.937 Y113.85 E909.6486
G1 X146.207 Y113.318 E909.66844
G1 X146.42 Y112.762 E909.68824
G1 X146.576 Y112.186 E909.70809
G1 X146.668 Y111.599 E909.72785
G1 X146.7 Y111 E909.7478
G1 X146.668 Y110.401 E909.76776
G1 X146.576 Y109.814 E909.78752
G1 X146.42 Y109.238 E909.80737
G1 X146.207 Y108.682 E909.82717
G1 X145.937 Y108.15 E909.84701
G1 X145.612 Y107.649 E909.86687
G1 X145.236 Y107.186 E909.88671
G1 X144.814 Y106.764 E909.90656
G1 X144.351 Y106.389 E909.92638
G1 X143.85 Y106.064 E909.94624
G1 X143.319 Y105.793 E909.96607
G1 X142.762 Y105.579 E909.98591
G1 X142.185 Y105.424 E910.00579
G0 F7200 X141.988 Y105.393
G0 X142.057 Y104.959
G0 X142.229 Y104.211
;TYPE:WALL-INNER
G1 F3000 X142.839 Y104.35 E910.02659
G1 X143.416 Y104.538 E910.04678
G1 X144.001 Y104.788 E910.06794
G1 X144.536 Y105.075 E910.08813
G1 X145.057 Y105.419 E910.1089
G1 X145.539 Y105.804 E910.12941
G1 X145.983 Y106.229 E910.14986
G1 X146.39 Y106.693 E910.17038
G1 X146.761 Y107.205 E910.19141
G1 X147.078 Y107.736 E910.21198
G1 X147.344 Y108.287 E910.23233
G1 X147.557 Y108.856 E910.25254
G1 X147.725 Y109.465 E910.27355
G1 X147.84 Y110.093 E910.29479
G1 X147.892 Y110.683 E910.31449
G1 X147.892 Y111.317 E910.33557
G1 X147.84 Y111.907 E910.35527
G1 X147.725 Y112.535 E910.37651
G1 X147.558 Y113.14 E910.39738
G1 X147.344 Y113.713 E910.41773
G1 X147.078 Y114.264 E910.43808
G1 X146.761 Y114.795 E910.45865
G1 X146.386 Y115.311 E910.47986
G1 X145.988 Y115.766 E910.49997
G1 X145.539 Y116.196 E910.52065
G1 X145.057 Y116.581 E910.54116
G1 X144.536 Y116.925 E910.56193
G1 X144.001 Y117.212 E910.58212
G1 X143.416 Y117.462 E910.60328
G1 X142.839 Y117.65 E910.62346
G1 X142.229 Y117.789 E910.64427
G1 X141.634 Y117.869 E910.66424
G1 X140.973 Y117.9 E910.68625
G1 X101.027 Y117.9 E912.01486
G1 X100.367 Y117.869 E912.03684
G1 X99.772 Y117.789 E912.0568
G1 X99.168 Y117.652 E912.0774
G1 X98.571 Y117.458 E912.09828
G1 X98.004 Y117.215 E912.1188
G1 X97.464 Y116.925 E912.13919
G1 X96.95 Y116.586 E912.15966
G1 X96.454 Y116.19 E912.18077
G1 X96.017 Y115.772 E912.20089
G1 X95.609 Y115.305 E912.22151
G1 X95.239 Y114.795 E912.24247
G1 X94.923 Y114.267 E912.26294
G1 X94.652 Y113.703 E912.28375
G1 X94.442 Y113.142 E912.30367
G1 X94.275 Y112.537 E912.32455
G1 X94.161 Y111.908 E912.34581
G1 X94.108 Y111.317 E912.36554
G1 X94.108 Y110.683 E912.38663
G1 X94.161 Y110.092 E912.40637
G1 X94.278 Y109.447 E912.42817
G1 X94.44 Y108.861 E912.44839
G1 X94.652 Y108.297 E912.46843
G1 X94.923 Y107.733 E912.48924
G1 X95.239 Y107.205 E912.50971
G1 X95.609 Y106.695 E912.53066
G1 X96.017 Y106.228 E912.55129
G1 X96.454 Y105.81 E912.5714
G1 X96.95 Y105.414 E912.59251
G1 X97.464 Y105.075 E912.61299
G1 X97.995 Y104.79 E912.63304
G1 X98.583 Y104.538 E912.65431
G1 X99.168 Y104.348 E912.67477
G1 X99.772 Y104.211 E912.69537
G1 X100.367 Y104.131 E912.71534
G1 X101.027 Y104.1 E912.73731
G1 X140.973 Y104.1 E914.06592
G1 X141.634 Y104.131 E914.08793
G1 X142.229 Y104.211 E914.1079
G0 F7200 X142.304 Y103.818
;TYPE:WALL-OUTER
G1 F3000 X142.942 Y103.963 E914.12966
G1 X143.561 Y104.165 E914.15132
G1 X144.169 Y104.425 E914.17331
G1 X144.745 Y104.734 E914.19505
G1 X145.291 Y105.094 E914.2168
G1 X145.801 Y105.502 E914.23853
G1 X146.278 Y105.958 E914.26048
G1 X146.702 Y106.442 E914.28188
G1 X147.091 Y106.978 E914.3039
G1 X147.432 Y107.549 E914.32603
G1 X147.714 Y108.134 E914.34763
G1 X147.939 Y108.735 E914.36897
G1 X148.116 Y109.375 E914.39105
G1 X148.235 Y110.029 E914.41316
G1 X148.292 Y110.671 E914.4346
G1 X148.292 Y111.329 E914.45649
G1 X148.235 Y111.971 E914.47792
G1 X148.116 Y112.625 E914.50003
G1 X147.94 Y113.261 E914.52198
G1 X147.714 Y113.866 E914.54346
G1 X147.432 Y114.451 E914.56506
G1 X147.091 Y115.022 E914.58718
G1 X146.703 Y115.556 E914.60914
G1 X146.278 Y116.042 E914.63061
G1 X145.801 Y116.498 E914.65256
G1 X145.291 Y116.906 E914.67428
G1 X144.745 Y117.266 E914.69603
G1 X144.169 Y117.575 E914.71777
G1 X143.561 Y117.835 E914.73977
G1 X142.942 Y118.037 E914.76142
G1 X142.304 Y118.182 E914.78318
G1 X141.662 Y118.269 E914.80473
G1 X140.991 Y118.3 E914.82707
G1 X101.009 Y118.3 E916.15688
G1 X100.339 Y118.269 E916.17919
G1 X99.697 Y118.182 E916.20074
G1 X99.058 Y118.037 E916.22253
G1 X98.438 Y117.836 E916.24421
G1 X97.831 Y117.575 E916.26618
G1 X97.255 Y117.266 E916.28792
G1 X96.709 Y116.906 E916.30968
G1 X96.199 Y116.499 E916.33138
G1 X95.727 Y116.048 E916.35309
G1 X95.292 Y115.55 E916.37508
G1 X94.909 Y115.022 E916.39678
G1 X94.567 Y114.45 E916.41895
G1 X94.287 Y113.867 E916.44046
G1 X94.059 Y113.26 E916.46202
G1 X93.884 Y112.626 E916.4839
G1 X93.765 Y111.97 E916.50607
G1 X93.708 Y111.33 E916.52744
G1 X93.708 Y110.67 E916.5494
G1 X93.765 Y110.03 E916.57077
G1 X93.885 Y109.368 E916.59314
G1 X94.06 Y108.736 E916.61495
G1 X94.287 Y108.133 E916.63638
G1 X94.567 Y107.55 E916.6579
G1 X94.909 Y106.978 E916.68006
G1 X95.292 Y106.45 E916.70176
G1 X95.727 Y105.952 E916.72375
G1 X96.199 Y105.501 E916.74546
G1 X96.709 Y105.094 E916.76716
G1 X97.255 Y104.734 E916.78892
G1 X97.831 Y104.425 E916.81066
G1 X98.441 Y104.163 E916.83274
G1 X99.058 Y103.963 E916.85431
G1 X99.697 Y103.818 E916.8761
G1 X100.339 Y103.731 E916.89765
G1 X101.009 Y103.7 E916.91996
G1 X140.991 Y103.7 E918.24977
G1 X141.662 Y103.731 E918.27211
G1 X142.304 Y103.818 E918.29366
G0 F7200 X142.499 Y103.862
G0 X142.401 Y104.291
G0 X142.618 Y104.717
;TYPE:SKIN
G1 F1500 X142.253 Y104.635 E918.3065
G1 X141.317 Y104.547 E918.33879
G1 X141.171 Y104.685 E918.34569
G0 F7200 X141.142 Y104.656
G0 X142.705 Y104.521
G1 F1500 X143.351 Y105.167 E918.36088
G0 F7200 X143.562 Y104.813
G1 F1500 X144.577 Y105.827 E918.38474
G0 F7200 X144.796 Y105.481
G1 F1500 X146.521 Y107.205 E918.4253
G0 F7200 X146.176 Y107.427
G1 F1500 X147.194 Y108.445 E918.44924
G0 F7200 X147.151 Y108.967
G1 F1500 X147.28 Y109.379 E918.4646
G1 X147.462 Y110.41 E918.50184
G1 X147.467 Y111.546 E918.54226
G1 X147.251 Y112.744 E918.58556
G1 X146.776 Y113.966 E918.63221
G1 X146.114 Y115.001 E918.67592
G1 X145.292 Y115.876 E918.71863
G1 X144.31 Y116.592 E918.76186
G1 X143.151 Y117.13 E918.80732
G1 X142.02 Y117.412 E918.84879
G1 X141.291 Y117.532 E918.87507
G1 X141.152 Y117.676 E918.88219
G0 F7200 X141.171 Y117.695
G0 X144.07 Y116.317
G0 X145.108 Y115.563
G0 X145.968 Y114.61
G0 X146.609 Y113.496
G0 X147.007 Y112.277
G0 X147.363 Y108.896
G1 F1500 X146.589 Y108.122 E918.9004
G0 F7200 X146.947 Y107.915
G1 F1500 X144.088 Y105.056 E918.96764
G0 F7200 X143.875 Y105.409
G1 F1500 X143.111 Y104.644 E918.98562
G0 F7200 X143.05 Y104.833
;MESH:NONMESH
G0 F600 X143.05 Y104.833 Z4.5
G0 F7200 X96.737 Y105.788
;TIME_ELAPSED:833.913473
;LAYER:21
;TYPE:FILL
;MESH:??????????????????6.stl
G1 F3000 X108.687 Y117.738 E919.54771
G0 F7200 X108.784 Y117.739
G1 F3000 X122.265 Y104.259 E920.18179
G0 F7200 X122.362 Y104.26
G1 F3000 X135.841 Y117.739 E920.8158
G0 F7200 X135.937 Y117.74
G1 F3000 X137.498 Y116.179 E920.88922
G1 X137.568 Y116.109
G0 F7200 X137.547 Y116.139
G0 X139.762 Y117.135
G1 F3000 X140.367 Y117.739 E920.91766
G0 F7200 X140.462 Y117.74
G1 F3000 X140.944 Y117.258 E920.94033
G0 F7200 X139.102 Y116.84
G0 X137.93 Y116.317
G0 X136.892 Y115.563
G0 X135.389 Y113.762
G1 F3000 X131.411 Y117.74 E921.12744
G0 F7200 X131.316 Y117.739
G1 F3000 X117.836 Y104.26 E921.76148
G0 F7200 X117.739 Y104.259
G1 F3000 X104.259 Y117.739 E922.39554
G0 F7200 X104.162 Y117.738
G1 F3000 X94.794 Y108.371 E922.83615
G1 X94.724 Y108.301
G0 F7200 X94.753 Y108.316
G0 X94.441 Y109.455
G1 F3000 X99.448 Y104.448 E923.07167
G0 F7200 X99.837 Y104.363
G1 F3000 X113.213 Y117.738 E923.70081
G0 F7200 X113.31 Y117.739
G1 F3000 X126.79 Y104.259 E924.33487
G0 F7200 X126.887 Y104.26
G1 F3000 X134.865 Y112.238 E924.71013
G1 X134.935 Y112.308
G0 F7200 X134.864 Y109.762
G1 F3000 X126.886 Y117.74 E925.08539
G0 F7200 X126.79 Y117.739
G1 F3000 X113.311 Y104.26 E925.7194
G0 F7200 X113.214 Y104.259
G1 F3000 X99.837 Y117.636 E926.34861
G0 F7200 X99.448 Y117.55
G1 F3000 X94.442 Y112.544 E926.58408
G1 X94.372 Y112.474
G0 F7200 X94.794 Y113.627
G1 F3000 X104.163 Y104.259 E927.02475
G0 F7200 X104.26 Y104.26
G1 F3000 X117.738 Y117.738 E927.65871
G0 F7200 X117.835 Y117.739
G1 F3000 X131.316 Y104.259 E928.29279
G0 F7200 X131.412 Y104.26
G1 F3000 X135.39 Y108.237 E928.47988
G1 X135.46 Y108.307
G0 F7200 X135.43 Y108.292
G0 X136.337 Y107.032
G0 X137.498 Y105.819
G1 F3000 X135.938 Y104.26 E928.55323
G0 F7200 X135.841 Y104.259
G1 F3000 X122.36 Y117.74 E929.18734
G0 F7200 X122.265 Y117.739
G1 F3000 X108.785 Y104.26 E929.82137
G0 F7200 X108.688 Y104.259
G1 F3000 X96.736 Y116.211 E930.38356
G1 X96.666 Y116.281
G0 F7200 X96.69 Y116.251
G0 X139.76 Y104.866
G1 F3000 X140.367 Y104.259 E930.41211
G0 F7200 X140.463 Y104.26
G1 F3000 X140.944 Y104.74 E930.43471
G0 F7200 X142.288 Y104.935
G0 X142.268 Y105.032
;TYPE:WALL-INNER
G1 F3000 X141.638 Y104.933 E930.45592
G1 X141 Y104.899 E930.47717
G1 X140.362 Y104.933 E930.49842
G1 X139.731 Y105.032 E930.51967
G1 X139.114 Y105.198 E930.54092
G1 X138.518 Y105.427 E930.56215
G1 X137.95 Y105.717 E930.58337
G1 X137.414 Y106.065 E930.60462
G1 X136.918 Y106.466 E930.62584
G1 X136.467 Y106.918 E930.64707
G1 X136.064 Y107.414 E930.66833
G1 X135.717 Y107.95 E930.68957
G1 X135.426 Y108.518 E930.71079
G1 X135.198 Y109.114 E930.73202
G1 X135.032 Y109.731 E930.75327
G1 X134.934 Y110.359 E930.77441
G1 X134.899 Y111 E930.79576
G1 X134.934 Y111.641 E930.81711
G1 X135.032 Y112.269 E930.83825
G1 X135.198 Y112.886 E930.8595
G1 X135.426 Y113.482 E930.88073
G1 X135.717 Y114.05 E930.90195
G1 X136.064 Y114.586 E930.92319
G1 X136.467 Y115.082 E930.94445
G1 X136.918 Y115.534 E930.96568
G1 X137.414 Y115.935 E930.9869
G1 X137.95 Y116.283 E931.00815
G1 X138.518 Y116.573 E931.02936
G1 X139.114 Y116.802 E931.0506
G1 X139.731 Y116.968 E931.07185
G1 X140.362 Y117.067 E931.0931
G1 X141 Y117.101 E931.11435
G1 X141.638 Y117.067 E931.1356
G1 X142.268 Y116.968 E931.15681
G1 X142.886 Y116.802 E931.17809
G1 X143.482 Y116.573 E931.19933
G1 X144.05 Y116.283 E931.22054
G1 X144.586 Y115.935 E931.24179
G1 X145.082 Y115.534 E931.26301
G1 X145.533 Y115.082 E931.28424
G1 X145.936 Y114.587 E931.30547
G1 X146.284 Y114.05 E931.32676
G1 X146.573 Y113.48 E931.34801
G1 X146.801 Y112.886 E931.36917
G1 X146.968 Y112.269 E931.39043
G1 X147.066 Y111.641 E931.41158
G1 X147.101 Y111 E931.43293
G1 X147.066 Y110.359 E931.45428
G1 X146.968 Y109.731 E931.47542
G1 X146.801 Y109.114 E931.49668
G1 X146.573 Y108.52 E931.51784
G1 X146.284 Y107.95 E931.5391
G1 X145.936 Y107.413 E931.56038
G1 X145.533 Y106.918 E931.58161
G1 X145.082 Y106.466 E931.60285
G1 X144.586 Y106.065 E931.62406
G1 X144.05 Y105.717 E931.64532
G1 X143.482 Y105.427 E931.66653
G1 X142.886 Y105.198 E931.68776
G1 X142.268 Y105.032 E931.70905
G0 F7200 X142.185 Y105.424
;TYPE:WALL-OUTER
G1 F3000 X141.596 Y105.331 E931.72888
G1 X141 Y105.3 E931.74873
G1 X140.404 Y105.331 E931.76858
G1 X139.814 Y105.424 E931.78844
G1 X139.238 Y105.579 E931.80828
G1 X138.681 Y105.793 E931.82813
G1 X138.15 Y106.064 E931.84796
G1 X137.649 Y106.389 E931.86782
G1 X137.186 Y106.764 E931.88764
G1 X136.764 Y107.186 E931.90749
G1 X136.388 Y107.649 E931.92733
G1 X136.064 Y108.15 E931.94717
G1 X135.792 Y108.681 E931.96701
G1 X135.579 Y109.238 E931.98685
G1 X135.424 Y109.814 E932.00669
G1 X135.332 Y110.401 E932.02645
G1 X135.3 Y111 E932.0464
G1 X135.332 Y111.599 E932.06635
G1 X135.424 Y112.186 E932.08611
G1 X135.579 Y112.762 E932.10595
G1 X135.792 Y113.319 E932.12579
G1 X136.064 Y113.85 E932.14563
G1 X136.388 Y114.351 E932.16547
G1 X136.764 Y114.814 E932.18531
G1 X137.186 Y115.236 E932.20516
G1 X137.649 Y115.611 E932.22498
G1 X138.15 Y115.936 E932.24484
G1 X138.681 Y116.207 E932.26467
G1 X139.238 Y116.421 E932.28452
G1 X139.814 Y116.576 E932.30435
G1 X140.404 Y116.669 E932.32422
G1 X141 Y116.7 E932.34407
G1 X141.596 Y116.669 E932.36392
G1 X142.185 Y116.576 E932.38375
G1 X142.762 Y116.421 E932.40362
G1 X143.319 Y116.207 E932.42347
G1 X143.85 Y115.936 E932.4433
G1 X144.351 Y115.611 E932.46316
G1 X144.814 Y115.236 E932.48298
G1 X145.236 Y114.814 E932.50283
G1 X145.612 Y114.351 E932.52267
G1 X145.937 Y113.85 E932.54253
G1 X146.207 Y113.318 E932.56237
G1 X146.42 Y112.762 E932.58217
G1 X146.576 Y112.186 E932.60202
G1 X146.668 Y111.599 E932.62178
G1 X146.7 Y111 E932.64174
G1 X146.668 Y110.401 E932.66169
G1 X146.576 Y109.814 E932.68145
G1 X146.42 Y109.238 E932.7013
G1 X146.207 Y108.682 E932.7211
G1 X145.937 Y108.15 E932.74094
G1 X145.612 Y107.649 E932.7608
G1 X145.236 Y107.186 E932.78064
G1 X144.814 Y106.764 E932.80049
G1 X144.351 Y106.389 E932.82031
G1 X143.85 Y106.064 E932.84017
G1 X143.319 Y105.793 E932.86
G1 X142.762 Y105.579 E932.87985
G1 X142.185 Y105.424 E932.89972
G0 F7200 X141.988 Y105.393
G0 X142.057 Y104.959
G0 X142.229 Y104.211
;TYPE:WALL-INNER
G1 F3000 X142.839 Y104.35 E932.92053
G1 X143.416 Y104.538 E932.94071
G1 X144.001 Y104.788 E932.96187
G1 X144.536 Y105.075 E932.98206
G1 X145.057 Y105.419 E933.00283
G1 X145.539 Y105.804 E933.02334
G1 X145.983 Y106.229 E933.04379
G1 X146.39 Y106.693 E933.06432
G1 X146.761 Y107.205 E933.08535
G1 X147.078 Y107.736 E933.10591
G1 X147.344 Y108.287 E933.12626
G1 X147.557 Y108.856 E933.14647
G1 X147.725 Y109.465 E933.16748
G1 X147.84 Y110.093 E933.18872
G1 X147.892 Y110.683 E933.20842
G1 X147.892 Y111.317 E933.22951
G1 X147.84 Y111.907 E933.24921
G1 X147.725 Y112.535 E933.27044
G1 X147.558 Y113.14 E933.29131
G1 X147.344 Y113.713 E933.31166
G1 X147.078 Y114.264 E933.33201
G1 X146.761 Y114.795 E933.35258
G1 X146.386 Y115.311 E933.37379
G1 X145.988 Y115.766 E933.3939
G1 X145.539 Y116.196 E933.41458
G1 X145.057 Y116.581 E933.43509
G1 X144.536 Y116.925 E933.45586
G1 X144.001 Y117.212 E933.47605
G1 X143.416 Y117.462 E933.49721
G1 X142.839 Y117.65 E933.5174
G1 X142.229 Y117.789 E933.5382
G1 X141.634 Y117.869 E933.55817
G1 X140.973 Y117.9 E933.58018
G1 X101.027 Y117.9 E934.90879
G1 X100.366 Y117.869 E934.9308
G1 X99.771 Y117.789 E934.95077
G1 X99.161 Y117.65 E934.97158
G1 X98.584 Y117.462 E934.99176
G1 X98.008 Y117.215 E935.01261
G1 X97.455 Y116.919 E935.03347
G1 X96.943 Y116.581 E935.05387
G1 X96.461 Y116.195 E935.07441
G1 X96.017 Y115.771 E935.09483
G1 X95.609 Y115.305 E935.11543
G1 X95.239 Y114.795 E935.13639
G1 X94.922 Y114.264 E935.15696
G1 X94.658 Y113.717 E935.17716
G1 X94.439 Y113.134 E935.19787
G1 X94.275 Y112.539 E935.2184
G1 X94.16 Y111.907 E935.23977
G1 X94.108 Y111.317 E935.25946
G1 X94.108 Y110.683 E935.28055
G1 X94.161 Y110.091 E935.30032
G1 X94.275 Y109.46 E935.32165
G1 X94.444 Y108.85 E935.3427
G1 X94.653 Y108.293 E935.36249
G1 X94.922 Y107.736 E935.38306
G1 X95.239 Y107.205 E935.40363
G1 X95.609 Y106.695 E935.42459
G1 X96.017 Y106.229 E935.44519
G1 X96.461 Y105.805 E935.46561
G1 X96.943 Y105.419 E935.48614
G1 X97.455 Y105.081 E935.50655
G1 X98.008 Y104.785 E935.52741
G1 X98.584 Y104.538 E935.54826
G1 X99.161 Y104.35 E935.56844
G1 X99.771 Y104.211 E935.58925
G1 X100.366 Y104.131 E935.60922
G1 X101.027 Y104.1 E935.63123
G1 X140.973 Y104.1 E936.95984
G1 X141.634 Y104.131 E936.98184
G1 X142.229 Y104.211 E937.00181
G0 F7200 X142.304 Y103.818
;TYPE:WALL-OUTER
G1 F3000 X142.942 Y103.963 E937.02357
G1 X143.561 Y104.165 E937.04523
G1 X144.169 Y104.425 E937.06722
G1 X144.745 Y104.734 E937.08896
G1 X145.291 Y105.094 E937.11072
G1 X145.801 Y105.502 E937.13244
G1 X146.278 Y105.958 E937.15439
G1 X146.702 Y106.442 E937.17579
G1 X147.091 Y106.978 E937.19782
G1 X147.432 Y107.549 E937.21994
G1 X147.714 Y108.134 E937.24154
G1 X147.939 Y108.735 E937.26288
G1 X148.116 Y109.375 E937.28497
G1 X148.235 Y110.029 E937.30708
G1 X148.292 Y110.671 E937.32851
G1 X148.292 Y111.329 E937.3504
G1 X148.235 Y111.971 E937.37183
G1 X148.116 Y112.625 E937.39394
G1 X147.94 Y113.261 E937.41589
G1 X147.714 Y113.866 E937.43737
G1 X147.432 Y114.451 E937.45897
G1 X147.091 Y115.022 E937.48109
G1 X146.703 Y115.556 E937.50305
G1 X146.278 Y116.042 E937.52452
G1 X145.801 Y116.498 E937.54647
G1 X145.291 Y116.906 E937.56819
G1 X144.745 Y117.266 E937.58994
G1 X144.169 Y117.575 E937.61168
G1 X143.561 Y117.835 E937.63368
G1 X142.942 Y118.037 E937.65533
G1 X142.304 Y118.182 E937.6771
G1 X141.662 Y118.269 E937.69864
G1 X140.991 Y118.3 E937.72099
G1 X101.009 Y118.3 E939.05079
G1 X100.338 Y118.269 E939.07313
G1 X99.696 Y118.182 E939.09468
G1 X99.058 Y118.037 E939.11644
G1 X98.439 Y117.835 E939.1381
G1 X97.831 Y117.575 E939.16009
G1 X97.254 Y117.266 E939.18186
G1 X96.709 Y116.906 E939.20359
G1 X96.199 Y116.498 E939.22531
G1 X95.727 Y116.047 E939.24702
G1 X95.292 Y115.55 E939.26899
G1 X94.909 Y115.022 E939.29069
G1 X94.568 Y114.451 E939.31281
G1 X94.286 Y113.866 E939.33441
G1 X94.059 Y113.261 E939.3559
G1 X93.884 Y112.626 E939.37781
G1 X93.765 Y111.971 E939.39995
G1 X93.708 Y111.329 E939.42138
G1 X93.708 Y110.671 E939.44327
G1 X93.765 Y110.029 E939.46471
G1 X93.885 Y109.368 E939.48705
G1 X94.06 Y108.735 E939.50889
G1 X94.286 Y108.134 E939.53025
G1 X94.568 Y107.549 E939.55185
G1 X94.909 Y106.978 E939.57397
G1 X95.292 Y106.45 E939.59567
G1 X95.727 Y105.953 E939.61763
G1 X96.199 Y105.502 E939.63935
G1 X96.709 Y105.094 E939.66107
G1 X97.254 Y104.734 E939.68279
G1 X97.831 Y104.425 E939.70456
G1 X98.439 Y104.165 E939.72656
G1 X99.058 Y103.963 E939.74821
G1 X99.696 Y103.818 E939.76997
G1 X100.338 Y103.731 E939.79152
G1 X101.009 Y103.7 E939.81386
G1 X140.991 Y103.7 E941.14367
G1 X141.662 Y103.731 E941.16601
G1 X142.304 Y103.818 E941.18756
G0 F7200 X142.499 Y103.862
G0 X142.401 Y104.291
G0 X142.283 Y104.636
;TYPE:SKIN
G1 F1500 X142.519 Y104.684 E941.1957
G1 X143.775 Y105.124 E941.24066
G1 X144.839 Y105.758 E941.28251
G1 X145.738 Y106.557 E941.32315
G1 X146.479 Y107.513 E941.36401
G1 X147.048 Y108.641 E941.4067
G1 X147.368 Y109.734 E941.44518
G1 X147.489 Y111.028 E941.48909
G1 X147.355 Y112.293 E941.53207
G1 X147.271 Y112.661 E941.54482
G1 X146.95 Y113.547 E941.57666
G0 F7200 X146.917 Y114.146
G1 F1500 X144.155 Y116.908 E941.64162
G0 F7200 X143.548 Y116.949
G1 F1500 X142.661 Y117.27 E941.67152
G1 X141.626 Y117.456 E941.70486
G1 X141.188 Y117.328 E941.71932
G0 F7200 X141.235 Y117.282
G0 X142.745 Y117.47
G1 F1500 X143.403 Y116.811 E941.73481
G0 F7200 X143.616 Y117.164
G1 F1500 X144.669 Y116.111 E941.75957
G0 F7200 X144.887 Y116.459
G1 F1500 X146.434 Y114.912 E941.79596
G0 F7200 X146.117 Y114.663
G1 F1500 X147.175 Y113.605 E941.82084
G0 F7200 X146.809 Y113.405
G1 F1500 X147.462 Y112.753 E941.83619
G0 F7200 X147.007 Y109.723
G0 X146.609 Y108.504
G0 X145.968 Y107.39
G0 X145.108 Y106.437
G0 X144.07 Y105.683
G0 X141.866 Y104.772
G0 X142.047 Y104.59
G1 F1500 X141.799 Y104.555 E941.84533
G1 X141.307 Y104.482 E941.86349
G1 X141.168 Y104.338 E941.8708
G0 F7200 X141.191 Y104.509
;MESH:NONMESH
G0 F600 X141.191 Y104.509 Z4.7
G0 F7200 X96.737 Y105.788
;TIME_ELAPSED:850.183503
;LAYER:22
;TYPE:FILL
;MESH:??????????????????6.stl
G1 F3000 X108.687 Y117.738 E942.43289
G0 F7200 X108.784 Y117.739
G1 F3000 X122.265 Y104.259 E943.06698
G0 F7200 X122.362 Y104.26
G1 F3000 X135.841 Y117.739 E943.70099
G0 F7200 X135.937 Y117.74
G1 F3000 X137.498 Y116.179 E943.77441
G1 X137.568 Y116.109
G0 F7200 X137.547 Y116.139
G0 X139.762 Y117.135
G1 F3000 X140.367 Y117.739 E943.80285
G0 F7200 X140.462 Y117.74
G1 F3000 X140.944 Y117.258 E943.82552
G0 F7200 X139.102 Y116.84
G0 X137.93 Y116.317
G0 X136.892 Y115.563
G0 X135.389 Y113.762
G1 F3000 X131.411 Y117.74 E944.01263
G0 F7200 X131.316 Y117.739
G1 F3000 X117.836 Y104.26 E944.64666
G0 F7200 X117.739 Y104.259
G1 F3000 X104.259 Y117.739 E945.28072
G0 F7200 X104.162 Y117.738
G1 F3000 X94.794 Y108.371 E945.72134
G1 X94.724 Y108.301
G0 F7200 X94.753 Y108.316
G0 X94.441 Y109.455
G1 F3000 X99.448 Y104.448 E945.95686
G0 F7200 X99.837 Y104.363
G1 F3000 X113.213 Y117.738 E946.586
G0 F7200 X113.31 Y117.739
G1 F3000 X126.79 Y104.259 E947.22006
G0 F7200 X126.887 Y104.26
G1 F3000 X134.865 Y112.238 E947.59532
G1 X134.935 Y112.308
G0 F7200 X134.864 Y109.762
G1 F3000 X126.886 Y117.74 E947.97058
G0 F7200 X126.79 Y117.739
G1 F3000 X113.311 Y104.26 E948.60459
G0 F7200 X113.214 Y104.259
G1 F3000 X99.837 Y117.636 E949.2338
G0 F7200 X99.448 Y117.55
G1 F3000 X94.442 Y112.544 E949.46927
G1 X94.372 Y112.474
G0 F7200 X94.794 Y113.627
G1 F3000 X104.163 Y104.259 E949.90993
G0 F7200 X104.26 Y104.26
G1 F3000 X117.738 Y117.738 E950.5439
G0 F7200 X117.835 Y117.739
G1 F3000 X131.316 Y104.259 E951.17798
G0 F7200 X131.412 Y104.26
G1 F3000 X135.39 Y108.237 E951.36507
G1 X135.46 Y108.307
G0 F7200 X135.43 Y108.292
G0 X136.337 Y107.032
G0 X137.498 Y105.819
G1 F3000 X135.938 Y104.26 E951.43842
G0 F7200 X135.841 Y104.259
G1 F3000 X122.36 Y117.74 E952.07253
G0 F7200 X122.265 Y117.739
G1 F3000 X108.785 Y104.26 E952.70656
G0 F7200 X108.688 Y104.259
G1 F3000 X96.736 Y116.211 E953.26875
G1 X96.666 Y116.281
G0 F7200 X96.69 Y116.251
G0 X139.76 Y104.866
G1 F3000 X140.367 Y104.259 E953.2973
G0 F7200 X140.463 Y104.26
G1 F3000 X140.944 Y104.74 E953.3199
G0 F7200 X142.288 Y104.935
G0 X142.268 Y105.032
;TYPE:WALL-INNER
G1 F3000 X141.638 Y104.933 E953.34111
G1 X141 Y104.899 E953.36236
G1 X140.362 Y104.933 E953.38361
G1 X139.731 Y105.032 E953.40485
G1 X139.114 Y105.198 E953.42611
G1 X138.518 Y105.427 E953.44734
G1 X137.95 Y105.717 E953.46855
G1 X137.414 Y106.065 E953.48981
G1 X136.918 Y106.466 E953.51102
G1 X136.467 Y106.918 E953.53226
G1 X136.064 Y107.414 E953.55352
G1 X135.717 Y107.95 E953.57475
G1 X135.426 Y108.518 E953.59598
G1 X135.198 Y109.114 E953.6172
G1 X135.032 Y109.731 E953.63845
G1 X134.934 Y110.359 E953.65959
G1 X134.899 Y111 E953.68095
G1 X134.934 Y111.641 E953.7023
G1 X135.032 Y112.269 E953.72344
G1 X135.198 Y112.886 E953.74469
G1 X135.426 Y113.482 E953.76591
G1 X135.717 Y114.05 E953.78714
G1 X136.064 Y114.586 E953.80838
G1 X136.467 Y115.082 E953.82963
G1 X136.918 Y115.534 E953.85087
G1 X137.414 Y115.935 E953.87208
G1 X137.95 Y116.283 E953.89334
G1 X138.518 Y116.573 E953.91455
G1 X139.114 Y116.802 E953.93579
G1 X139.731 Y116.968 E953.95704
G1 X140.362 Y117.067 E953.97828
G1 X141 Y117.101 E953.99953
G1 X141.638 Y117.067 E954.02078
G1 X142.268 Y116.968 E954.04199
G1 X142.886 Y116.802 E954.06328
G1 X143.482 Y116.573 E954.08451
G1 X144.05 Y116.283 E954.10572
G1 X144.586 Y115.935 E954.12698
G1 X145.082 Y115.534 E954.14819
G1 X145.533 Y115.082 E954.16943
G1 X145.936 Y114.587 E954.19066
G1 X146.284 Y114.05 E954.21194
G1 X146.573 Y113.48 E954.2332
G1 X146.801 Y112.886 E954.25436
G1 X146.968 Y112.269 E954.27562
G1 X147.066 Y111.641 E954.29676
G1 X147.101 Y111 E954.31811
G1 X147.066 Y110.359 E954.33947
G1 X146.968 Y109.731 E954.36061
G1 X146.801 Y109.114 E954.38187
G1 X146.573 Y108.52 E954.40303
G1 X146.284 Y107.95 E954.42428
G1 X145.936 Y107.413 E954.44557
G1 X145.533 Y106.918 E954.4668
G1 X145.082 Y106.466 E954.48803
G1 X144.586 Y106.065 E954.50925
G1 X144.05 Y105.717 E954.5305
G1 X143.482 Y105.427 E954.55171
G1 X142.886 Y105.198 E954.57295
G1 X142.268 Y105.032 E954.59423
G0 F7200 X142.185 Y105.424
;TYPE:WALL-OUTER
G1 F3000 X141.596 Y105.331 E954.61407
G1 X141 Y105.3 E954.63392
G1 X140.404 Y105.331 E954.65377
G1 X139.814 Y105.424 E954.67363
G1 X139.238 Y105.579 E954.69347
G1 X138.681 Y105.793 E954.71332
G1 X138.15 Y106.064 E954.73315
G1 X137.649 Y106.389 E954.75301
G1 X137.186 Y106.764 E954.77283
G1 X136.764 Y107.186 E954.79267
G1 X136.388 Y107.649 E954.81251
G1 X136.064 Y108.15 E954.83236
G1 X135.792 Y108.681 E954.8522
G1 X135.579 Y109.238 E954.87203
G1 X135.424 Y109.814 E954.89187
G1 X135.332 Y110.401 E954.91164
G1 X135.3 Y111 E954.93159
G1 X135.332 Y111.599 E954.95154
G1 X135.424 Y112.186 E954.9713
G1 X135.579 Y112.762 E954.99114
G1 X135.792 Y113.319 E955.01097
G1 X136.064 Y113.85 E955.03082
G1 X136.388 Y114.351 E955.05066
G1 X136.764 Y114.814 E955.0705
G1 X137.186 Y115.236 E955.09035
G1 X137.649 Y115.611 E955.11017
G1 X138.15 Y115.936 E955.13003
G1 X138.681 Y116.207 E955.14986
G1 X139.238 Y116.421 E955.1697
G1 X139.814 Y116.576 E955.18954
G1 X140.404 Y116.669 E955.20941
G1 X141 Y116.7 E955.22926
G1 X141.596 Y116.669 E955.24911
G1 X142.185 Y116.576 E955.26894
G1 X142.762 Y116.421 E955.28881
G1 X143.319 Y116.207 E955.30866
G1 X143.85 Y115.936 E955.32849
G1 X144.351 Y115.611 E955.34835
G1 X144.814 Y115.236 E955.36817
G1 X145.236 Y114.814 E955.38801
G1 X145.612 Y114.351 E955.40785
G1 X145.937 Y113.85 E955.42771
G1 X146.207 Y113.318 E955.44756
G1 X146.42 Y112.762 E955.46736
G1 X146.576 Y112.186 E955.48721
G1 X146.668 Y111.599 E955.50697
G1 X146.7 Y111 E955.52692
G1 X146.668 Y110.401 E955.54687
G1 X146.576 Y109.814 E955.56664
G1 X146.42 Y109.238 E955.58648
G1 X146.207 Y108.682 E955.60629
G1 X145.937 Y108.15 E955.62613
G1 X145.612 Y107.649 E955.64599
G1 X145.236 Y107.186 E955.66583
G1 X144.814 Y106.764 E955.68568
G1 X144.351 Y106.389 E955.7055
G1 X143.85 Y106.064 E955.72536
G1 X143.319 Y105.793 E955.74519
G1 X142.762 Y105.579 E955.76503
G1 X142.185 Y105.424 E955.7849
G0 F7200 X141.988 Y105.393
G0 X142.057 Y104.959
G0 X142.229 Y104.211
;TYPE:WALL-INNER
G1 F3000 X142.839 Y104.35 E955.80571
G1 X143.416 Y104.538 E955.8259
G1 X144.001 Y104.788 E955.84706
G1 X144.536 Y105.075 E955.86725
G1 X145.057 Y105.419 E955.88801
G1 X145.539 Y105.804 E955.90853
G1 X145.983 Y106.229 E955.92897
G1 X146.39 Y106.693 E955.9495
G1 X146.761 Y107.205 E955.97053
G1 X147.078 Y107.736 E955.9911
G1 X147.344 Y108.287 E956.01145
G1 X147.557 Y108.856 E956.03166
G1 X147.725 Y109.465 E956.05267
G1 X147.84 Y110.093 E956.07391
G1 X147.892 Y110.683 E956.09361
G1 X147.892 Y111.317 E956.11469
G1 X147.84 Y111.907 E956.13439
G1 X147.725 Y112.535 E956.15563
G1 X147.558 Y113.14 E956.1765
G1 X147.344 Y113.713 E956.19685
G1 X147.078 Y114.264 E956.2172
G1 X146.761 Y114.795 E956.23776
G1 X146.386 Y115.311 E956.25898
G1 X145.988 Y115.766 E956.27909
G1 X145.539 Y116.196 E956.29976
G1 X145.057 Y116.581 E956.32028
G1 X144.536 Y116.925 E956.34105
G1 X144.001 Y117.212 E956.36124
G1 X143.416 Y117.462 E956.3824
G1 X142.839 Y117.65 E956.40258
G1 X142.229 Y117.789 E956.42339
G1 X141.634 Y117.869 E956.44336
G1 X140.973 Y117.9 E956.46537
G1 X101.027 Y117.9 E957.79398
G1 X100.366 Y117.869 E957.81599
G1 X99.771 Y117.789 E957.83596
G1 X99.161 Y117.65 E957.85676
G1 X98.584 Y117.462 E957.87695
G1 X98.008 Y117.215 E957.89779
G1 X97.455 Y116.919 E957.91865
G1 X96.943 Y116.581 E957.93906
G1 X96.461 Y116.195 E957.9596
G1 X96.017 Y115.771 E957.98002
G1 X95.609 Y115.305 E958.00062
G1 X95.239 Y114.795 E958.02157
G1 X94.922 Y114.264 E958.04214
G1 X94.658 Y113.717 E958.06235
G1 X94.439 Y113.134 E958.08306
G1 X94.275 Y112.539 E958.10359
G1 X94.16 Y111.907 E958.12495
G1 X94.108 Y111.317 E958.14465
G1 X94.108 Y110.683 E958.16574
G1 X94.161 Y110.091 E958.18551
G1 X94.275 Y109.46 E958.20683
G1 X94.444 Y108.85 E958.22789
G1 X94.653 Y108.293 E958.24767
G1 X94.922 Y107.736 E958.26825
G1 X95.239 Y107.205 E958.28882
G1 X95.609 Y106.695 E958.30977
G1 X96.017 Y106.229 E958.33037
G1 X96.461 Y105.805 E958.35079
G1 X96.943 Y105.419 E958.37133
G1 X97.455 Y105.081 E958.39174
G1 X98.008 Y104.785 E958.4126
G1 X98.584 Y104.538 E958.43344
G1 X99.161 Y104.35 E958.45363
G1 X99.771 Y104.211 E958.47444
G1 X100.366 Y104.131 E958.4944
G1 X101.027 Y104.1 E958.51641
G1 X140.973 Y104.1 E959.84502
G1 X141.634 Y104.131 E959.86703
G1 X142.229 Y104.211 E959.887
G0 F7200 X142.304 Y103.818
;TYPE:WALL-OUTER
G1 F3000 X142.942 Y103.963 E959.90876
G1 X143.561 Y104.165 E959.93042
G1 X144.169 Y104.425 E959.95241
G1 X144.745 Y104.734 E959.97415
G1 X145.291 Y105.094 E959.9959
G1 X145.801 Y105.502 E960.01763
G1 X146.278 Y105.958 E960.03957
G1 X146.702 Y106.442 E960.06098
G1 X147.091 Y106.978 E960.083
G1 X147.432 Y107.549 E960.10512
G1 X147.714 Y108.134 E960.12672
G1 X147.939 Y108.735 E960.14807
G1 X148.116 Y109.375 E960.17015
G1 X148.235 Y110.029 E960.19226
G1 X148.292 Y110.671 E960.2137
G1 X148.292 Y111.329 E960.23558
G1 X148.235 Y111.971 E960.25702
G1 X148.116 Y112.625 E960.27913
G1 X147.94 Y113.261 E960.30108
G1 X147.714 Y113.866 E960.32256
G1 X147.432 Y114.451 E960.34416
G1 X147.091 Y115.022 E960.36628
G1 X146.703 Y115.556 E960.38823
G1 X146.278 Y116.042 E960.40971
G1 X145.801 Y116.498 E960.43166
G1 X145.291 Y116.906 E960.45338
G1 X144.745 Y117.266 E960.47513
G1 X144.169 Y117.575 E960.49687
G1 X143.561 Y117.835 E960.51887
G1 X142.942 Y118.037 E960.54052
G1 X142.304 Y118.182 E960.56228
G1 X141.662 Y118.269 E960.58383
G1 X140.991 Y118.3 E960.60617
G1 X101.009 Y118.3 E961.93598
G1 X100.338 Y118.269 E961.95832
G1 X99.696 Y118.182 E961.97987
G1 X99.058 Y118.037 E962.00163
G1 X98.439 Y117.835 E962.02329
G1 X97.831 Y117.575 E962.04528
G1 X97.254 Y117.266 E962.06705
G1 X96.709 Y116.906 E962.08877
G1 X96.199 Y116.498 E962.1105
G1 X95.727 Y116.047 E962.13221
G1 X95.292 Y115.55 E962.15418
G1 X94.909 Y115.022 E962.17587
G1 X94.568 Y114.451 E962.19799
G1 X94.286 Y113.866 E962.21959
G1 X94.059 Y113.261 E962.24109
G1 X93.884 Y112.626 E962.26299
G1 X93.765 Y111.971 E962.28513
G1 X93.708 Y111.329 E962.30657
G1 X93.708 Y110.671 E962.32846
G1 X93.765 Y110.029 E962.34989
G1 X93.885 Y109.368 E962.37224
G1 X94.06 Y108.735 E962.39408
G1 X94.286 Y108.134 E962.41544
G1 X94.568 Y107.549 E962.43704
G1 X94.909 Y106.978 E962.45916
G1 X95.292 Y106.45 E962.48085
G1 X95.727 Y105.953 E962.50282
G1 X96.199 Y105.502 E962.52453
G1 X96.709 Y105.094 E962.54626
G1 X97.254 Y104.734 E962.56798
G1 X97.831 Y104.425 E962.58975
G1 X98.439 Y104.165 E962.61174
G1 X99.058 Y103.963 E962.6334
G1 X99.696 Y103.818 E962.65516
G1 X100.338 Y103.731 E962.67671
G1 X101.009 Y103.7 E962.69905
G1 X140.991 Y103.7 E964.02886
G1 X141.662 Y103.731 E964.0512
G1 X142.304 Y103.818 E964.07275
G0 F7200 X142.499 Y103.862
G0 X142.401 Y104.291
G0 X142.618 Y104.717
;TYPE:SKIN
G1 F1500 X142.253 Y104.635 E964.08559
G1 X141.317 Y104.547 E964.11788
G1 X141.171 Y104.685 E964.12478
G0 F7200 X141.142 Y104.656
G0 X142.705 Y104.521
G1 F1500 X143.351 Y105.167 E964.13997
G0 F7200 X143.562 Y104.813
G1 F1500 X144.577 Y105.827 E964.16383
G0 F7200 X144.795 Y105.48
G1 F1500 X146.521 Y107.205 E964.20441
G0 F7200 X146.176 Y107.427
G1 F1500 X147.194 Y108.445 E964.22835
G0 F7200 X147.151 Y108.967
G1 F1500 X147.28 Y109.379 E964.24371
G1 X147.462 Y110.41 E964.28096
G1 X147.467 Y111.546 E964.32137
G1 X147.251 Y112.744 E964.36468
G1 X146.776 Y113.966 E964.41132
G1 X146.114 Y115.001 E964.45503
G1 X145.292 Y115.876 E964.49774
G1 X144.31 Y116.592 E964.54098
G1 X143.151 Y117.13 E964.58644
G1 X142.02 Y117.412 E964.6279
G1 X141.291 Y117.532 E964.65419
G1 X141.152 Y117.676 E964.66131
G0 F7200 X141.171 Y117.695
G0 X144.07 Y116.317
G0 X145.108 Y115.563
G0 X145.968 Y114.61
G0 X146.609 Y113.496
G0 X147.007 Y112.277
G0 X147.364 Y108.897
G1 F1500 X146.589 Y108.122 E964.67953
G0 F7200 X146.947 Y107.915
G1 F1500 X144.087 Y105.055 E964.7468
G0 F7200 X143.875 Y105.409
G1 F1500 X143.111 Y104.644 E964.76478
G0 F7200 X143.05 Y104.833
;MESH:NONMESH
G0 F600 X143.05 Y104.833 Z4.9
G0 F7200 X142.268 Y105.032
;TIME_ELAPSED:866.096974
;LAYER:23
;TYPE:WALL-INNER
;MESH:??????????????????6.stl
G1 F3000 X141.638 Y104.933 E964.78599
G1 X141 Y104.899 E964.80724
G1 X140.362 Y104.933 E964.82849
G1 X139.731 Y105.032 E964.84973
G1 X139.114 Y105.198 E964.87098
G1 X138.518 Y105.427 E964.89222
G1 X137.95 Y105.717 E964.91343
G1 X137.414 Y106.065 E964.93469
G1 X136.918 Y106.466 E964.9559
G1 X136.467 Y106.918 E964.97714
G1 X136.064 Y107.414 E964.99839
G1 X135.717 Y107.95 E965.01963
G1 X135.426 Y108.518 E965.04086
G1 X135.198 Y109.114 E965.06208
G1 X135.032 Y109.731 E965.08333
G1 X134.934 Y110.359 E965.10447
G1 X134.899 Y111 E965.12582
G1 X134.934 Y111.641 E965.14718
G1 X135.032 Y112.269 E965.16832
G1 X135.198 Y112.886 E965.18957
G1 X135.426 Y113.482 E965.21079
G1 X135.717 Y114.05 E965.23202
G1 X136.064 Y114.586 E965.25326
G1 X136.467 Y115.082 E965.27451
G1 X136.918 Y115.534 E965.29575
G1 X137.414 Y115.935 E965.31696
G1 X137.95 Y116.283 E965.33822
G1 X138.518 Y116.573 E965.35943
G1 X139.114 Y116.802 E965.38067
G1 X139.731 Y116.968 E965.40192
G1 X140.362 Y117.067 E965.42316
G1 X141 Y117.101 E965.44441
G1 X141.638 Y117.067 E965.46566
G1 X142.268 Y116.968 E965.48687
G1 X142.886 Y116.802 E965.50816
G1 X143.482 Y116.573 E965.52939
G1 X144.05 Y116.283 E965.5506
G1 X144.586 Y115.935 E965.57186
G1 X145.082 Y115.534 E965.59307
G1 X145.533 Y115.082 E965.61431
G1 X145.936 Y114.587 E965.63554
G1 X146.284 Y114.05 E965.65682
G1 X146.573 Y113.48 E965.67808
G1 X146.801 Y112.886 E965.69924
G1 X146.968 Y112.269 E965.7205
G1 X147.066 Y111.641 E965.74164
G1 X147.101 Y111 E965.76299
G1 X147.066 Y110.359 E965.78434
G1 X146.968 Y109.731 E965.80548
G1 X146.801 Y109.114 E965.82674
G1 X146.573 Y108.52 E965.84791
G1 X146.284 Y107.95 E965.86916
G1 X145.936 Y107.413 E965.89044
G1 X145.533 Y106.918 E965.91167
G1 X145.082 Y106.466 E965.93291
G1 X144.586 Y106.065 E965.95413
G1 X144.05 Y105.717 E965.97538
G1 X143.482 Y105.427 E965.99659
G1 X142.886 Y105.198 E966.01783
G1 X142.268 Y105.032 E966.03911
G0 F7200 X142.185 Y105.424
;TYPE:WALL-OUTER
G1 F3000 X141.596 Y105.331 E966.05894
G1 X141 Y105.3 E966.07879
G1 X140.404 Y105.331 E966.09864
G1 X139.814 Y105.424 E966.11851
G1 X139.238 Y105.579 E966.13835
G1 X138.681 Y105.793 E966.1582
G1 X138.15 Y106.064 E966.17802
G1 X137.649 Y106.389 E966.19789
G1 X137.186 Y106.764 E966.2177
G1 X136.764 Y107.186 E966.23755
G1 X136.388 Y107.649 E966.25739
G1 X136.064 Y108.15 E966.27723
G1 X135.792 Y108.681 E966.29708
G1 X135.579 Y109.238 E966.31691
G1 X135.424 Y109.814 E966.33675
G1 X135.332 Y110.401 E966.35651
G1 X135.3 Y111 E966.37647
G1 X135.332 Y111.599 E966.39642
G1 X135.424 Y112.186 E966.41618
G1 X135.579 Y112.762 E966.43602
G1 X135.792 Y113.319 E966.45585
G1 X136.064 Y113.85 E966.4757
G1 X136.388 Y114.351 E966.49554
G1 X136.764 Y114.814 E966.51538
G1 X137.186 Y115.236 E966.53523
G1 X137.649 Y115.611 E966.55504
G1 X138.15 Y115.936 E966.57491
G1 X138.681 Y116.207 E966.59473
G1 X139.238 Y116.421 E966.61458
G1 X139.814 Y116.576 E966.63442
G1 X140.404 Y116.669 E966.65429
G1 X141 Y116.7 E966.67414
G1 X141.596 Y116.669 E966.69399
G1 X142.185 Y116.576 E966.71382
G1 X142.762 Y116.421 E966.73369
G1 X143.319 Y116.207 E966.75354
G1 X143.85 Y115.936 E966.77336
G1 X144.351 Y115.611 E966.79323
G1 X144.814 Y115.236 E966.81304
G1 X145.236 Y114.814 E966.83289
G1 X145.612 Y114.351 E966.85273
G1 X145.937 Y113.85 E966.87259
G1 X146.207 Y113.318 E966.89244
G1 X146.42 Y112.762 E966.91224
G1 X146.576 Y112.186 E966.93209
G1 X146.668 Y111.599 E966.95185
G1 X146.7 Y111 E966.9718
G1 X146.668 Y110.401 E966.99175
G1 X146.576 Y109.814 E967.01151
G1 X146.42 Y109.238 E967.03136
G1 X146.207 Y108.682 E967.05116
G1 X145.937 Y108.15 E967.07101
G1 X145.612 Y107.649 E967.09087
G1 X145.236 Y107.186 E967.11071
G1 X144.814 Y106.764 E967.13056
G1 X144.351 Y106.389 E967.15037
G1 X143.85 Y106.064 E967.17024
G1 X143.319 Y105.793 E967.19006
G1 X142.762 Y105.579 E967.20991
G1 X142.185 Y105.424 E967.22978
G0 F7200 X141.988 Y105.393
G0 X142.057 Y104.959
G0 X142.229 Y104.211
;TYPE:WALL-INNER
G1 F3000 X142.839 Y104.35 E967.25059
G1 X143.416 Y104.538 E967.27078
G1 X144.001 Y104.788 E967.29193
G1 X144.536 Y105.075 E967.31213
G1 X145.057 Y105.419 E967.33289
G1 X145.539 Y105.804 E967.35341
G1 X145.983 Y106.229 E967.37385
G1 X146.39 Y106.693 E967.39438
G1 X146.761 Y107.205 E967.41541
G1 X147.078 Y107.736 E967.43598
G1 X147.344 Y108.287 E967.45633
G1 X147.557 Y108.856 E967.47654
G1 X147.725 Y109.465 E967.49755
G1 X147.84 Y110.093 E967.51878
G1 X147.892 Y110.683 E967.53848
G1 X147.892 Y111.317 E967.55957
G1 X147.84 Y111.907 E967.57927
G1 X147.725 Y112.535 E967.60051
G1 X147.558 Y113.14 E967.62138
G1 X147.344 Y113.713 E967.64172
G1 X147.078 Y114.264 E967.66207
G1 X146.761 Y114.795 E967.68264
G1 X146.386 Y115.311 E967.70386
G1 X145.988 Y115.766 E967.72396
G1 X145.539 Y116.196 E967.74464
G1 X145.057 Y116.581 E967.76516
G1 X144.536 Y116.925 E967.78592
G1 X144.001 Y117.212 E967.80612
G1 X143.416 Y117.462 E967.82728
G1 X142.839 Y117.65 E967.84746
G1 X142.229 Y117.789 E967.86827
G1 X141.634 Y117.869 E967.88824
G1 X140.973 Y117.9 E967.91025
G1 X101.027 Y117.9 E969.23886
G1 X100.366 Y117.869 E969.26087
G1 X99.771 Y117.789 E969.28083
G1 X99.161 Y117.65 E969.30164
G1 X98.584 Y117.462 E969.32183
G1 X98.008 Y117.215 E969.34267
G1 X97.455 Y116.919 E969.36353
G1 X96.943 Y116.581 E969.38394
G1 X96.461 Y116.195 E969.40448
G1 X96.017 Y115.771 E969.4249
G1 X95.609 Y115.305 E969.4455
G1 X95.239 Y114.795 E969.46645
G1 X94.922 Y114.264 E969.48702
G1 X94.658 Y113.717 E969.50722
G1 X94.439 Y113.134 E969.52794
G1 X94.275 Y112.539 E969.54846
G1 X94.16 Y111.907 E969.56983
G1 X94.108 Y111.317 E969.58953
G1 X94.108 Y110.683 E969.61062
G1 X94.161 Y110.091 E969.63039
G1 X94.275 Y109.46 E969.65171
G1 X94.444 Y108.85 E969.67277
G1 X94.653 Y108.293 E969.69255
G1 X94.922 Y107.736 E969.71313
G1 X95.239 Y107.205 E969.73369
G1 X95.609 Y106.695 E969.75465
G1 X96.017 Y106.229 E969.77525
G1 X96.461 Y105.805 E969.79567
G1 X96.943 Y105.419 E969.81621
G1 X97.455 Y105.081 E969.83661
G1 X98.008 Y104.785 E969.85748
G1 X98.584 Y104.538 E969.87832
G1 X99.161 Y104.35 E969.89851
G1 X99.771 Y104.211 E969.91931
G1 X100.366 Y104.131 E969.93928
G1 X101.027 Y104.1 E969.96129
G1 X140.973 Y104.1 E971.2899
G1 X141.634 Y104.131 E971.31191
G1 X142.229 Y104.211 E971.33188
G0 F7200 X142.304 Y103.818
;TYPE:WALL-OUTER
G1 F3000 X142.942 Y103.963 E971.35364
G1 X143.561 Y104.165 E971.3753
G1 X144.169 Y104.425 E971.39729
G1 X144.745 Y104.734 E971.41903
G1 X145.291 Y105.094 E971.44078
G1 X145.801 Y105.502 E971.4625
G1 X146.278 Y105.958 E971.48445
G1 X146.702 Y106.442 E971.50585
G1 X147.091 Y106.978 E971.52788
G1 X147.432 Y107.549 E971.55
G1 X147.714 Y108.134 E971.5716
G1 X147.939 Y108.735 E971.59295
G1 X148.116 Y109.375 E971.61503
G1 X148.235 Y110.029 E971.63714
G1 X148.292 Y110.671 E971.65858
G1 X148.292 Y111.329 E971.68046
G1 X148.235 Y111.971 E971.7019
G1 X148.116 Y112.625 E971.72401
G1 X147.94 Y113.261 E971.74596
G1 X147.714 Y113.866 E971.76744
G1 X147.432 Y114.451 E971.78904
G1 X147.091 Y115.022 E971.81116
G1 X146.703 Y115.556 E971.83311
G1 X146.278 Y116.042 E971.85459
G1 X145.801 Y116.498 E971.87653
G1 X145.291 Y116.906 E971.89826
G1 X144.745 Y117.266 E971.92001
G1 X144.169 Y117.575 E971.94175
G1 X143.561 Y117.835 E971.96374
G1 X142.942 Y118.037 E971.9854
G1 X142.304 Y118.182 E972.00716
G1 X141.662 Y118.269 E972.02871
G1 X140.991 Y118.3 E972.05105
G1 X101.009 Y118.3 E973.38086
G1 X100.338 Y118.269 E973.4032
G1 X99.696 Y118.182 E973.42475
G1 X99.058 Y118.037 E973.44651
G1 X98.439 Y117.835 E973.46816
G1 X97.831 Y117.575 E973.49016
G1 X97.254 Y117.266 E973.51193
G1 X96.709 Y116.906 E973.53365
G1 X96.199 Y116.498 E973.55538
G1 X95.727 Y116.047 E973.57709
G1 X95.292 Y115.55 E973.59906
G1 X94.909 Y115.022 E973.62075
G1 X94.568 Y114.451 E973.64287
G1 X94.286 Y113.866 E973.66447
G1 X94.059 Y113.261 E973.68596
G1 X93.884 Y112.626 E973.70787
G1 X93.765 Y111.971 E973.73001
G1 X93.708 Y111.329 E973.75145
G1 X93.708 Y110.671 E973.77334
G1 X93.765 Y110.029 E973.79477
G1 X93.885 Y109.368 E973.81712
G1 X94.06 Y108.735 E973.83896
G1 X94.286 Y108.134 E973.86032
G1 X94.568 Y107.549 E973.88192
G1 X94.909 Y106.978 E973.90404
G1 X95.292 Y106.45 E973.92573
G1 X95.727 Y105.953 E973.9477
G1 X96.199 Y105.502 E973.96941
G1 X96.709 Y105.094 E973.99113
G1 X97.254 Y104.734 E974.01286
G1 X97.831 Y104.425 E974.03463
G1 X98.439 Y104.165 E974.05662
G1 X99.058 Y103.963 E974.07828
G1 X99.696 Y103.818 E974.10004
G1 X100.338 Y103.731 E974.12159
G1 X101.009 Y103.7 E974.14393
G1 X140.991 Y103.7 E975.47374
G1 X141.662 Y103.731 E975.49608
G1 X142.304 Y103.818 E975.51763
G0 F7200 X142.499 Y103.862
G0 X142.401 Y104.291
G0 X142.35 Y104.65
;TYPE:SKIN
G1 F1500 X141.679 Y104.545 E975.54022
G1 X141 Y104.509 E975.56283
G1 X140.321 Y104.545 E975.58545
G1 X139.649 Y104.65 E975.60807
G1 X138.993 Y104.827 E975.63067
G1 X138.358 Y105.07 E975.65328
G1 X137.755 Y105.379 E975.67582
G1 X137.184 Y105.749 E975.69845
G1 X136.657 Y106.176 E975.72101
G1 X136.177 Y106.657 E975.74361
G1 X135.748 Y107.184 E975.76621
G1 X135.379 Y107.755 E975.78882
G1 X135.069 Y108.358 E975.81137
G1 X134.827 Y108.993 E975.83397
G1 X134.65 Y109.65 E975.8566
G1 X134.546 Y110.318 E975.87909
G1 X134.509 Y111 E975.90181
G1 X134.546 Y111.682 E975.92452
G1 X134.65 Y112.35 E975.94701
G1 X134.827 Y113.007 E975.96964
G1 X135.069 Y113.642 E975.99224
G1 X135.379 Y114.245 E976.01479
G1 X135.748 Y114.816 E976.03741
G1 X136.177 Y115.343 E976.06001
G1 X136.657 Y115.824 E976.08261
G1 X137.184 Y116.251 E976.10517
G1 X137.755 Y116.621 E976.1278
G1 X138.358 Y116.93 E976.15033
G1 X138.993 Y117.173 E976.17295
G1 X139.649 Y117.35 E976.19555
G1 X140.321 Y117.455 E976.21817
G1 X141 Y117.491 E976.24078
G1 X141.679 Y117.455 E976.2634
G1 X142.35 Y117.35 E976.28599
G1 X143.007 Y117.173 E976.30862
G1 X143.642 Y116.93 E976.33123
G1 X144.245 Y116.621 E976.35377
G1 X144.816 Y116.251 E976.3764
G1 X145.343 Y115.824 E976.39896
G1 X145.823 Y115.343 E976.42156
G1 X146.252 Y114.817 E976.44414
G1 X146.623 Y114.245 E976.46681
G1 X146.93 Y113.638 E976.48944
G1 X147.172 Y113.007 E976.51191
G1 X147.35 Y112.351 E976.53452
G1 X147.454 Y111.682 E976.55704
G1 X147.491 Y111 E976.57976
G1 X147.454 Y110.318 E976.60247
G1 X147.35 Y109.649 E976.62499
G1 X147.172 Y108.993 E976.6476
G1 X146.93 Y108.362 E976.67008
G1 X146.623 Y107.755 E976.6927
G1 X146.252 Y107.183 E976.71538
G1 X145.823 Y106.657 E976.73795
G1 X145.343 Y106.176 E976.76055
G1 X144.816 Y105.749 E976.78311
G1 X144.245 Y105.379 E976.80574
G1 X143.642 Y105.07 E976.82828
G1 X143.007 Y104.827 E976.85089
G1 X142.35 Y104.65 E976.87352
G0 F7200 X142.159 Y104.595
G1 F1500 X142.728 Y104.724 E976.89293
G1 X143.275 Y104.902 E976.91206
G1 X143.84 Y105.144 E976.9325
G1 X144.329 Y105.406 E976.95096
G1 X144.835 Y105.74 E976.97112
G1 X145.292 Y106.106 E976.9906
G1 X145.696 Y106.492 E977.00918
G1 X146.075 Y106.924 E977.02829
G1 X146.435 Y107.42 E977.04868
G1 X146.735 Y107.922 E977.06813
G1 X146.984 Y108.437 E977.08715
G1 X147.186 Y108.976 E977.1063
G1 X147.342 Y109.542 E977.12583
G1 X147.455 Y110.158 E977.14666
G1 X147.502 Y110.69 E977.16442
G1 X147.502 Y111.31 E977.18504
G1 X147.455 Y111.842 E977.2028
G1 X147.343 Y112.454 E977.2235
G1 X147.187 Y113.021 E977.24306
G1 X146.988 Y113.553 E977.26195
G1 X146.737 Y114.075 E977.28121
G1 X146.439 Y114.573 E977.30052
G1 X146.078 Y115.07 E977.32095
G1 X145.705 Y115.497 E977.3398
G1 X145.287 Y115.898 E977.35907
G1 X144.835 Y116.26 E977.37833
G1 X144.33 Y116.593 E977.39845
G1 X143.842 Y116.855 E977.41687
G1 X143.275 Y117.098 E977.43739
G1 X142.728 Y117.276 E977.45652
G1 X142.159 Y117.405 E977.47593
G1 X141.609 Y117.479 E977.49439
G1 X140.955 Y117.51 E977.51616
G1 X101.045 Y117.51 E978.84357
G1 X100.391 Y117.479 E978.86535
G1 X99.841 Y117.405 E978.88381
G1 X99.272 Y117.276 E978.90321
G1 X98.726 Y117.098 E978.92231
G1 X98.172 Y116.86 E978.94237
G1 X97.657 Y116.585 E978.96179
G1 X97.165 Y116.26 E978.9814
G1 X96.714 Y115.898 E979.00063
G1 X96.299 Y115.502 E979.01971
G1 X95.916 Y115.064 E979.03906
G1 X95.564 Y114.579 E979.059
G1 X95.261 Y114.071 E979.07867
G1 X95.017 Y113.564 E979.09738
G1 X94.809 Y113.01 E979.11707
G1 X94.657 Y112.458 E979.13611
G1 X94.545 Y111.842 E979.15693
G1 X94.498 Y111.31 E979.1747
G1 X94.498 Y110.696 E979.19512
G1 X94.545 Y110.161 E979.21298
G1 X94.657 Y109.542 E979.2339
G1 X94.819 Y108.959 E979.25403
G1 X95.012 Y108.446 E979.27226
G1 X95.265 Y107.922 E979.29161
G1 X95.565 Y107.42 E979.31106
G1 X95.92 Y106.932 E979.33113
G1 X96.299 Y106.498 E979.3503
G1 X96.714 Y106.102 E979.36938
G1 X97.165 Y105.74 E979.38861
G1 X97.659 Y105.414 E979.4083
G1 X98.172 Y105.14 E979.42764
G1 X98.726 Y104.902 E979.4477
G1 X99.272 Y104.724 E979.4668
G1 X99.841 Y104.595 E979.4862
G1 X100.391 Y104.521 E979.50466
G1 X101.045 Y104.49 E979.52644
G1 X140.955 Y104.49 E980.85385
G1 X141.609 Y104.521 E980.87562
G1 X142.159 Y104.595 E980.89408
G0 F7200 X139.723 Y104.993
G0 X138.502 Y105.391
G0 X137.391 Y106.033
G0 X136.438 Y106.892
G0 X135.683 Y107.93
G0 X135.16 Y109.102
G0 X134.895 Y110.355
G0 X134.895 Y111.645
G0 X135.16 Y112.898
G0 X135.683 Y114.07
G0 X136.294 Y114.91
G0 X138.509 Y117.18
G1 F1500 X138.359 Y117.33 E980.90114
G0 F7200 X138.115 Y117.008
G1 F1500 X137.793 Y117.33 E980.91628
G0 F7200 X137.742 Y116.816
G1 F1500 X137.228 Y117.33 E980.94046
G0 F7200 X136.662 Y117.33
G1 F1500 X137.392 Y116.599 E980.97482
G0 F7200 X137.052 Y116.374
G1 F1500 X136.096 Y117.33 E981.01979
G0 F7200 X135.531 Y117.33
G1 F1500 X136.739 Y116.121 E981.07663
G0 F7200 X136.436 Y115.859
G1 F1500 X134.965 Y117.33 E981.14582
G0 F7200 X134.399 Y117.33
G1 F1500 X136.153 Y115.576 E981.22833
G0 F7200 X135.888 Y115.275
G1 F1500 X133.834 Y117.33 E981.32496
G0 F7200 X133.268 Y117.33
G1 F1500 X135.635 Y114.963 E981.4363
G0 F7200 X135.408 Y114.624
G1 F1500 X132.702 Y117.33 E981.56358
G0 F7200 X132.137 Y117.33
G1 F1500 X135.191 Y114.275 E981.70726
G0 F7200 X134.999 Y113.902
G1 F1500 X131.571 Y117.33 E981.8685
G0 F7200 X131.005 Y117.33
G1 F1500 X134.825 Y113.51 E982.04818
G0 F7200 X134.669 Y113.1
G1 F1500 X130.439 Y117.33 E982.24715
G0 F7200 X129.874 Y117.33
G1 F1500 X134.546 Y112.658 E982.4669
G0 F7200 X134.442 Y112.195
G1 F1500 X129.308 Y117.33 E982.70841
G0 F7200 X128.742 Y117.33
G1 F1500 X134.366 Y111.706 E982.97295
G0 F7200 X134.336 Y111.17
G1 F1500 X128.177 Y117.33 E983.26267
G0 F7200 X127.611 Y117.33
G1 F1500 X134.349 Y110.592 E983.57961
G0 F7200 X134.418 Y109.957
G1 F1500 X127.045 Y117.33 E983.92641
G0 F7200 X126.48 Y117.33
G1 F1500 X134.574 Y109.235 E984.30715
G1 X134.644 Y109.165
G0 F7200 X134.867 Y108.376
G1 F1500 X125.914 Y117.33 E984.7283
G0 F7200 X125.348 Y117.33
G1 F1500 X135.606 Y107.072 E985.2108
G1 X135.676 Y107.002
G0 F7200 X137.062 Y105.616
G1 F1500 X138.009 Y104.669 E985.25535
G0 F7200 X138.373 Y104.871
G1 F1500 X138.575 Y104.669 E985.26485
G0 F7200 X137.443 Y104.669
G1 F1500 X124.783 Y117.33 E985.86036
G0 F7200 X124.217 Y117.33
G1 F1500 X136.878 Y104.669 E986.45589
G0 F7200 X136.312 Y104.669
G1 F1500 X123.651 Y117.33 E987.05143
G0 F7200 X123.086 Y117.33
G1 F1500 X135.746 Y104.669 E987.64694
G0 F7200 X135.181 Y104.669
G1 F1500 X122.52 Y117.33 E988.24247
G0 F7200 X121.954 Y117.33
G1 F1500 X134.615 Y104.669 E988.83801
G0 F7200 X134.049 Y104.669
G1 F1500 X121.389 Y117.33 E989.43352
G0 F7200 X120.823 Y117.33
G1 F1500 X133.484 Y104.669 E990.02906
G0 F7200 X132.918 Y104.669
G1 F1500 X120.257 Y117.33 E990.62459
G0 F7200 X119.692 Y117.329
G1 F1500 X132.352 Y104.669 E991.22008
G0 F7200 X131.787 Y104.669
G1 F1500 X119.126 Y117.329 E991.81559
G0 F7200 X118.561 Y117.329
G1 F1500 X131.221 Y104.669 E992.41108
G0 F7200 X130.655 Y104.669
G1 F1500 X117.995 Y117.329 E993.00656
G0 F7200 X117.429 Y117.329
G1 F1500 X130.089 Y104.669 E993.60205
G0 F7200 X129.524 Y104.669
G1 F1500 X116.864 Y117.329 E994.19754
G0 F7200 X116.298 Y117.329
G1 F1500 X128.958 Y104.669 E994.79303
G0 F7200 X128.392 Y104.669
G1 F1500 X115.732 Y117.329 E995.38851
G0 F7200 X115.167 Y117.329
G1 F1500 X127.827 Y104.669 E995.984
G0 F7200 X127.261 Y104.669
G1 F1500 X114.601 Y117.329 E996.57949
G0 F7200 X114.035 Y117.329
G1 F1500 X126.695 Y104.669 E997.17498
G0 F7200 X126.13 Y104.669
G1 F1500 X113.47 Y117.329 E997.77046
G0 F7200 X112.904 Y117.329
G1 F1500 X125.564 Y104.669 E998.36595
G0 F7200 X124.998 Y104.669
G1 F1500 X112.338 Y117.329 E998.96144
G0 F7200 X111.773 Y117.329
G1 F1500 X124.433 Y104.669 E999.55693
G0 F7200 X123.867 Y104.669
G1 F1500 X111.207 Y117.329 E1000.15241
G0 F7200 X110.641 Y117.329
G1 F1500 X123.301 Y104.669 E1000.7479
G0 F7200 X122.736 Y104.669
G1 F1500 X110.076 Y117.329 E1001.34339
G0 F7200 X109.51 Y117.329
G1 F1500 X122.17 Y104.669 E1001.93888
G0 F7200 X121.604 Y104.669
G1 F1500 X108.944 Y117.329 E1002.53436
G0 F7200 X108.378 Y117.329
G1 F1500 X121.039 Y104.669 E1003.12988
G0 F7200 X120.473 Y104.669
G1 F1500 X107.813 Y117.329 E1003.72536
G0 F7200 X107.247 Y117.329
G1 F1500 X119.907 Y104.669 E1004.32085
G0 F7200 X119.341 Y104.669
G1 F1500 X106.681 Y117.329 E1004.91634
G0 F7200 X106.116 Y117.329
G1 F1500 X118.776 Y104.669 E1005.51183
G0 F7200 X118.21 Y104.669
G1 F1500 X105.55 Y117.329 E1006.10731
G0 F7200 X104.984 Y117.329
G1 F1500 X117.644 Y104.669 E1006.7028
G0 F7200 X117.079 Y104.669
G1 F1500 X104.419 Y117.329 E1007.29829
G0 F7200 X103.853 Y117.329
G1 F1500 X116.513 Y104.669 E1007.89378
G0 F7200 X115.947 Y104.669
G1 F1500 X103.287 Y117.329 E1008.48926
G0 F7200 X102.722 Y117.329
G1 F1500 X115.382 Y104.669 E1009.08475
G0 F7200 X114.816 Y104.669
G1 F1500 X102.156 Y117.329 E1009.68024
G0 F7200 X101.59 Y117.329
G1 F1500 X114.25 Y104.669 E1010.27573
G0 F7200 X113.685 Y104.669
G1 F1500 X101.026 Y117.328 E1010.87117
G0 F7200 X100.486 Y117.302
G1 F1500 X113.119 Y104.669 E1011.46539
G0 F7200 X112.553 Y104.669
G1 F1500 X99.981 Y117.241 E1012.05673
G0 F7200 X99.512 Y117.144
G1 F1500 X111.988 Y104.669 E1012.64354
G0 F7200 X111.422 Y104.669
G1 F1500 X99.071 Y117.02 E1013.2245
G0 F7200 X98.655 Y116.87
G1 F1500 X110.856 Y104.669 E1013.79839
G0 F7200 X110.29 Y104.669
G1 F1500 X98.259 Y116.7 E1014.36429
G0 F7200 X97.889 Y116.505
G1 F1500 X109.725 Y104.669 E1014.92102
G0 F7200 X109.159 Y104.669
G1 F1500 X97.538 Y116.29 E1015.46764
G0 F7200 X97.203 Y116.06
G1 F1500 X108.593 Y104.669 E1016.00341
G0 F7200 X108.028 Y104.669
G1 F1500 X96.889 Y115.807 E1016.52734
G0 F7200 X96.596 Y115.535
G1 F1500 X107.462 Y104.669 E1017.03844
G0 F7200 X106.896 Y104.669
G1 F1500 X96.318 Y115.247 E1017.536
G0 F7200 X96.054 Y114.946
G1 F1500 X106.331 Y104.669 E1018.01939
G0 F7200 X105.765 Y104.669
G1 F1500 X95.816 Y114.618 E1018.48736
G0 F7200 X95.593 Y114.275
G1 F1500 X105.199 Y104.669 E1018.9392
G0 F7200 X104.634 Y104.669
G1 F1500 X95.387 Y113.916 E1019.37415
G0 F7200 X95.203 Y113.534
G1 F1500 X104.068 Y104.669 E1019.79113
G0 F7200 X103.502 Y104.669
G1 F1500 X95.045 Y113.126 E1020.18893
G0 F7200 X94.909 Y112.696
G1 F1500 X102.937 Y104.669 E1020.56651
G0 F7200 X102.371 Y104.669
G1 F1500 X94.801 Y112.239 E1020.92258
G0 F7200 X94.717 Y111.757
G1 F1500 X101.805 Y104.669 E1021.25598
G0 F7200 X101.24 Y104.669
G1 F1500 X94.678 Y111.231 E1021.56464
G0 F7200 X94.681 Y110.662
G1 F1500 X100.655 Y104.687 E1021.84566
G0 F7200 X100.028 Y104.75
G1 F1500 X94.752 Y110.025 E1022.0938
G0 F7200 X94.909 Y109.302
G1 F1500 X99.313 Y104.898 E1022.30095
G1 X99.383 Y104.828
G0 F7200 X98.415 Y105.23
G1 F1500 X95.221 Y108.424 E1022.45119
G1 X95.151 Y108.494
G0 F7200 X96.232 Y106.848
G1 F1500 X96.892 Y106.188 E1022.48223
G1 X96.962 Y106.118
;MESH:NONMESH
G0 F600 X96.962 Y106.118 Z5.1
G0 F7200 X141 Y104.859
G0 X142.288 Y104.935
G0 X142.268 Y105.032
;TIME_ELAPSED:931.881666
;LAYER:24
;TYPE:WALL-INNER
;MESH:??????????????????6.stl
G1 F3000 X141.638 Y104.933 E1022.50345
G1 X141 Y104.899 E1022.5247
G1 X140.362 Y104.933 E1022.54595
G1 X139.731 Y105.032 E1022.56719
G1 X139.114 Y105.198 E1022.58844
G1 X138.518 Y105.427 E1022.60968
G1 X137.95 Y105.717 E1022.63089
G1 X137.414 Y106.065 E1022.65214
G1 X136.918 Y106.466 E1022.67336
G1 X136.467 Y106.918 E1022.6946
G1 X136.064 Y107.414 E1022.71585
G1 X135.717 Y107.95 E1022.73709
G1 X135.426 Y108.518 E1022.75831
G1 X135.198 Y109.114 E1022.77954
G1 X135.032 Y109.731 E1022.80079
G1 X134.934 Y110.359 E1022.82193
G1 X134.899 Y111 E1022.84328
G1 X134.934 Y111.641 E1022.86463
G1 X135.032 Y112.269 E1022.88577
G1 X135.198 Y112.886 E1022.90702
G1 X135.426 Y113.482 E1022.92825
G1 X135.717 Y114.05 E1022.94948
G1 X136.064 Y114.586 E1022.97071
G1 X136.467 Y115.082 E1022.99197
G1 X136.918 Y115.534 E1023.01321
G1 X137.414 Y115.935 E1023.03442
G1 X137.95 Y116.283 E1023.05568
G1 X138.518 Y116.573 E1023.07689
G1 X139.114 Y116.802 E1023.09812
G1 X139.731 Y116.968 E1023.11937
G1 X140.362 Y117.067 E1023.14062
G1 X141 Y117.101 E1023.16187
G1 X141.638 Y117.067 E1023.18312
G1 X142.268 Y116.968 E1023.20433
G1 X142.886 Y116.802 E1023.22561
G1 X143.482 Y116.573 E1023.24685
G1 X144.05 Y116.283 E1023.26806
G1 X144.586 Y115.935 E1023.28932
G1 X145.082 Y115.534 E1023.31053
G1 X145.533 Y115.082 E1023.33177
G1 X145.936 Y114.587 E1023.353
G1 X146.284 Y114.05 E1023.37428
G1 X146.573 Y113.48 E1023.39554
G1 X146.801 Y112.886 E1023.4167
G1 X146.968 Y112.269 E1023.43796
G1 X147.066 Y111.641 E1023.4591
G1 X147.101 Y111 E1023.48045
G1 X147.066 Y110.359 E1023.5018
G1 X146.968 Y109.731 E1023.52294
G1 X146.801 Y109.114 E1023.5442
G1 X146.573 Y108.52 E1023.56536
G1 X146.284 Y107.95 E1023.58662
G1 X145.936 Y107.413 E1023.6079
G1 X145.533 Y106.918 E1023.62913
G1 X145.082 Y106.466 E1023.65037
G1 X144.586 Y106.065 E1023.67158
G1 X144.05 Y105.717 E1023.69284
G1 X143.482 Y105.427 E1023.71405
G1 X142.886 Y105.198 E1023.73529
G1 X142.268 Y105.032 E1023.75657
G0 F7200 X142.185 Y105.424
;TYPE:WALL-OUTER
G1 F3000 X141.596 Y105.331 E1023.7764
G1 X141 Y105.3 E1023.79625
G1 X140.404 Y105.331 E1023.8161
G1 X139.814 Y105.424 E1023.83597
G1 X139.238 Y105.579 E1023.85581
G1 X138.681 Y105.793 E1023.87565
G1 X138.15 Y106.064 E1023.89548
G1 X137.649 Y106.389 E1023.91534
G1 X137.186 Y106.764 E1023.93516
G1 X136.764 Y107.186 E1023.95501
G1 X136.388 Y107.649 E1023.97485
G1 X136.064 Y108.15 E1023.99469
G1 X135.792 Y108.681 E1024.01454
G1 X135.579 Y109.238 E1024.03437
G1 X135.424 Y109.814 E1024.05421
G1 X135.332 Y110.401 E1024.07397
G1 X135.3 Y111 E1024.09392
G1 X135.332 Y111.599 E1024.11387
G1 X135.424 Y112.186 E1024.13364
G1 X135.579 Y112.762 E1024.15348
G1 X135.792 Y113.319 E1024.17331
G1 X136.064 Y113.85 E1024.19315
G1 X136.388 Y114.351 E1024.213
G1 X136.764 Y114.814 E1024.23283
G1 X137.186 Y115.236 E1024.25268
G1 X137.649 Y115.611 E1024.2725
G1 X138.15 Y115.936 E1024.29236
G1 X138.681 Y116.207 E1024.31219
G1 X139.238 Y116.421 E1024.33204
G1 X139.814 Y116.576 E1024.35188
G1 X140.404 Y116.669 E1024.37174
G1 X141 Y116.7 E1024.39159
G1 X141.596 Y116.669 E1024.41144
G1 X142.185 Y116.576 E1024.43128
G1 X142.762 Y116.421 E1024.45115
G1 X143.319 Y116.207 E1024.47099
G1 X143.85 Y115.936 E1024.49082
G1 X144.351 Y115.611 E1024.51068
G1 X144.814 Y115.236 E1024.5305
G1 X145.236 Y114.814 E1024.55035
G1 X145.612 Y114.351 E1024.57019
G1 X145.937 Y113.85 E1024.59005
G1 X146.207 Y113.318 E1024.60989
G1 X146.42 Y112.762 E1024.6297
G1 X146.576 Y112.186 E1024.64954
G1 X146.668 Y111.599 E1024.66931
G1 X146.7 Y111 E1024.68926
G1 X146.668 Y110.401 E1024.70921
G1 X146.576 Y109.814 E1024.72897
G1 X146.42 Y109.238 E1024.74882
G1 X146.207 Y108.682 E1024.76862
G1 X145.937 Y108.15 E1024.78847
G1 X145.612 Y107.649 E1024.80833
G1 X145.236 Y107.186 E1024.82817
G1 X144.814 Y106.764 E1024.84801
G1 X144.351 Y106.389 E1024.86783
G1 X143.85 Y106.064 E1024.88769
G1 X143.319 Y105.793 E1024.90752
G1 X142.762 Y105.579 E1024.92737
G1 X142.185 Y105.424 E1024.94724
G0 F7200 X141.988 Y105.393
G0 X142.057 Y104.959
G0 X142.229 Y104.211
;TYPE:WALL-INNER
G1 F3000 X142.839 Y104.35 E1024.96805
G1 X143.416 Y104.538 E1024.98823
G1 X144.001 Y104.788 E1025.00939
G1 X144.536 Y105.075 E1025.02958
G1 X145.057 Y105.419 E1025.05035
G1 X145.539 Y105.804 E1025.07087
G1 X145.983 Y106.229 E1025.09131
G1 X146.39 Y106.693 E1025.11184
G1 X146.761 Y107.205 E1025.13287
G1 X147.078 Y107.736 E1025.15344
G1 X147.344 Y108.287 E1025.17379
G1 X147.557 Y108.856 E1025.194
G1 X147.725 Y109.465 E1025.21501
G1 X147.84 Y110.093 E1025.23624
G1 X147.892 Y110.683 E1025.25594
G1 X147.892 Y111.317 E1025.27703
G1 X147.84 Y111.907 E1025.29673
G1 X147.725 Y112.535 E1025.31796
G1 X147.558 Y113.14 E1025.33884
G1 X147.344 Y113.713 E1025.35918
G1 X147.078 Y114.264 E1025.37953
G1 X146.761 Y114.795 E1025.4001
G1 X146.386 Y115.311 E1025.42132
G1 X145.988 Y115.766 E1025.44142
G1 X145.539 Y116.196 E1025.4621
G1 X145.057 Y116.581 E1025.48262
G1 X144.536 Y116.925 E1025.50338
G1 X144.001 Y117.212 E1025.52358
G1 X143.416 Y117.462 E1025.54473
G1 X142.839 Y117.65 E1025.56492
G1 X142.229 Y117.789 E1025.58573
G1 X141.634 Y117.869 E1025.6057
G1 X140.973 Y117.9 E1025.6277
G1 X101.027 Y117.9 E1026.95631
G1 X100.366 Y117.869 E1026.97832
G1 X99.771 Y117.789 E1026.99829
G1 X99.161 Y117.65 E1027.0191
G1 X98.584 Y117.462 E1027.03928
G1 X98.008 Y117.215 E1027.06013
G1 X97.455 Y116.919 E1027.08099
G1 X96.943 Y116.581 E1027.1014
G1 X96.461 Y116.195 E1027.12193
G1 X96.017 Y115.771 E1027.14235
G1 X95.609 Y115.305 E1027.16295
G1 X95.239 Y114.795 E1027.18391
G1 X94.922 Y114.264 E1027.20448
G1 X94.658 Y113.717 E1027.22468
G1 X94.439 Y113.134 E1027.24539
G1 X94.275 Y112.538 E1027.26595
G1 X94.16 Y111.907 E1027.28729
G1 X94.108 Y111.317 E1027.30699
G1 X94.108 Y110.683 E1027.32807
G1 X94.16 Y110.093 E1027.34777
G1 X94.275 Y109.462 E1027.36911
G1 X94.443 Y108.852 E1027.39015
G1 X94.653 Y108.293 E1027.41001
G1 X94.922 Y107.736 E1027.43058
G1 X95.239 Y107.205 E1027.45115
G1 X95.609 Y106.695 E1027.47211
G1 X96.017 Y106.229 E1027.49271
G1 X96.461 Y105.805 E1027.51313
G1 X96.943 Y105.419 E1027.53367
G1 X97.455 Y105.081 E1027.55407
G1 X98.008 Y104.785 E1027.57494
G1 X98.584 Y104.538 E1027.59578
G1 X99.161 Y104.35 E1027.61596
G1 X99.771 Y104.211 E1027.63677
G1 X100.366 Y104.131 E1027.65674
G1 X101.027 Y104.1 E1027.67875
G1 X140.973 Y104.1 E1029.00736
G1 X141.634 Y104.131 E1029.02937
G1 X142.229 Y104.211 E1029.04934
G0 F7200 X142.304 Y103.818
;TYPE:WALL-OUTER
G1 F3000 X142.942 Y103.963 E1029.0711
G1 X143.561 Y104.165 E1029.09275
G1 X144.169 Y104.425 E1029.11475
G1 X144.745 Y104.734 E1029.13649
G1 X145.291 Y105.094 E1029.15824
G1 X145.801 Y105.502 E1029.17996
G1 X146.278 Y105.958 E1029.20191
G1 X146.702 Y106.442 E1029.22331
G1 X147.091 Y106.978 E1029.24534
G1 X147.432 Y107.549 E1029.26746
G1 X147.714 Y108.134 E1029.28906
G1 X147.939 Y108.735 E1029.3104
G1 X148.116 Y109.375 E1029.33249
G1 X148.235 Y110.029 E1029.3546
G1 X148.292 Y110.671 E1029.37604
G1 X148.292 Y111.329 E1029.39792
G1 X148.235 Y111.971 E1029.41936
G1 X148.116 Y112.625 E1029.44147
G1 X147.94 Y113.261 E1029.46342
G1 X147.714 Y113.866 E1029.4849
G1 X147.432 Y114.451 E1029.5065
G1 X147.091 Y115.022 E1029.52862
G1 X146.703 Y115.556 E1029.55057
G1 X146.278 Y116.042 E1029.57204
G1 X145.801 Y116.498 E1029.59399
G1 X145.291 Y116.906 E1029.61572
G1 X144.745 Y117.266 E1029.63747
G1 X144.169 Y117.575 E1029.65921
G1 X143.561 Y117.835 E1029.6812
G1 X142.942 Y118.037 E1029.70286
G1 X142.304 Y118.182 E1029.72462
G1 X141.662 Y118.269 E1029.74617
G1 X140.991 Y118.3 E1029.76851
G1 X101.009 Y118.3 E1031.09832
G1 X100.338 Y118.269 E1031.12066
G1 X99.696 Y118.182 E1031.14221
G1 X99.058 Y118.037 E1031.16397
G1 X98.439 Y117.835 E1031.18562
G1 X97.831 Y117.575 E1031.20762
G1 X97.254 Y117.266 E1031.22939
G1 X96.709 Y116.906 E1031.25111
G1 X96.199 Y116.498 E1031.27283
G1 X95.727 Y116.047 E1031.29455
G1 X95.292 Y115.55 E1031.31651
G1 X94.909 Y115.022 E1031.33821
G1 X94.568 Y114.451 E1031.36033
G1 X94.286 Y113.866 E1031.38193
G1 X94.059 Y113.261 E1031.40342
G1 X93.884 Y112.625 E1031.42536
G1 X93.765 Y111.971 E1031.44747
G1 X93.708 Y111.329 E1031.46891
G1 X93.708 Y110.671 E1031.49079
G1 X93.765 Y110.029 E1031.51223
G1 X93.884 Y109.375 E1031.53434
G1 X94.06 Y108.735 E1031.55642
G1 X94.286 Y108.134 E1031.57777
G1 X94.568 Y107.549 E1031.59937
G1 X94.909 Y106.978 E1031.62149
G1 X95.292 Y106.45 E1031.64319
G1 X95.727 Y105.953 E1031.66515
G1 X96.199 Y105.502 E1031.68687
G1 X96.709 Y105.094 E1031.70859
G1 X97.254 Y104.734 E1031.73032
G1 X97.831 Y104.425 E1031.75208
G1 X98.439 Y104.165 E1031.77408
G1 X99.058 Y103.963 E1031.79574
G1 X99.696 Y103.818 E1031.8175
G1 X100.338 Y103.731 E1031.83904
G1 X101.009 Y103.7 E1031.86139
G1 X140.991 Y103.7 E1033.19119
G1 X141.662 Y103.731 E1033.21353
G1 X142.304 Y103.818 E1033.23508
G0 F7200 X142.499 Y103.862
G0 X142.401 Y104.291
G0 X142.35 Y104.65
;TYPE:SKIN
G1 F1500 X141.679 Y104.545 E1033.25767
G1 X141 Y104.509 E1033.28029
G1 X140.321 Y104.545 E1033.3029
G1 X139.649 Y104.65 E1033.32552
G1 X138.993 Y104.827 E1033.34812
G1 X138.358 Y105.07 E1033.37074
G1 X137.755 Y105.379 E1033.39327
G1 X137.184 Y105.749 E1033.4159
G1 X136.657 Y106.176 E1033.43846
G1 X136.177 Y106.657 E1033.46106
G1 X135.748 Y107.184 E1033.48366
G1 X135.379 Y107.755 E1033.50628
G1 X135.069 Y108.358 E1033.52883
G1 X134.827 Y108.993 E1033.55143
G1 X134.65 Y109.65 E1033.57406
G1 X134.546 Y110.318 E1033.59655
G1 X134.509 Y111 E1033.61926
G1 X134.546 Y111.682 E1033.64198
G1 X134.65 Y112.35 E1033.66447
G1 X134.827 Y113.007 E1033.6871
G1 X135.069 Y113.642 E1033.7097
G1 X135.379 Y114.245 E1033.73225
G1 X135.748 Y114.816 E1033.75486
G1 X136.177 Y115.343 E1033.77746
G1 X136.657 Y115.824 E1033.80006
G1 X137.184 Y116.251 E1033.82262
G1 X137.755 Y116.621 E1033.84525
G1 X138.358 Y116.93 E1033.86779
G1 X138.993 Y117.173 E1033.8904
G1 X139.649 Y117.35 E1033.913
G1 X140.321 Y117.455 E1033.93562
G1 X141 Y117.491 E1033.95824
G1 X141.679 Y117.455 E1033.98085
G1 X142.35 Y117.35 E1034.00344
G1 X143.007 Y117.173 E1034.02607
G1 X143.642 Y116.93 E1034.04869
G1 X144.245 Y116.621 E1034.07122
G1 X144.816 Y116.251 E1034.09385
G1 X145.343 Y115.824 E1034.11641
G1 X145.823 Y115.343 E1034.13902
G1 X146.252 Y114.817 E1034.16159
G1 X146.623 Y114.245 E1034.18427
G1 X146.93 Y113.638 E1034.20689
G1 X147.172 Y113.007 E1034.22937
G1 X147.35 Y112.351 E1034.25198
G1 X147.454 Y111.682 E1034.2745
G1 X147.491 Y111 E1034.29721
G1 X147.454 Y110.318 E1034.31993
G1 X147.35 Y109.649 E1034.34245
G1 X147.172 Y108.993 E1034.36505
G1 X146.93 Y108.362 E1034.38753
G1 X146.623 Y107.755 E1034.41016
G1 X146.252 Y107.183 E1034.43283
G1 X145.823 Y106.657 E1034.45541
G1 X145.343 Y106.176 E1034.47801
G1 X144.816 Y105.749 E1034.50057
G1 X144.245 Y105.379 E1034.5232
G1 X143.642 Y105.07 E1034.54573
G1 X143.007 Y104.827 E1034.56835
G1 X142.35 Y104.65 E1034.59098
G0 F7200 X142.159 Y104.595
G1 F1500 X142.728 Y104.724 E1034.61038
G1 X143.275 Y104.902 E1034.62952
G1 X143.84 Y105.144 E1034.64996
G1 X144.329 Y105.406 E1034.66841
G1 X144.835 Y105.74 E1034.68858
G1 X145.292 Y106.106 E1034.70805
G1 X145.696 Y106.492 E1034.72664
G1 X146.075 Y106.924 E1034.74575
G1 X146.435 Y107.42 E1034.76613
G1 X146.735 Y107.922 E1034.78558
G1 X146.984 Y108.437 E1034.80461
G1 X147.186 Y108.976 E1034.82376
G1 X147.342 Y109.542 E1034.84328
G1 X147.455 Y110.158 E1034.86411
G1 X147.502 Y110.69 E1034.88188
G1 X147.502 Y111.31 E1034.9025
G1 X147.455 Y111.842 E1034.92026
G1 X147.345 Y112.445 E1034.94065
G1 X147.187 Y113.021 E1034.96051
G1 X146.988 Y113.553 E1034.97941
G1 X146.737 Y114.075 E1034.99867
G1 X146.439 Y114.573 E1035.01797
G1 X146.078 Y115.07 E1035.0384
G1 X145.705 Y115.497 E1035.05726
G1 X145.287 Y115.898 E1035.07653
G1 X144.835 Y116.26 E1035.09579
G1 X144.33 Y116.593 E1035.11591
G1 X143.842 Y116.855 E1035.13433
G1 X143.275 Y117.098 E1035.15485
G1 X142.728 Y117.276 E1035.17398
G1 X142.159 Y117.405 E1035.19338
G1 X141.609 Y117.479 E1035.21184
G1 X140.955 Y117.51 E1035.23362
G1 X101.045 Y117.51 E1036.56103
G1 X100.391 Y117.479 E1036.58281
G1 X99.841 Y117.405 E1036.60126
G1 X99.272 Y117.276 E1036.62067
G1 X98.726 Y117.098 E1036.63977
G1 X98.172 Y116.86 E1036.65983
G1 X97.657 Y116.585 E1036.67924
G1 X97.165 Y116.26 E1036.69886
G1 X96.714 Y115.898 E1036.71809
G1 X96.299 Y115.502 E1036.73717
G1 X95.916 Y115.064 E1036.75652
G1 X95.564 Y114.579 E1036.77645
G1 X95.261 Y114.071 E1036.79613
G1 X95.017 Y113.564 E1036.81484
G1 X94.809 Y113.01 E1036.83452
G1 X94.656 Y112.451 E1036.8538
G1 X94.545 Y111.842 E1036.87439
G1 X94.498 Y111.31 E1036.89215
G1 X94.498 Y110.69 E1036.91277
G1 X94.545 Y110.158 E1036.93054
G1 X94.657 Y109.543 E1036.95133
G1 X94.814 Y108.972 E1036.97102
G1 X95.012 Y108.446 E1036.98972
G1 X95.265 Y107.922 E1037.00907
G1 X95.565 Y107.42 E1037.02852
G1 X95.92 Y106.932 E1037.04859
G1 X96.299 Y106.498 E1037.06776
G1 X96.714 Y106.102 E1037.08683
G1 X97.165 Y105.74 E1037.10607
G1 X97.659 Y105.414 E1037.12576
G1 X98.172 Y105.14 E1037.1451
G1 X98.726 Y104.902 E1037.16515
G1 X99.272 Y104.724 E1037.18425
G1 X99.841 Y104.595 E1037.20366
G1 X100.391 Y104.521 E1037.22212
G1 X101.045 Y104.49 E1037.24389
G1 X140.955 Y104.49 E1038.57131
G1 X141.609 Y104.521 E1038.59308
G1 X142.159 Y104.595 E1038.61154
G0 F7200 X138.691 Y104.75
G1 F1500 X138.61 Y104.669 E1038.61535
G0 F7200 X138.281 Y104.905
G1 F1500 X138.044 Y104.669 E1038.62647
G0 F7200 X137.907 Y105.097
G1 F1500 X137.479 Y104.669 E1038.64661
G0 F7200 X136.913 Y104.669
G1 F1500 X137.544 Y105.3 E1038.67629
G0 F7200 X137.201 Y105.522
G1 F1500 X136.347 Y104.669 E1038.71643
G0 F7200 X135.782 Y104.669
G1 F1500 X136.878 Y105.765 E1038.76799
G0 F7200 X136.565 Y106.018
G1 F1500 X135.216 Y104.669 E1038.83144
G0 F7200 X134.65 Y104.669
G1 F1500 X136.279 Y106.298 E1038.90806
G0 F7200 X136.002 Y106.586
G1 F1500 X134.085 Y104.669 E1038.99823
G0 F7200 X133.519 Y104.669
G1 F1500 X135.748 Y106.898 E1039.10308
G0 F7200 X135.508 Y107.224
G1 F1500 X132.953 Y104.669 E1039.22326
G0 F7200 X132.388 Y104.669
G1 F1500 X135.286 Y107.567 E1039.35957
G0 F7200 X135.085 Y107.932
G1 F1500 X131.822 Y104.669 E1039.51305
G0 F7200 X131.256 Y104.669
G1 F1500 X134.894 Y108.307 E1039.68417
G0 F7200 X134.739 Y108.717
G1 F1500 X130.691 Y104.669 E1039.87458
G0 F7200 X130.125 Y104.669
G1 F1500 X134.599 Y109.144 E1040.08504
G0 F7200 X134.479 Y109.589
G1 F1500 X129.559 Y104.669 E1040.31646
G0 F7200 X128.993 Y104.669
G1 F1500 X134.401 Y110.076 E1040.57082
G0 F7200 X134.35 Y110.591
G1 F1500 X128.428 Y104.669 E1040.84937
G0 F7200 X127.862 Y104.669
G1 F1500 X134.336 Y111.143 E1041.15389
G0 F7200 X134.372 Y111.745
G1 F1500 X127.296 Y104.669 E1041.48672
G0 F7200 X126.731 Y104.669
G1 F1500 X134.481 Y112.42 E1041.85128
G1 X134.551 Y112.49
G0 F7200 X134.715 Y113.219
G1 F1500 X126.165 Y104.669 E1042.25345
G0 F7200 X125.599 Y104.669
G1 F1500 X135.177 Y114.247 E1042.70397
G1 X135.247 Y114.317
G0 F7200 X135.431 Y117.329
G1 F1500 X122.771 Y104.669 E1043.29945
G0 F7200 X123.337 Y104.669
G1 F1500 X135.997 Y117.329 E1043.89494
G0 F7200 X136.562 Y117.329
G1 F1500 X123.902 Y104.669 E1044.49043
G0 F7200 X124.468 Y104.669
G1 F1500 X137.128 Y117.329 E1045.08592
G0 F7200 X137.694 Y117.329
G1 F1500 X125.034 Y104.669 E1045.6814
G1 X124.964 Y104.599
G0 F7200 X122.205 Y104.669
G1 F1500 X134.865 Y117.329 E1046.27689
G0 F7200 X134.3 Y117.329
G1 F1500 X121.64 Y104.669 E1046.87238
G0 F7200 X121.074 Y104.669
G1 F1500 X133.734 Y117.329 E1047.46787
G0 F7200 X133.168 Y117.329
G1 F1500 X120.508 Y104.669 E1048.06335
G0 F7200 X119.942 Y104.669
G1 F1500 X132.603 Y117.329 E1048.65886
G0 F7200 X132.037 Y117.329
G1 F1500 X119.377 Y104.669 E1049.25435
G0 F7200 X118.811 Y104.669
G1 F1500 X131.471 Y117.329 E1049.84984
G0 F7200 X130.905 Y117.329
G1 F1500 X118.245 Y104.669 E1050.44533
G0 F7200 X117.68 Y104.669
G1 F1500 X130.34 Y117.329 E1051.04082
G0 F7200 X129.774 Y117.329
G1 F1500 X117.114 Y104.669 E1051.6363
G0 F7200 X116.548 Y104.669
G1 F1500 X129.208 Y117.329 E1052.23179
G0 F7200 X128.643 Y117.329
G1 F1500 X115.983 Y104.669 E1052.82728
G0 F7200 X115.417 Y104.669
G1 F1500 X128.077 Y117.329 E1053.42277
G0 F7200 X127.511 Y117.329
G1 F1500 X114.851 Y104.669 E1054.01825
G0 F7200 X114.286 Y104.669
G1 F1500 X126.946 Y117.329 E1054.61374
G0 F7200 X126.38 Y117.329
G1 F1500 X113.72 Y104.669 E1055.20923
G0 F7200 X113.154 Y104.669
G1 F1500 X125.814 Y117.329 E1055.80472
G0 F7200 X125.249 Y117.329
G1 F1500 X112.589 Y104.669 E1056.4002
G0 F7200 X112.023 Y104.669
G1 F1500 X124.683 Y117.329 E1056.99569
G0 F7200 X124.117 Y117.329
G1 F1500 X111.457 Y104.669 E1057.59118
G0 F7200 X110.892 Y104.669
G1 F1500 X123.552 Y117.329 E1058.18667
G0 F7200 X122.986 Y117.329
G1 F1500 X110.326 Y104.669 E1058.78215
G0 F7200 X109.76 Y104.669
G1 F1500 X122.42 Y117.329 E1059.37764
G0 F7200 X121.855 Y117.329
G1 F1500 X109.194 Y104.669 E1059.97315
G0 F7200 X108.629 Y104.669
G1 F1500 X121.289 Y117.329 E1060.56864
G0 F7200 X120.723 Y117.329
G1 F1500 X108.063 Y104.669 E1061.16413
G0 F7200 X107.497 Y104.669
G1 F1500 X120.157 Y117.329 E1061.75962
G0 F7200 X119.591 Y117.328
G1 F1500 X106.932 Y104.669 E1062.35506
G0 F7200 X106.366 Y104.669
G1 F1500 X119.025 Y117.328 E1062.9505
G0 F7200 X118.46 Y117.328
G1 F1500 X105.8 Y104.669 E1063.54596
G0 F7200 X105.235 Y104.669
G1 F1500 X117.894 Y117.328 E1064.1414
G0 F7200 X117.328 Y117.328
G1 F1500 X104.669 Y104.669 E1064.73684
G0 F7200 X104.103 Y104.669
G1 F1500 X116.763 Y117.328 E1065.33231
G0 F7200 X116.197 Y117.328
G1 F1500 X103.538 Y104.669 E1065.92775
G0 F7200 X102.972 Y104.669
G1 F1500 X115.631 Y117.328 E1066.52319
G0 F7200 X115.066 Y117.328
G1 F1500 X102.406 Y104.669 E1067.11865
G0 F7200 X101.841 Y104.669
G1 F1500 X114.5 Y117.328 E1067.71409
G0 F7200 X113.934 Y117.328
G1 F1500 X101.275 Y104.669 E1068.30953
G0 F7200 X100.725 Y104.685
G1 F1500 X113.369 Y117.328 E1068.90424
G0 F7200 X112.803 Y117.328
G1 F1500 X100.201 Y104.727 E1069.49698
G0 F7200 X99.716 Y104.807
G1 F1500 X112.237 Y117.328 E1070.08593
G0 F7200 X111.671 Y117.328
G1 F1500 X99.26 Y104.916 E1070.66973
G0 F7200 X98.833 Y105.055
G1 F1500 X111.106 Y117.328 E1071.24701
G0 F7200 X110.54 Y117.328
G1 F1500 X98.434 Y105.223 E1071.81642
G0 F7200 X98.053 Y105.406
G1 F1500 X109.974 Y117.328 E1072.37717
G0 F7200 X109.409 Y117.328
G1 F1500 X97.689 Y105.609 E1072.92842
G0 F7200 X97.348 Y105.833
G1 F1500 X108.843 Y117.328 E1073.46911
G0 F7200 X108.277 Y117.328
G1 F1500 X97.028 Y106.079 E1073.99823
G0 F7200 X96.724 Y106.341
G1 F1500 X107.712 Y117.328 E1074.51504
G0 F7200 X107.146 Y117.328
G1 F1500 X96.435 Y106.618 E1075.01883
G0 F7200 X96.17 Y106.918
G1 F1500 X106.58 Y117.328 E1075.50849
G0 F7200 X106.015 Y117.328
G1 F1500 X95.921 Y107.234 E1075.98328
G0 F7200 X95.686 Y107.565
G1 F1500 X105.449 Y117.328 E1076.4425
G0 F7200 X104.883 Y117.328
G1 F1500 X95.474 Y107.92 E1076.88505
G0 F7200 X95.284 Y108.294
G1 F1500 X104.318 Y117.328 E1077.30998
G0 F7200 X103.752 Y117.328
G1 F1500 X95.112 Y108.688 E1077.71638
G0 F7200 X94.963 Y109.105
G1 F1500 X103.186 Y117.328 E1078.10316
G0 F7200 X102.62 Y117.328
G1 F1500 X94.841 Y109.549 E1078.46906
G0 F7200 X94.751 Y110.025
G1 F1500 X102.055 Y117.328 E1078.8126
G0 F7200 X101.489 Y117.328
G1 F1500 X94.692 Y110.531 E1079.13231
G0 F7200 X94.678 Y111.082
G1 F1500 X100.916 Y117.321 E1079.42575
G0 F7200 X100.315 Y117.286
G1 F1500 X94.71 Y111.681 E1079.68939
G0 F7200 X94.822 Y112.358
G1 F1500 X99.636 Y117.172 E1079.91582
G1 X99.706 Y117.242
G0 F7200 X98.844 Y116.946
G1 F1500 X95.057 Y113.159 E1080.09395
G1 X94.987 Y113.089
G0 F7200 X95.571 Y114.238
G1 F1500 X97.777 Y116.444 E1080.19772
G1 X97.847 Y116.514
G0 F7200 X137.751 Y116.821
G1 F1500 X138.259 Y117.329 E1080.22161
;MESH:NONMESH
G0 F600 X138.259 Y117.329 Z5.3
G0 F7200 X136.032 Y114.609
G0 X135.39 Y113.498
G0 X134.993 Y112.277
G0 X134.859 Y111
G0 X134.993 Y109.723
G0 X135.39 Y108.502
G0 X136.032 Y107.391
G0 X136.892 Y106.437
G0 X137.93 Y105.683
G0 X139.102 Y105.16
G0 X140.358 Y104.894
G0 X142.288 Y104.935
G0 X142.268 Y105.032
;TIME_ELAPSED:997.682266
;LAYER:25
;TYPE:WALL-INNER
;MESH:??????????????????6.stl
G1 F3000 X141.638 Y104.933 E1080.24282
G1 X141 Y104.899 E1080.26407
G1 X140.362 Y104.933 E1080.28532
G1 X139.731 Y105.032 E1080.30657
G1 X139.114 Y105.198 E1080.32782
G1 X138.518 Y105.427 E1080.34905
G1 X137.95 Y105.717 E1080.37027
G1 X137.414 Y106.065 E1080.39152
G1 X136.918 Y106.466 E1080.41273
G1 X136.467 Y106.918 E1080.43397
G1 X136.064 Y107.414 E1080.45523
G1 X135.717 Y107.95 E1080.47647
G1 X135.426 Y108.518 E1080.49769
G1 X135.198 Y109.114 E1080.51892
G1 X135.032 Y109.731 E1080.54017
G1 X134.934 Y110.359 E1080.56131
G1 X134.899 Y111 E1080.58266
G1 X134.934 Y111.641 E1080.60401
G1 X135.032 Y112.269 E1080.62515
G1 X135.198 Y112.886 E1080.6464
G1 X135.426 Y113.482 E1080.66763
G1 X135.717 Y114.05 E1080.68885
G1 X136.064 Y114.586 E1080.71009
G1 X136.467 Y115.082 E1080.73135
G1 X136.918 Y115.534 E1080.75258
G1 X137.414 Y115.935 E1080.7738
G1 X137.95 Y116.283 E1080.79505
G1 X138.518 Y116.573 E1080.81626
G1 X139.114 Y116.802 E1080.8375
G1 X139.731 Y116.968 E1080.85875
G1 X140.362 Y117.067 E1080.87999
G1 X141 Y117.101 E1080.90125
G1 X141.638 Y117.067 E1080.9225
G1 X142.268 Y116.968 E1080.94371
G1 X142.886 Y116.802 E1080.96499
G1 X143.482 Y116.573 E1080.98623
G1 X144.05 Y116.283 E1081.00744
G1 X144.586 Y115.935 E1081.02869
G1 X145.082 Y115.534 E1081.04991
G1 X145.533 Y115.082 E1081.07114
G1 X145.936 Y114.587 E1081.09237
G1 X146.284 Y114.05 E1081.11366
G1 X146.573 Y113.48 E1081.13491
G1 X146.801 Y112.886 E1081.15607
G1 X146.968 Y112.269 E1081.17733
G1 X147.066 Y111.641 E1081.19847
G1 X147.101 Y111 E1081.21983
G1 X147.066 Y110.359 E1081.24118
G1 X146.968 Y109.731 E1081.26232
G1 X146.801 Y109.114 E1081.28358
G1 X146.573 Y108.52 E1081.30474
G1 X146.284 Y107.95 E1081.326
G1 X145.936 Y107.413 E1081.34728
G1 X145.533 Y106.918 E1081.36851
G1 X145.082 Y106.466 E1081.38975
G1 X144.586 Y106.065 E1081.41096
G1 X144.05 Y105.717 E1081.43222
G1 X143.482 Y105.427 E1081.45343
G1 X142.886 Y105.198 E1081.47466
G1 X142.268 Y105.032 E1081.49595
G0 F7200 X142.185 Y105.424
;TYPE:WALL-OUTER
G1 F3000 X141.596 Y105.331 E1081.51578
G1 X141 Y105.3 E1081.53563
G1 X140.404 Y105.331 E1081.55548
G1 X139.814 Y105.424 E1081.57534
G1 X139.238 Y105.579 E1081.59518
G1 X138.681 Y105.793 E1081.61503
G1 X138.15 Y106.064 E1081.63486
G1 X137.649 Y106.389 E1081.65472
G1 X137.186 Y106.764 E1081.67454
G1 X136.764 Y107.186 E1081.69439
G1 X136.388 Y107.649 E1081.71423
G1 X136.064 Y108.15 E1081.73407
G1 X135.792 Y108.681 E1081.75391
G1 X135.579 Y109.238 E1081.77375
G1 X135.424 Y109.814 E1081.79359
G1 X135.332 Y110.401 E1081.81335
G1 X135.3 Y111 E1081.8333
G1 X135.332 Y111.599 E1081.85325
G1 X135.424 Y112.186 E1081.87301
G1 X135.579 Y112.762 E1081.89285
G1 X135.792 Y113.319 E1081.91269
G1 X136.064 Y113.85 E1081.93253
G1 X136.388 Y114.351 E1081.95237
G1 X136.764 Y114.814 E1081.97221
G1 X137.186 Y115.236 E1081.99206
G1 X137.649 Y115.611 E1082.01188
G1 X138.15 Y115.936 E1082.03174
G1 X138.681 Y116.207 E1082.05157
G1 X139.238 Y116.421 E1082.07141
G1 X139.814 Y116.576 E1082.09125
G1 X140.404 Y116.669 E1082.11112
G1 X141 Y116.7 E1082.13097
G1 X141.596 Y116.669 E1082.15082
G1 X142.185 Y116.576 E1082.17065
G1 X142.762 Y116.421 E1082.19052
G1 X143.319 Y116.207 E1082.21037
G1 X143.85 Y115.936 E1082.2302
G1 X144.351 Y115.611 E1082.25006
G1 X144.814 Y115.236 E1082.26988
G1 X145.236 Y114.814 E1082.28973
G1 X145.612 Y114.351 E1082.30957
G1 X145.937 Y113.85 E1082.32943
G1 X146.207 Y113.318 E1082.34927
G1 X146.42 Y112.762 E1082.36907
G1 X146.576 Y112.186 E1082.38892
G1 X146.668 Y111.599 E1082.40868
G1 X146.7 Y111 E1082.42863
G1 X146.668 Y110.401 E1082.44859
G1 X146.576 Y109.814 E1082.46835
G1 X146.42 Y109.238 E1082.4882
G1 X146.207 Y108.682 E1082.508
G1 X145.937 Y108.15 E1082.52784
G1 X145.612 Y107.649 E1082.5477
G1 X145.236 Y107.186 E1082.56754
G1 X144.814 Y106.764 E1082.58739
G1 X144.351 Y106.389 E1082.60721
G1 X143.85 Y106.064 E1082.62707
G1 X143.319 Y105.793 E1082.6469
G1 X142.762 Y105.579 E1082.66675
G1 X142.185 Y105.424 E1082.68662
G0 F7200 X141.988 Y105.393
G0 X142.057 Y104.959
G0 X142.229 Y104.211
;TYPE:WALL-INNER
G1 F3000 X142.839 Y104.35 E1082.70743
G1 X143.416 Y104.538 E1082.72761
G1 X144.001 Y104.788 E1082.74877
G1 X144.536 Y105.075 E1082.76896
G1 X145.057 Y105.419 E1082.78973
G1 X145.539 Y105.804 E1082.81024
G1 X145.983 Y106.229 E1082.83069
G1 X146.39 Y106.693 E1082.85122
G1 X146.761 Y107.205 E1082.87225
G1 X147.078 Y107.736 E1082.89281
G1 X147.344 Y108.287 E1082.91316
G1 X147.557 Y108.856 E1082.93337
G1 X147.725 Y109.465 E1082.95438
G1 X147.84 Y110.093 E1082.97562
G1 X147.892 Y110.683 E1082.99532
G1 X147.892 Y111.317 E1083.01641
G1 X147.84 Y111.907 E1083.0361
G1 X147.725 Y112.535 E1083.05734
G1 X147.558 Y113.14 E1083.07821
G1 X147.344 Y113.713 E1083.09856
G1 X147.078 Y114.264 E1083.11891
G1 X146.761 Y114.795 E1083.13948
G1 X146.386 Y115.311 E1083.16069
G1 X145.988 Y115.766 E1083.1808
G1 X145.539 Y116.196 E1083.20148
G1 X145.057 Y116.581 E1083.22199
G1 X144.536 Y116.925 E1083.24276
G1 X144.001 Y117.212 E1083.26295
G1 X143.416 Y117.462 E1083.28411
G1 X142.839 Y117.65 E1083.3043
G1 X142.229 Y117.789 E1083.3251
G1 X141.634 Y117.869 E1083.34507
G1 X140.973 Y117.9 E1083.36708
G1 X101.027 Y117.9 E1084.69569
G1 X100.366 Y117.869 E1084.7177
G1 X99.771 Y117.789 E1084.73767
G1 X99.161 Y117.65 E1084.75848
G1 X98.584 Y117.462 E1084.77866
G1 X98.008 Y117.215 E1084.79951
G1 X97.455 Y116.919 E1084.82037
G1 X96.943 Y116.581 E1084.84077
G1 X96.461 Y116.195 E1084.86131
G1 X96.017 Y115.771 E1084.88173
G1 X95.609 Y115.305 E1084.90233
G1 X95.239 Y114.795 E1084.92329
G1 X94.922 Y114.264 E1084.94386
G1 X94.658 Y113.717 E1084.96406
G1 X94.439 Y113.134 E1084.98477
G1 X94.275 Y112.538 E1085.00533
G1 X94.16 Y111.907 E1085.02666
G1 X94.108 Y111.317 E1085.04636
G1 X94.108 Y110.683 E1085.06745
G1 X94.16 Y110.093 E1085.08715
G1 X94.275 Y109.462 E1085.10848
G1 X94.443 Y108.852 E1085.12953
G1 X94.653 Y108.293 E1085.14939
G1 X94.922 Y107.736 E1085.16996
G1 X95.239 Y107.205 E1085.19053
G1 X95.609 Y106.695 E1085.21149
G1 X96.017 Y106.229 E1085.23209
G1 X96.461 Y105.805 E1085.25251
G1 X96.943 Y105.419 E1085.27305
G1 X97.455 Y105.081 E1085.29345
G1 X98.008 Y104.785 E1085.31431
G1 X98.584 Y104.538 E1085.33516
G1 X99.161 Y104.35 E1085.35534
G1 X99.771 Y104.211 E1085.37615
G1 X100.366 Y104.131 E1085.39612
G1 X101.027 Y104.1 E1085.41813
G1 X140.973 Y104.1 E1086.74674
G1 X141.634 Y104.131 E1086.76875
G1 X142.229 Y104.211 E1086.78871
G0 F7200 X142.304 Y103.818
;TYPE:WALL-OUTER
G1 F3000 X142.942 Y103.963 E1086.81047
G1 X143.561 Y104.165 E1086.83213
G1 X144.169 Y104.425 E1086.85412
G1 X144.745 Y104.734 E1086.87587
G1 X145.291 Y105.094 E1086.89762
G1 X145.801 Y105.502 E1086.91934
G1 X146.278 Y105.958 E1086.94129
G1 X146.702 Y106.442 E1086.96269
G1 X147.091 Y106.978 E1086.98472
G1 X147.432 Y107.549 E1087.00684
G1 X147.714 Y108.134 E1087.02844
G1 X147.939 Y108.735 E1087.04978
G1 X148.116 Y109.375 E1087.07187
G1 X148.235 Y110.029 E1087.09398
G1 X148.292 Y110.671 E1087.11541
G1 X148.292 Y111.329 E1087.1373
G1 X148.235 Y111.971 E1087.15874
G1 X148.116 Y112.625 E1087.18084
G1 X147.94 Y113.261 E1087.20279
G1 X147.714 Y113.866 E1087.22427
G1 X147.432 Y114.451 E1087.24587
G1 X147.091 Y115.022 E1087.26799
G1 X146.703 Y115.556 E1087.28995
G1 X146.278 Y116.042 E1087.31142
G1 X145.801 Y116.498 E1087.33337
G1 X145.291 Y116.906 E1087.35509
G1 X144.745 Y117.266 E1087.37684
G1 X144.169 Y117.575 E1087.39859
G1 X143.561 Y117.835 E1087.42058
G1 X142.942 Y118.037 E1087.44224
G1 X142.304 Y118.182 E1087.464
G1 X141.662 Y118.269 E1087.48554
G1 X140.991 Y118.3 E1087.50789
G1 X101.009 Y118.3 E1088.83769
G1 X100.338 Y118.269 E1088.86003
G1 X99.696 Y118.182 E1088.88158
G1 X99.058 Y118.037 E1088.90334
G1 X98.439 Y117.835 E1088.925
G1 X97.831 Y117.575 E1088.94699
G1 X97.254 Y117.266 E1088.96876
G1 X96.709 Y116.906 E1088.99049
G1 X96.199 Y116.498 E1089.01221
G1 X95.727 Y116.047 E1089.03392
G1 X95.292 Y115.55 E1089.05589
G1 X94.909 Y115.022 E1089.07759
G1 X94.568 Y114.451 E1089.09971
G1 X94.286 Y113.866 E1089.12131
G1 X94.059 Y113.261 E1089.1428
G1 X93.884 Y112.625 E1089.16474
G1 X93.765 Y111.971 E1089.18685
G1 X93.708 Y111.329 E1089.20828
G1 X93.708 Y110.671 E1089.23017
G1 X93.765 Y110.029 E1089.25161
G1 X93.884 Y109.375 E1089.27372
G1 X94.06 Y108.735 E1089.29579
G1 X94.286 Y108.134 E1089.31715
G1 X94.568 Y107.549 E1089.33875
G1 X94.909 Y106.978 E1089.36087
G1 X95.292 Y106.45 E1089.38256
G1 X95.727 Y105.953 E1089.40453
G1 X96.199 Y105.502 E1089.42625
G1 X96.709 Y105.094 E1089.44797
G1 X97.254 Y104.734 E1089.46969
G1 X97.831 Y104.425 E1089.49146
G1 X98.439 Y104.165 E1089.51346
G1 X99.058 Y103.963 E1089.53511
G1 X99.696 Y103.818 E1089.55687
G1 X100.338 Y103.731 E1089.57842
G1 X101.009 Y103.7 E1089.60076
G1 X140.991 Y103.7 E1090.93057
G1 X141.662 Y103.731 E1090.95291
G1 X142.304 Y103.818 E1090.97446
G0 F7200 X142.499 Y103.862
G0 X142.401 Y104.291
G0 X142.35 Y104.65
;TYPE:SKIN
G1 F1500 X141.679 Y104.545 E1090.99705
G1 X141 Y104.509 E1091.01966
G1 X140.321 Y104.545 E1091.04228
G1 X139.649 Y104.65 E1091.0649
G1 X138.993 Y104.827 E1091.0875
G1 X138.358 Y105.07 E1091.11011
G1 X137.755 Y105.379 E1091.13265
G1 X137.184 Y105.749 E1091.15528
G1 X136.657 Y106.176 E1091.17784
G1 X136.177 Y106.657 E1091.20044
G1 X135.748 Y107.184 E1091.22304
G1 X135.379 Y107.755 E1091.24565
G1 X135.069 Y108.358 E1091.2682
G1 X134.827 Y108.993 E1091.29081
G1 X134.65 Y109.65 E1091.31344
G1 X134.546 Y110.318 E1091.33592
G1 X134.509 Y111 E1091.35864
G1 X134.546 Y111.682 E1091.38136
G1 X134.65 Y112.35 E1091.40384
G1 X134.827 Y113.007 E1091.42647
G1 X135.069 Y113.642 E1091.44908
G1 X135.379 Y114.245 E1091.47163
G1 X135.748 Y114.816 E1091.49424
G1 X136.177 Y115.343 E1091.51684
G1 X136.657 Y115.824 E1091.53944
G1 X137.184 Y116.251 E1091.562
G1 X137.755 Y116.621 E1091.58463
G1 X138.358 Y116.93 E1091.60717
G1 X138.993 Y117.173 E1091.62978
G1 X139.649 Y117.35 E1091.65238
G1 X140.321 Y117.455 E1091.675
G1 X141 Y117.491 E1091.69762
G1 X141.679 Y117.455 E1091.72023
G1 X142.35 Y117.35 E1091.74282
G1 X143.007 Y117.173 E1091.76545
G1 X143.642 Y116.93 E1091.78807
G1 X144.245 Y116.621 E1091.8106
G1 X144.816 Y116.251 E1091.83323
G1 X145.343 Y115.824 E1091.85579
G1 X145.823 Y115.343 E1091.87839
G1 X146.252 Y114.817 E1091.90097
G1 X146.623 Y114.245 E1091.92364
G1 X146.93 Y113.638 E1091.94627
G1 X147.172 Y113.007 E1091.96875
G1 X147.35 Y112.351 E1091.99135
G1 X147.454 Y111.682 E1092.01387
G1 X147.491 Y111 E1092.03659
G1 X147.454 Y110.318 E1092.05931
G1 X147.35 Y109.649 E1092.08182
G1 X147.172 Y108.993 E1092.10443
G1 X146.93 Y108.362 E1092.12691
G1 X146.623 Y107.755 E1092.14953
G1 X146.252 Y107.183 E1092.17221
G1 X145.823 Y106.657 E1092.19479
G1 X145.343 Y106.176 E1092.21739
G1 X144.816 Y105.749 E1092.23995
G1 X144.245 Y105.379 E1092.26258
G1 X143.642 Y105.07 E1092.28511
G1 X143.007 Y104.827 E1092.30773
G1 X142.35 Y104.65 E1092.33036
G0 F7200 X142.159 Y104.595
G1 F1500 X142.728 Y104.724 E1092.34976
G1 X143.275 Y104.902 E1092.36889
G1 X143.84 Y105.144 E1092.38934
G1 X144.329 Y105.406 E1092.40779
G1 X144.835 Y105.74 E1092.42795
G1 X145.292 Y106.106 E1092.44743
G1 X145.696 Y106.492 E1092.46601
G1 X146.075 Y106.924 E1092.48513
G1 X146.435 Y107.42 E1092.50551
G1 X146.735 Y107.922 E1092.52496
G1 X146.984 Y108.437 E1092.54399
G1 X147.186 Y108.976 E1092.56313
G1 X147.342 Y109.542 E1092.58266
G1 X147.455 Y110.158 E1092.60349
G1 X147.502 Y110.69 E1092.62125
G1 X147.502 Y111.31 E1092.64187
G1 X147.455 Y111.842 E1092.65964
G1 X147.345 Y112.445 E1092.68002
G1 X147.187 Y113.021 E1092.69989
G1 X146.988 Y113.553 E1092.71878
G1 X146.737 Y114.075 E1092.73805
G1 X146.439 Y114.573 E1092.75735
G1 X146.078 Y115.07 E1092.77778
G1 X145.705 Y115.497 E1092.79664
G1 X145.287 Y115.898 E1092.8159
G1 X144.835 Y116.26 E1092.83516
G1 X144.33 Y116.593 E1092.85528
G1 X143.842 Y116.855 E1092.87371
G1 X143.275 Y117.098 E1092.89422
G1 X142.728 Y117.276 E1092.91336
G1 X142.159 Y117.405 E1092.93276
G1 X141.609 Y117.479 E1092.95122
G1 X140.955 Y117.51 E1092.973
G1 X101.045 Y117.51 E1094.30041
G1 X100.391 Y117.479 E1094.32218
G1 X99.841 Y117.405 E1094.34064
G1 X99.272 Y117.276 E1094.36005
G1 X98.726 Y117.098 E1094.37915
G1 X98.172 Y116.86 E1094.3992
G1 X97.657 Y116.585 E1094.41862
G1 X97.165 Y116.26 E1094.43823
G1 X96.714 Y115.898 E1094.45747
G1 X96.299 Y115.502 E1094.47655
G1 X95.916 Y115.064 E1094.4959
G1 X95.564 Y114.579 E1094.51583
G1 X95.261 Y114.071 E1094.5355
G1 X95.017 Y113.564 E1094.55422
G1 X94.809 Y113.01 E1094.5739
G1 X94.656 Y112.451 E1094.59318
G1 X94.545 Y111.842 E1094.61376
G1 X94.498 Y111.31 E1094.63153
G1 X94.498 Y110.69 E1094.65215
G1 X94.545 Y110.158 E1094.66991
G1 X94.657 Y109.543 E1094.6907
G1 X94.814 Y108.972 E1094.7104
G1 X95.012 Y108.446 E1094.72909
G1 X95.265 Y107.922 E1094.74845
G1 X95.565 Y107.42 E1094.7679
G1 X95.92 Y106.932 E1094.78797
G1 X96.299 Y106.498 E1094.80713
G1 X96.714 Y106.102 E1094.82621
G1 X97.165 Y105.74 E1094.84545
G1 X97.659 Y105.414 E1094.86513
G1 X98.172 Y105.14 E1094.88448
G1 X98.726 Y104.902 E1094.90453
G1 X99.272 Y104.724 E1094.92363
G1 X99.841 Y104.595 E1094.94304
G1 X100.391 Y104.521 E1094.96149
G1 X101.045 Y104.49 E1094.98327
G1 X140.955 Y104.49 E1096.31068
G1 X141.609 Y104.521 E1096.33246
G1 X142.159 Y104.595 E1096.35092
G0 F7200 X139.723 Y104.993
G0 X138.502 Y105.391
G0 X137.391 Y106.033
G0 X136.438 Y106.892
G0 X135.683 Y107.93
G0 X135.16 Y109.102
G0 X134.895 Y110.355
G0 X134.895 Y111.645
G0 X135.16 Y112.898
G0 X135.683 Y114.07
G0 X136.294 Y114.91
G0 X138.509 Y117.18
G1 F1500 X138.359 Y117.33 E1096.35797
G0 F7200 X138.115 Y117.008
G1 F1500 X137.793 Y117.33 E1096.37312
G0 F7200 X137.742 Y116.816
G1 F1500 X137.228 Y117.33 E1096.3973
G0 F7200 X136.662 Y117.33
G1 F1500 X137.392 Y116.599 E1096.43166
G0 F7200 X137.052 Y116.374
G1 F1500 X136.096 Y117.33 E1096.47662
G0 F7200 X135.531 Y117.33
G1 F1500 X136.739 Y116.121 E1096.53347
G0 F7200 X136.436 Y115.859
G1 F1500 X134.965 Y117.33 E1096.60266
G0 F7200 X134.399 Y117.33
G1 F1500 X136.153 Y115.576 E1096.68516
G0 F7200 X135.888 Y115.275
G1 F1500 X133.834 Y117.33 E1096.7818
G0 F7200 X133.268 Y117.33
G1 F1500 X135.635 Y114.963 E1096.89314
G0 F7200 X135.408 Y114.624
G1 F1500 X132.702 Y117.33 E1097.02042
G0 F7200 X132.137 Y117.33
G1 F1500 X135.191 Y114.275 E1097.16409
G0 F7200 X134.999 Y113.902
G1 F1500 X131.571 Y117.33 E1097.32533
G0 F7200 X131.005 Y117.33
G1 F1500 X134.825 Y113.51 E1097.50502
G0 F7200 X134.669 Y113.1
G1 F1500 X130.439 Y117.33 E1097.70398
G0 F7200 X129.874 Y117.33
G1 F1500 X134.546 Y112.658 E1097.92374
G0 F7200 X134.442 Y112.195
G1 F1500 X129.308 Y117.33 E1098.16525
G0 F7200 X128.742 Y117.33
G1 F1500 X134.366 Y111.706 E1098.42979
G0 F7200 X134.336 Y111.17
G1 F1500 X128.177 Y117.33 E1098.71951
G0 F7200 X127.611 Y117.33
G1 F1500 X134.349 Y110.592 E1099.03644
G0 F7200 X134.418 Y109.957
G1 F1500 X127.045 Y117.33 E1099.38325
G0 F7200 X126.48 Y117.33
G1 F1500 X134.574 Y109.235 E1099.76399
G1 X134.644 Y109.165
G0 F7200 X134.867 Y108.376
G1 F1500 X125.914 Y117.33 E1100.18513
G0 F7200 X125.348 Y117.33
G1 F1500 X135.606 Y107.072 E1100.66764
G1 X135.676 Y107.002
G0 F7200 X137.062 Y105.616
G1 F1500 X138.009 Y104.669 E1100.71218
G0 F7200 X138.373 Y104.871
G1 F1500 X138.575 Y104.669 E1100.72168
G0 F7200 X137.443 Y104.669
G1 F1500 X124.783 Y117.33 E1101.31719
G0 F7200 X124.217 Y117.33
G1 F1500 X136.878 Y104.669 E1101.91273
G0 F7200 X136.312 Y104.669
G1 F1500 X123.651 Y117.33 E1102.50826
G0 F7200 X123.086 Y117.33
G1 F1500 X135.746 Y104.669 E1103.10377
G0 F7200 X135.181 Y104.669
G1 F1500 X122.52 Y117.33 E1103.69931
G0 F7200 X121.954 Y117.33
G1 F1500 X134.615 Y104.669 E1104.29484
G0 F7200 X134.049 Y104.669
G1 F1500 X121.389 Y117.33 E1104.89036
G0 F7200 X120.823 Y117.33
G1 F1500 X133.484 Y104.669 E1105.48589
G0 F7200 X132.918 Y104.669
G1 F1500 X120.257 Y117.33 E1106.08142
G0 F7200 X119.692 Y117.329
G1 F1500 X132.352 Y104.669 E1106.67691
G0 F7200 X131.787 Y104.669
G1 F1500 X119.126 Y117.329 E1107.27242
G0 F7200 X118.561 Y117.329
G1 F1500 X131.221 Y104.669 E1107.86791
G0 F7200 X130.655 Y104.669
G1 F1500 X117.995 Y117.329 E1108.4634
G0 F7200 X117.429 Y117.329
G1 F1500 X130.089 Y104.669 E1109.05889
G0 F7200 X129.524 Y104.669
G1 F1500 X116.864 Y117.329 E1109.65437
G0 F7200 X116.298 Y117.329
G1 F1500 X128.958 Y104.669 E1110.24986
G0 F7200 X128.392 Y104.669
G1 F1500 X115.732 Y117.329 E1110.84535
G0 F7200 X115.167 Y117.329
G1 F1500 X127.827 Y104.669 E1111.44084
G0 F7200 X127.261 Y104.669
G1 F1500 X114.601 Y117.329 E1112.03632
G0 F7200 X114.035 Y117.329
G1 F1500 X126.695 Y104.669 E1112.63181
G0 F7200 X126.13 Y104.669
G1 F1500 X113.47 Y117.329 E1113.2273
G0 F7200 X112.904 Y117.329
G1 F1500 X125.564 Y104.669 E1113.82279
G0 F7200 X124.998 Y104.669
G1 F1500 X112.338 Y117.329 E1114.41827
G0 F7200 X111.773 Y117.329
G1 F1500 X124.433 Y104.669 E1115.01376
G0 F7200 X123.867 Y104.669
G1 F1500 X111.207 Y117.329 E1115.60925
G0 F7200 X110.641 Y117.329
G1 F1500 X123.301 Y104.669 E1116.20474
G0 F7200 X122.736 Y104.669
G1 F1500 X110.076 Y117.329 E1116.80022
G0 F7200 X109.51 Y117.329
G1 F1500 X122.17 Y104.669 E1117.39571
G0 F7200 X121.604 Y104.669
G1 F1500 X108.944 Y117.329 E1117.9912
G0 F7200 X108.378 Y117.329
G1 F1500 X121.039 Y104.669 E1118.58671
G0 F7200 X120.473 Y104.669
G1 F1500 X107.813 Y117.329 E1119.1822
G0 F7200 X107.247 Y117.329
G1 F1500 X119.907 Y104.669 E1119.77769
G0 F7200 X119.341 Y104.669
G1 F1500 X106.681 Y117.329 E1120.37317
G0 F7200 X106.116 Y117.329
G1 F1500 X118.776 Y104.669 E1120.96866
G0 F7200 X118.21 Y104.669
G1 F1500 X105.55 Y117.329 E1121.56415
G0 F7200 X104.984 Y117.329
G1 F1500 X117.644 Y104.669 E1122.15964
G0 F7200 X117.079 Y104.669
G1 F1500 X104.419 Y117.329 E1122.75512
G0 F7200 X103.853 Y117.329
G1 F1500 X116.513 Y104.669 E1123.35061
G0 F7200 X115.947 Y104.669
G1 F1500 X103.287 Y117.329 E1123.9461
G0 F7200 X102.722 Y117.329
G1 F1500 X115.382 Y104.669 E1124.54159
G0 F7200 X114.816 Y104.669
G1 F1500 X102.156 Y117.329 E1125.13707
G0 F7200 X101.59 Y117.329
G1 F1500 X114.25 Y104.669 E1125.73256
G0 F7200 X113.685 Y104.669
G1 F1500 X101.026 Y117.328 E1126.328
G0 F7200 X100.486 Y117.302
G1 F1500 X113.119 Y104.669 E1126.92222
G0 F7200 X112.553 Y104.669
G1 F1500 X99.981 Y117.241 E1127.51357
G0 F7200 X99.512 Y117.144
G1 F1500 X111.988 Y104.669 E1128.10038
G0 F7200 X111.422 Y104.669
G1 F1500 X99.071 Y117.02 E1128.68133
G0 F7200 X98.655 Y116.87
G1 F1500 X110.856 Y104.669 E1129.25523
G0 F7200 X110.29 Y104.669
G1 F1500 X98.259 Y116.7 E1129.82113
G0 F7200 X97.889 Y116.505
G1 F1500 X109.725 Y104.669 E1130.37786
G0 F7200 X109.159 Y104.669
G1 F1500 X97.538 Y116.29 E1130.92448
G0 F7200 X97.203 Y116.06
G1 F1500 X108.593 Y104.669 E1131.46025
G0 F7200 X108.028 Y104.669
G1 F1500 X96.889 Y115.807 E1131.98417
G0 F7200 X96.596 Y115.535
G1 F1500 X107.462 Y104.669 E1132.49527
G0 F7200 X106.896 Y104.669
G1 F1500 X96.318 Y115.247 E1132.99283
G0 F7200 X96.054 Y114.946
G1 F1500 X106.331 Y104.669 E1133.47623
G0 F7200 X105.765 Y104.669
G1 F1500 X95.816 Y114.618 E1133.9442
G0 F7200 X95.593 Y114.275
G1 F1500 X105.199 Y104.669 E1134.39604
G0 F7200 X104.634 Y104.669
G1 F1500 X95.387 Y113.916 E1134.83099
G0 F7200 X95.203 Y113.534
G1 F1500 X104.068 Y104.669 E1135.24797
G0 F7200 X103.502 Y104.669
G1 F1500 X95.045 Y113.126 E1135.64576
G0 F7200 X94.91 Y112.695
G1 F1500 X102.937 Y104.669 E1136.0233
G0 F7200 X102.371 Y104.669
G1 F1500 X94.801 Y112.239 E1136.37937
G0 F7200 X94.717 Y111.757
G1 F1500 X101.805 Y104.669 E1136.71277
G0 F7200 X101.24 Y104.669
G1 F1500 X94.678 Y111.231 E1137.02143
G0 F7200 X94.68 Y110.662
G1 F1500 X100.655 Y104.687 E1137.30247
G0 F7200 X100.028 Y104.75
G1 F1500 X94.752 Y110.025 E1137.55061
G0 F7200 X94.909 Y109.302
G1 F1500 X99.313 Y104.898 E1137.75777
G1 X99.383 Y104.828
G0 F7200 X98.415 Y105.23
G1 F1500 X95.221 Y108.424 E1137.908
G1 X95.151 Y108.494
G0 F7200 X96.232 Y106.848
G1 F1500 X96.892 Y106.188 E1137.93905
G1 X96.962 Y106.118
;MESH:NONMESH
G0 F600 X96.962 Y106.118 Z5.5
G0 F7200 X141 Y104.859
G0 X142.288 Y104.935
G0 X142.268 Y105.032
;TIME_ELAPSED:1063.466946
;LAYER:26
;TYPE:WALL-INNER
;MESH:??????????????????6.stl
G1 F3000 X141.638 Y104.933 E1137.96026
G1 X141 Y104.899 E1137.98151
G1 X140.362 Y104.933 E1138.00276
G1 X139.731 Y105.032 E1138.024
G1 X139.114 Y105.198 E1138.04525
G1 X138.518 Y105.427 E1138.06649
G1 X137.95 Y105.717 E1138.0877
G1 X137.414 Y106.065 E1138.10896
G1 X136.918 Y106.466 E1138.13017
G1 X136.467 Y106.918 E1138.15141
G1 X136.064 Y107.414 E1138.17266
G1 X135.717 Y107.95 E1138.1939
G1 X135.426 Y108.518 E1138.21513
G1 X135.198 Y109.114 E1138.23635
G1 X135.032 Y109.731 E1138.2576
G1 X134.934 Y110.359 E1138.27874
G1 X134.899 Y111 E1138.30009
G1 X134.934 Y111.641 E1138.32144
G1 X135.032 Y112.269 E1138.34258
G1 X135.198 Y112.886 E1138.36384
G1 X135.426 Y113.482 E1138.38506
G1 X135.717 Y114.05 E1138.40629
G1 X136.064 Y114.586 E1138.42752
G1 X136.467 Y115.082 E1138.44878
G1 X136.918 Y115.534 E1138.47002
G1 X137.414 Y115.935 E1138.49123
G1 X137.95 Y116.283 E1138.51249
G1 X138.518 Y116.573 E1138.5337
G1 X139.114 Y116.802 E1138.55493
G1 X139.731 Y116.968 E1138.57619
G1 X140.362 Y117.067 E1138.59743
G1 X141 Y117.101 E1138.61868
G1 X141.638 Y117.067 E1138.63993
G1 X142.268 Y116.968 E1138.66114
G1 X142.886 Y116.802 E1138.68242
G1 X143.482 Y116.573 E1138.70366
G1 X144.05 Y116.283 E1138.72487
G1 X144.586 Y115.935 E1138.74613
G1 X145.082 Y115.534 E1138.76734
G1 X145.533 Y115.082 E1138.78858
G1 X145.936 Y114.587 E1138.80981
G1 X146.284 Y114.05 E1138.83109
G1 X146.573 Y113.48 E1138.85235
G1 X146.801 Y112.886 E1138.87351
G1 X146.968 Y112.269 E1138.89477
G1 X147.066 Y111.641 E1138.91591
G1 X147.101 Y111 E1138.93726
G1 X147.066 Y110.359 E1138.95861
G1 X146.968 Y109.731 E1138.97975
G1 X146.801 Y109.114 E1139.00101
G1 X146.573 Y108.52 E1139.02217
G1 X146.284 Y107.95 E1139.04343
G1 X145.936 Y107.413 E1139.06471
G1 X145.533 Y106.918 E1139.08594
G1 X145.082 Y106.466 E1139.10718
G1 X144.586 Y106.065 E1139.12839
G1 X144.05 Y105.717 E1139.14965
G1 X143.482 Y105.427 E1139.17086
G1 X142.886 Y105.198 E1139.1921
G1 X142.268 Y105.032 E1139.21338
G0 F7200 X142.185 Y105.424
;TYPE:WALL-OUTER
G1 F3000 X141.596 Y105.331 E1139.23321
G1 X141 Y105.3 E1139.25306
G1 X140.404 Y105.331 E1139.27291
G1 X139.814 Y105.424 E1139.29278
G1 X139.238 Y105.579 E1139.31262
G1 X138.681 Y105.793 E1139.33246
G1 X138.15 Y106.064 E1139.35229
G1 X137.649 Y106.389 E1139.37216
G1 X137.186 Y106.764 E1139.39197
G1 X136.764 Y107.186 E1139.41182
G1 X136.388 Y107.649 E1139.43166
G1 X136.064 Y108.15 E1139.4515
G1 X135.792 Y108.681 E1139.47135
G1 X135.579 Y109.238 E1139.49118
G1 X135.424 Y109.814 E1139.51102
G1 X135.332 Y110.401 E1139.53078
G1 X135.3 Y111 E1139.55073
G1 X135.332 Y111.599 E1139.57069
G1 X135.424 Y112.186 E1139.59045
G1 X135.579 Y112.762 E1139.61029
G1 X135.792 Y113.319 E1139.63012
G1 X136.064 Y113.85 E1139.64996
G1 X136.388 Y114.351 E1139.66981
G1 X136.764 Y114.814 E1139.68965
G1 X137.186 Y115.236 E1139.7095
G1 X137.649 Y115.611 E1139.72931
G1 X138.15 Y115.936 E1139.74917
G1 X138.681 Y116.207 E1139.769
G1 X139.238 Y116.421 E1139.78885
G1 X139.814 Y116.576 E1139.80869
G1 X140.404 Y116.669 E1139.82855
G1 X141 Y116.7 E1139.8484
G1 X141.596 Y116.669 E1139.86825
G1 X142.185 Y116.576 E1139.88809
G1 X142.762 Y116.421 E1139.90796
G1 X143.319 Y116.207 E1139.9278
G1 X143.85 Y115.936 E1139.94763
G1 X144.351 Y115.611 E1139.9675
G1 X144.814 Y115.236 E1139.98731
G1 X145.236 Y114.814 E1140.00716
G1 X145.612 Y114.351 E1140.027
G1 X145.937 Y113.85 E1140.04686
G1 X146.207 Y113.318 E1140.0667
G1 X146.42 Y112.762 E1140.08651
G1 X146.576 Y112.186 E1140.10636
G1 X146.668 Y111.599 E1140.12612
G1 X146.7 Y111 E1140.14607
G1 X146.668 Y110.401 E1140.16602
G1 X146.576 Y109.814 E1140.18578
G1 X146.42 Y109.238 E1140.20563
G1 X146.207 Y108.682 E1140.22543
G1 X145.937 Y108.15 E1140.24528
G1 X145.612 Y107.649 E1140.26514
G1 X145.236 Y107.186 E1140.28498
G1 X144.814 Y106.764 E1140.30483
G1 X144.351 Y106.389 E1140.32464
G1 X143.85 Y106.064 E1140.34451
G1 X143.319 Y105.793 E1140.36433
G1 X142.762 Y105.579 E1140.38418
G1 X142.185 Y105.424 E1140.40405
G0 F7200 X141.988 Y105.393
G0 X142.057 Y104.959
G0 X142.229 Y104.211
;TYPE:WALL-INNER
G1 F3000 X142.839 Y104.35 E1140.42486
G1 X143.416 Y104.538 E1140.44504
G1 X144.001 Y104.788 E1140.4662
G1 X144.536 Y105.075 E1140.4864
G1 X145.057 Y105.419 E1140.50716
G1 X145.539 Y105.804 E1140.52768
G1 X145.983 Y106.229 E1140.54812
G1 X146.39 Y106.693 E1140.56865
G1 X146.761 Y107.205 E1140.58968
G1 X147.078 Y107.736 E1140.61025
G1 X147.344 Y108.287 E1140.6306
G1 X147.557 Y108.856 E1140.65081
G1 X147.725 Y109.465 E1140.67182
G1 X147.84 Y110.093 E1140.69305
G1 X147.892 Y110.683 E1140.71275
G1 X147.892 Y111.317 E1140.73384
G1 X147.84 Y111.907 E1140.75354
G1 X147.725 Y112.535 E1140.77477
G1 X147.558 Y113.14 E1140.79565
G1 X147.344 Y113.713 E1140.81599
G1 X147.078 Y114.264 E1140.83634
G1 X146.761 Y114.795 E1140.85691
G1 X146.386 Y115.311 E1140.87813
G1 X145.988 Y115.766 E1140.89823
G1 X145.539 Y116.196 E1140.91891
G1 X145.057 Y116.581 E1140.93943
G1 X144.536 Y116.925 E1140.96019
G1 X144.001 Y117.212 E1140.98039
G1 X143.416 Y117.462 E1141.00155
G1 X142.839 Y117.65 E1141.02173
G1 X142.229 Y117.789 E1141.04254
G1 X141.634 Y117.869 E1141.06251
G1 X140.973 Y117.9 E1141.08452
G1 X101.027 Y117.9 E1142.41312
G1 X100.366 Y117.869 E1142.43513
G1 X99.771 Y117.789 E1142.4551
G1 X99.161 Y117.65 E1142.47591
G1 X98.584 Y117.462 E1142.49609
G1 X98.008 Y117.215 E1142.51694
G1 X97.455 Y116.919 E1142.5378
G1 X96.943 Y116.581 E1142.55821
G1 X96.461 Y116.195 E1142.57875
G1 X96.017 Y115.771 E1142.59916
G1 X95.609 Y115.305 E1142.61977
G1 X95.239 Y114.795 E1142.64072
G1 X94.922 Y114.264 E1142.66129
G1 X94.658 Y113.717 E1142.68149
G1 X94.439 Y113.134 E1142.70221
G1 X94.275 Y112.538 E1142.72277
G1 X94.16 Y111.907 E1142.7441
G1 X94.108 Y111.317 E1142.7638
G1 X94.108 Y110.683 E1142.78488
G1 X94.16 Y110.093 E1142.80458
G1 X94.275 Y109.462 E1142.82592
G1 X94.443 Y108.852 E1142.84696
G1 X94.653 Y108.293 E1142.86682
G1 X94.922 Y107.736 E1142.8874
G1 X95.239 Y107.205 E1142.90796
G1 X95.609 Y106.695 E1142.92892
G1 X96.017 Y106.229 E1142.94952
G1 X96.461 Y105.805 E1142.96994
G1 X96.943 Y105.419 E1142.99048
G1 X97.455 Y105.081 E1143.01088
G1 X98.008 Y104.785 E1143.03175
G1 X98.584 Y104.538 E1143.05259
G1 X99.161 Y104.35 E1143.07278
G1 X99.771 Y104.211 E1143.09358
G1 X100.366 Y104.131 E1143.11355
G1 X101.027 Y104.1 E1143.13556
G1 X140.973 Y104.1 E1144.46417
G1 X141.634 Y104.131 E1144.48618
G1 X142.229 Y104.211 E1144.50615
G0 F7200 X142.304 Y103.818
;TYPE:WALL-OUTER
G1 F3000 X142.942 Y103.963 E1144.52791
G1 X143.561 Y104.165 E1144.54957
G1 X144.169 Y104.425 E1144.57156
G1 X144.745 Y104.734 E1144.5933
G1 X145.291 Y105.094 E1144.61505
G1 X145.801 Y105.502 E1144.63677
G1 X146.278 Y105.958 E1144.65872
G1 X146.702 Y106.442 E1144.68012
G1 X147.091 Y106.978 E1144.70215
G1 X147.432 Y107.549 E1144.72427
G1 X147.714 Y108.134 E1144.74587
G1 X147.939 Y108.735 E1144.76722
G1 X148.116 Y109.375 E1144.7893
G1 X148.235 Y110.029 E1144.81141
G1 X148.292 Y110.671 E1144.83285
G1 X148.292 Y111.329 E1144.85473
G1 X148.235 Y111.971 E1144.87617
G1 X148.116 Y112.625 E1144.89828
G1 X147.94 Y113.261 E1144.92023
G1 X147.714 Y113.866 E1144.94171
G1 X147.432 Y114.451 E1144.96331
G1 X147.091 Y115.022 E1144.98543
G1 X146.703 Y115.556 E1145.00738
G1 X146.278 Y116.042 E1145.02886
G1 X145.801 Y116.498 E1145.0508
G1 X145.291 Y116.906 E1145.07253
G1 X144.745 Y117.266 E1145.09428
G1 X144.169 Y117.575 E1145.11602
G1 X143.561 Y117.835 E1145.13801
G1 X142.942 Y118.037 E1145.15967
G1 X142.304 Y118.182 E1145.18143
G1 X141.662 Y118.269 E1145.20298
G1 X140.991 Y118.3 E1145.22532
G1 X101.009 Y118.3 E1146.55513
G1 X100.338 Y118.269 E1146.57747
G1 X99.696 Y118.182 E1146.59902
G1 X99.058 Y118.037 E1146.62078
G1 X98.439 Y117.835 E1146.64243
G1 X97.831 Y117.575 E1146.66443
G1 X97.254 Y117.266 E1146.6862
G1 X96.709 Y116.906 E1146.70792
G1 X96.199 Y116.498 E1146.72964
G1 X95.727 Y116.047 E1146.75136
G1 X95.292 Y115.55 E1146.77333
G1 X94.909 Y115.022 E1146.79502
G1 X94.568 Y114.451 E1146.81714
G1 X94.286 Y113.866 E1146.83874
G1 X94.059 Y113.261 E1146.86023
G1 X93.884 Y112.625 E1146.88217
G1 X93.765 Y111.971 E1146.90428
G1 X93.708 Y111.329 E1146.92572
G1 X93.708 Y110.671 E1146.9476
G1 X93.765 Y110.029 E1146.96904
G1 X93.884 Y109.375 E1146.99115
G1 X94.06 Y108.735 E1147.01323
G1 X94.286 Y108.134 E1147.03458
G1 X94.568 Y107.549 E1147.05618
G1 X94.909 Y106.978 E1147.0783
G1 X95.292 Y106.45 E1147.1
G1 X95.727 Y105.953 E1147.12197
G1 X96.199 Y105.502 E1147.14368
G1 X96.709 Y105.094 E1147.1654
G1 X97.254 Y104.734 E1147.18713
G1 X97.831 Y104.425 E1147.2089
G1 X98.439 Y104.165 E1147.23089
G1 X99.058 Y103.963 E1147.25255
G1 X99.696 Y103.818 E1147.27431
G1 X100.338 Y103.731 E1147.29586
G1 X101.009 Y103.7 E1147.3182
G1 X140.991 Y103.7 E1148.648
G1 X141.662 Y103.731 E1148.67035
G1 X142.304 Y103.818 E1148.69189
G0 F7200 X142.499 Y103.862
G0 X142.401 Y104.291
G0 X142.35 Y104.65
;TYPE:SKIN
G1 F1500 X141.679 Y104.545 E1148.71448
G1 X141 Y104.509 E1148.7371
G1 X140.321 Y104.545 E1148.75971
G1 X139.649 Y104.65 E1148.78234
G1 X138.993 Y104.827 E1148.80493
G1 X138.358 Y105.07 E1148.82755
G1 X137.755 Y105.379 E1148.85008
G1 X137.184 Y105.749 E1148.87271
G1 X136.657 Y106.176 E1148.89527
G1 X136.177 Y106.657 E1148.91787
G1 X135.748 Y107.184 E1148.94048
G1 X135.379 Y107.755 E1148.96309
G1 X135.069 Y108.358 E1148.98564
G1 X134.827 Y108.993 E1149.00824
G1 X134.65 Y109.65 E1149.03087
G1 X134.546 Y110.318 E1149.05336
G1 X134.509 Y111 E1149.07607
G1 X134.546 Y111.682 E1149.09879
G1 X134.65 Y112.35 E1149.12128
G1 X134.827 Y113.007 E1149.14391
G1 X135.069 Y113.642 E1149.16651
G1 X135.379 Y114.245 E1149.18906
G1 X135.748 Y114.816 E1149.21167
G1 X136.177 Y115.343 E1149.23427
G1 X136.657 Y115.824 E1149.25688
G1 X137.184 Y116.251 E1149.27943
G1 X137.755 Y116.621 E1149.30206
G1 X138.358 Y116.93 E1149.3246
G1 X138.993 Y117.173 E1149.34721
G1 X139.649 Y117.35 E1149.36981
G1 X140.321 Y117.455 E1149.39244
G1 X141 Y117.491 E1149.41505
G1 X141.679 Y117.455 E1149.43767
G1 X142.35 Y117.35 E1149.46026
G1 X143.007 Y117.173 E1149.48289
G1 X143.642 Y116.93 E1149.5055
G1 X144.245 Y116.621 E1149.52804
G1 X144.816 Y116.251 E1149.55067
G1 X145.343 Y115.824 E1149.57323
G1 X145.823 Y115.343 E1149.59583
G1 X146.252 Y114.817 E1149.6184
G1 X146.623 Y114.245 E1149.64108
G1 X146.93 Y113.638 E1149.6637
G1 X147.172 Y113.007 E1149.68618
G1 X147.35 Y112.351 E1149.70879
G1 X147.454 Y111.682 E1149.73131
G1 X147.491 Y111 E1149.75402
G1 X147.454 Y110.318 E1149.77674
G1 X147.35 Y109.649 E1149.79926
G1 X147.172 Y108.993 E1149.82187
G1 X146.93 Y108.362 E1149.84434
G1 X146.623 Y107.755 E1149.86697
G1 X146.252 Y107.183 E1149.88964
G1 X145.823 Y106.657 E1149.91222
G1 X145.343 Y106.176 E1149.93482
G1 X144.816 Y105.749 E1149.95738
G1 X144.245 Y105.379 E1149.98001
G1 X143.642 Y105.07 E1150.00255
G1 X143.007 Y104.827 E1150.02516
G1 X142.35 Y104.65 E1150.04779
G0 F7200 X142.159 Y104.595
G1 F1500 X142.728 Y104.724 E1150.0672
G1 X143.275 Y104.902 E1150.08633
G1 X143.84 Y105.144 E1150.10677
G1 X144.329 Y105.406 E1150.12522
G1 X144.835 Y105.74 E1150.14539
G1 X145.292 Y106.106 E1150.16486
G1 X145.696 Y106.492 E1150.18345
G1 X146.075 Y106.924 E1150.20256
G1 X146.435 Y107.42 E1150.22295
G1 X146.735 Y107.922 E1150.2424
G1 X146.984 Y108.437 E1150.26142
G1 X147.186 Y108.976 E1150.28057
G1 X147.342 Y109.542 E1150.30009
G1 X147.455 Y110.158 E1150.32092
G1 X147.502 Y110.69 E1150.33869
G1 X147.502 Y111.31 E1150.35931
G1 X147.455 Y111.842 E1150.37707
G1 X147.345 Y112.445 E1150.39746
G1 X147.187 Y113.021 E1150.41732
G1 X146.988 Y113.553 E1150.43622
G1 X146.737 Y114.075 E1150.45548
G1 X146.439 Y114.573 E1150.47478
G1 X146.078 Y115.07 E1150.49521
G1 X145.705 Y115.497 E1150.51407
G1 X145.287 Y115.898 E1150.53334
G1 X144.835 Y116.26 E1150.5526
G1 X144.33 Y116.593 E1150.57272
G1 X143.842 Y116.855 E1150.59114
G1 X143.275 Y117.098 E1150.61166
G1 X142.728 Y117.276 E1150.63079
G1 X142.159 Y117.405 E1150.6502
G1 X141.609 Y117.479 E1150.66865
G1 X140.955 Y117.51 E1150.69043
G1 X101.045 Y117.51 E1152.01784
G1 X100.391 Y117.479 E1152.03962
G1 X99.841 Y117.405 E1152.05808
G1 X99.272 Y117.276 E1152.07748
G1 X98.726 Y117.098 E1152.09658
G1 X98.172 Y116.86 E1152.11664
G1 X97.657 Y116.585 E1152.13605
G1 X97.165 Y116.26 E1152.15567
G1 X96.714 Y115.898 E1152.1749
G1 X96.299 Y115.502 E1152.19398
G1 X95.916 Y115.064 E1152.21333
G1 X95.564 Y114.579 E1152.23326
G1 X95.261 Y114.071 E1152.25294
G1 X95.017 Y113.564 E1152.27165
G1 X94.809 Y113.01 E1152.29133
G1 X94.656 Y112.451 E1152.31061
G1 X94.545 Y111.842 E1152.3312
G1 X94.498 Y111.31 E1152.34896
G1 X94.498 Y110.69 E1152.36958
G1 X94.545 Y110.158 E1152.38735
G1 X94.657 Y109.543 E1152.40814
G1 X94.814 Y108.972 E1152.42783
G1 X95.012 Y108.446 E1152.44653
G1 X95.265 Y107.922 E1152.46588
G1 X95.565 Y107.42 E1152.48533
G1 X95.92 Y106.932 E1152.5054
G1 X96.299 Y106.498 E1152.52457
G1 X96.714 Y106.102 E1152.54365
G1 X97.165 Y105.74 E1152.56288
G1 X97.659 Y105.414 E1152.58257
G1 X98.172 Y105.14 E1152.60191
G1 X98.726 Y104.902 E1152.62196
G1 X99.272 Y104.724 E1152.64107
G1 X99.841 Y104.595 E1152.66047
G1 X100.391 Y104.521 E1152.67893
G1 X101.045 Y104.49 E1152.70071
G1 X140.955 Y104.49 E1154.02812
G1 X141.609 Y104.521 E1154.04989
G1 X142.159 Y104.595 E1154.06835
G0 F7200 X138.691 Y104.75
G1 F1500 X138.61 Y104.669 E1154.07216
G0 F7200 X138.281 Y104.905
G1 F1500 X138.044 Y104.669 E1154.08329
G0 F7200 X137.907 Y105.097
G1 F1500 X137.479 Y104.669 E1154.10342
G0 F7200 X136.913 Y104.669
G1 F1500 X137.544 Y105.3 E1154.1331
G0 F7200 X137.201 Y105.522
G1 F1500 X136.347 Y104.669 E1154.17324
G0 F7200 X135.782 Y104.669
G1 F1500 X136.878 Y105.765 E1154.2248
G0 F7200 X136.565 Y106.018
G1 F1500 X135.216 Y104.669 E1154.28825
G0 F7200 X134.65 Y104.669
G1 F1500 X136.279 Y106.298 E1154.36487
G0 F7200 X136.002 Y106.586
G1 F1500 X134.085 Y104.669 E1154.45504
G0 F7200 X133.519 Y104.669
G1 F1500 X135.748 Y106.898 E1154.55989
G0 F7200 X135.508 Y107.224
G1 F1500 X132.953 Y104.669 E1154.68007
G0 F7200 X132.388 Y104.669
G1 F1500 X135.286 Y107.567 E1154.81638
G0 F7200 X135.085 Y107.932
G1 F1500 X131.822 Y104.669 E1154.96986
G0 F7200 X131.256 Y104.669
G1 F1500 X134.894 Y108.307 E1155.14098
G0 F7200 X134.739 Y108.717
G1 F1500 X130.691 Y104.669 E1155.33139
G0 F7200 X130.125 Y104.669
G1 F1500 X134.599 Y109.144 E1155.54185
G0 F7200 X134.479 Y109.589
G1 F1500 X129.559 Y104.669 E1155.77328
G0 F7200 X128.993 Y104.669
G1 F1500 X134.401 Y110.076 E1156.02763
G0 F7200 X134.35 Y110.591
G1 F1500 X128.428 Y104.669 E1156.30618
G0 F7200 X127.862 Y104.669
G1 F1500 X134.336 Y111.143 E1156.6107
G0 F7200 X134.372 Y111.745
G1 F1500 X127.296 Y104.669 E1156.94353
G0 F7200 X126.731 Y104.669
G1 F1500 X134.481 Y112.42 E1157.30809
G1 X134.551 Y112.49
G0 F7200 X134.715 Y113.219
G1 F1500 X126.165 Y104.669 E1157.71026
G0 F7200 X125.599 Y104.669
G1 F1500 X135.177 Y114.247 E1158.16078
G1 X135.247 Y114.317
G0 F7200 X135.431 Y117.329
G1 F1500 X122.771 Y104.669 E1158.75626
G0 F7200 X123.337 Y104.669
G1 F1500 X135.997 Y117.329 E1159.35175
G0 F7200 X136.562 Y117.329
G1 F1500 X123.902 Y104.669 E1159.94724
G0 F7200 X124.468 Y104.669
G1 F1500 X137.128 Y117.329 E1160.54273
G0 F7200 X137.694 Y117.329
G1 F1500 X125.034 Y104.669 E1161.13821
G1 X124.964 Y104.599
G0 F7200 X122.205 Y104.669
G1 F1500 X134.865 Y117.329 E1161.7337
G0 F7200 X134.3 Y117.329
G1 F1500 X121.64 Y104.669 E1162.32919
G0 F7200 X121.074 Y104.669
G1 F1500 X133.734 Y117.329 E1162.92468
G0 F7200 X133.168 Y117.329
G1 F1500 X120.508 Y104.669 E1163.52016
G0 F7200 X119.942 Y104.669
G1 F1500 X132.603 Y117.329 E1164.11568
G0 F7200 X132.037 Y117.329
G1 F1500 X119.377 Y104.669 E1164.71116
G0 F7200 X118.811 Y104.669
G1 F1500 X131.471 Y117.329 E1165.30665
G0 F7200 X130.905 Y117.329
G1 F1500 X118.245 Y104.669 E1165.90214
G0 F7200 X117.68 Y104.669
G1 F1500 X130.34 Y117.329 E1166.49763
G0 F7200 X129.774 Y117.329
G1 F1500 X117.114 Y104.669 E1167.09311
G0 F7200 X116.548 Y104.669
G1 F1500 X129.208 Y117.329 E1167.6886
G0 F7200 X128.643 Y117.329
G1 F1500 X115.983 Y104.669 E1168.28409
G0 F7200 X115.417 Y104.669
G1 F1500 X128.077 Y117.329 E1168.87958
G0 F7200 X127.511 Y117.329
G1 F1500 X114.851 Y104.669 E1169.47506
G0 F7200 X114.286 Y104.669
G1 F1500 X126.946 Y117.329 E1170.07055
G0 F7200 X126.38 Y117.329
G1 F1500 X113.72 Y104.669 E1170.66604
G0 F7200 X113.154 Y104.669
G1 F1500 X125.814 Y117.329 E1171.26153
G0 F7200 X125.249 Y117.329
G1 F1500 X112.589 Y104.669 E1171.85701
G0 F7200 X112.023 Y104.669
G1 F1500 X124.683 Y117.329 E1172.4525
G0 F7200 X124.117 Y117.329
G1 F1500 X111.457 Y104.669 E1173.04799
G0 F7200 X110.892 Y104.669
G1 F1500 X123.552 Y117.329 E1173.64348
G0 F7200 X122.986 Y117.329
G1 F1500 X110.326 Y104.669 E1174.23896
G0 F7200 X109.76 Y104.669
G1 F1500 X122.42 Y117.329 E1174.83445
G0 F7200 X121.855 Y117.329
G1 F1500 X109.194 Y104.669 E1175.42996
G0 F7200 X108.629 Y104.669
G1 F1500 X121.289 Y117.329 E1176.02545
G0 F7200 X120.723 Y117.329
G1 F1500 X108.063 Y104.669 E1176.62094
G0 F7200 X107.497 Y104.669
G1 F1500 X120.157 Y117.329 E1177.21643
G0 F7200 X119.591 Y117.328
G1 F1500 X106.932 Y104.669 E1177.81187
G0 F7200 X106.366 Y104.669
G1 F1500 X119.025 Y117.328 E1178.40731
G0 F7200 X118.46 Y117.328
G1 F1500 X105.8 Y104.669 E1179.00277
G0 F7200 X105.235 Y104.669
G1 F1500 X117.894 Y117.328 E1179.59821
G0 F7200 X117.328 Y117.328
G1 F1500 X104.669 Y104.669 E1180.19365
G0 F7200 X104.103 Y104.669
G1 F1500 X116.763 Y117.328 E1180.78912
G0 F7200 X116.197 Y117.328
G1 F1500 X103.538 Y104.669 E1181.38456
G0 F7200 X102.972 Y104.669
G1 F1500 X115.631 Y117.328 E1181.98
G0 F7200 X115.066 Y117.328
G1 F1500 X102.406 Y104.669 E1182.57546
G0 F7200 X101.841 Y104.669
G1 F1500 X114.5 Y117.328 E1183.1709
G0 F7200 X113.934 Y117.328
G1 F1500 X101.275 Y104.669 E1183.76634
G0 F7200 X100.725 Y104.685
G1 F1500 X113.369 Y117.328 E1184.36105
G0 F7200 X112.803 Y117.328
G1 F1500 X100.201 Y104.727 E1184.95379
G0 F7200 X99.716 Y104.807
G1 F1500 X112.237 Y117.328 E1185.54274
G0 F7200 X111.671 Y117.328
G1 F1500 X99.26 Y104.916 E1186.12654
G0 F7200 X98.833 Y105.055
G1 F1500 X111.106 Y117.328 E1186.70382
G0 F7200 X110.54 Y117.328
G1 F1500 X98.434 Y105.223 E1187.27323
G0 F7200 X98.053 Y105.406
G1 F1500 X109.974 Y117.328 E1187.83398
G0 F7200 X109.409 Y117.328
G1 F1500 X97.689 Y105.609 E1188.38523
G0 F7200 X97.348 Y105.833
G1 F1500 X108.843 Y117.328 E1188.92592
G0 F7200 X108.277 Y117.328
G1 F1500 X97.028 Y106.079 E1189.45504
G0 F7200 X96.724 Y106.341
G1 F1500 X107.712 Y117.328 E1189.97186
G0 F7200 X107.146 Y117.328
G1 F1500 X96.435 Y106.618 E1190.47564
G0 F7200 X96.17 Y106.918
G1 F1500 X106.58 Y117.328 E1190.9653
G0 F7200 X106.015 Y117.328
G1 F1500 X95.921 Y107.234 E1191.44009
G0 F7200 X95.686 Y107.565
G1 F1500 X105.449 Y117.328 E1191.89931
G0 F7200 X104.883 Y117.328
G1 F1500 X95.474 Y107.92 E1192.34186
G0 F7200 X95.284 Y108.294
G1 F1500 X104.318 Y117.328 E1192.76679
G0 F7200 X103.752 Y117.328
G1 F1500 X95.112 Y108.688 E1193.17319
G0 F7200 X94.963 Y109.105
G1 F1500 X103.186 Y117.328 E1193.55997
G0 F7200 X102.62 Y117.328
G1 F1500 X94.841 Y109.549 E1193.92587
G0 F7200 X94.751 Y110.025
G1 F1500 X102.055 Y117.328 E1194.26941
G0 F7200 X101.489 Y117.328
G1 F1500 X94.692 Y110.531 E1194.58912
G0 F7200 X94.678 Y111.082
G1 F1500 X100.916 Y117.321 E1194.88256
G0 F7200 X100.315 Y117.286
G1 F1500 X94.71 Y111.681 E1195.1462
G0 F7200 X94.822 Y112.358
G1 F1500 X99.636 Y117.172 E1195.37264
G1 X99.706 Y117.242
G0 F7200 X98.844 Y116.946
G1 F1500 X95.057 Y113.159 E1195.55076
G1 X94.987 Y113.089
G0 F7200 X95.571 Y114.238
G1 F1500 X97.777 Y116.444 E1195.65453
G1 X97.847 Y116.514
G0 F7200 X137.751 Y116.821
G1 F1500 X138.259 Y117.329 E1195.67842
;TIME_ELAPSED:1129.008357
G1 F1500 E1189.17842
M140 S0
M141 S0
M107
M104 S0
M140 S0
;Retract the filament
G92 E1
G1 E-1 F300
G28 X0 Y0
M84
M82 ;absolute extrusion mode
M104 S0
;End of Gcode
;SETTING_3 {"global_quality": "[general]\\nversion = 4\\nname = Draft #2\\ndefin
;SETTING_3 ition = fdmprinter\\n\\n[metadata]\\ntype = quality_changes\\nquality
;SETTING_3 _type = draft\\nsetting_version = 8\\n\\n[values]\\nadhesion_type = n
;SETTING_3 one\\n\\n", "extruder_quality": ["[general]\\nversion = 4\\nname = Dr
;SETTING_3 aft #2\\ndefinition = fdmprinter\\n\\n[metadata]\\ntype = quality_cha
;SETTING_3 nges\\nquality_type = draft\\nsetting_version = 8\\nposition = 0\\n\\
;SETTING_3 n[values]\\nbrim_width = 7.0\\ndefault_material_print_temperature = 1
;SETTING_3 90\\ninfill_sparse_density = 25\\noptimize_wall_printing_order = True
;SETTING_3 \\nspeed_print = 50\\nspeed_wall = 50\\nspeed_wall_0 = 50\\nspeed_wal
;SETTING_3 l_x = 50\\n\\n", "[general]\\nversion = 4\\nname = Draft #2\\ndefinit
;SETTING_3 ion = fdmprinter\\n\\n[metadata]\\ntype = quality_changes\\nquality_t
;SETTING_3 ype = draft\\nsetting_version = 8\\nposition = 1\\n\\n[values]\\n\\n"
;SETTING_3 , "[general]\\nversion = 4\\nname = Draft #2\\ndefinition = fdmprinte
;SETTING_3 r\\n\\n[metadata]\\ntype = quality_changes\\nquality_type = draft\\ns
;SETTING_3 etting_version = 8\\nposition = 2\\n\\n[values]\\n\\n", "[general]\\n
;SETTING_3 version = 4\\nname = Draft #2\\ndefinition = fdmprinter\\n\\n[metadat
;SETTING_3 a]\\ntype = quality_changes\\nquality_type = draft\\nsetting_version 
;SETTING_3 = 8\\nposition = 3\\n\\n[values]\\n\\n", "[general]\\nversion = 4\\nn
;SETTING_3 ame = Draft #2\\ndefinition = fdmprinter\\n\\n[metadata]\\ntype = qua
;SETTING_3 lity_changes\\nquality_type = draft\\nsetting_version = 8\\nposition 
;SETTING_3 = 4\\n\\n[values]\\n\\n", "[general]\\nversion = 4\\nname = Draft #2\
;SETTING_3 \ndefinition = fdmprinter\\n\\n[metadata]\\ntype = quality_changes\\n
;SETTING_3 quality_type = draft\\nsetting_version = 8\\nposition = 5\\n\\n[value
;SETTING_3 s]\\n\\n", "[general]\\nversion = 4\\nname = Draft #2\\ndefinition = 
;SETTING_3 fdmprinter\\n\\n[metadata]\\ntype = quality_changes\\nquality_type = 
;SETTING_3 draft\\nsetting_version = 8\\nposition = 6\\n\\n[values]\\n\\n", "[ge
;SETTING_3 neral]\\nversion = 4\\nname = Draft #2\\ndefinition = fdmprinter\\n\\
;SETTING_3 n[metadata]\\ntype = quality_changes\\nquality_type = draft\\nsetting
;SETTING_3 _version = 8\\nposition = 7\\n\\n[values]\\n\\n"]}
